Date,Close,High,Low,Open,Volume,RSI_14,STO_K,STO_D,OBV,ATR_14,SMA_50,SMA_200,MACD,Volatility_Ratio,Regime_Flag,Target_Return,Sentiment,Returns,Vol_Change,Close_z,RSI_14_z,STO_K_z,MACD_z,ATR_14_z,Volatility_Ratio_z,OBV_z,SMA_200_z,Returns_z,Vol_Change_z
2019-10-31,40129.05078125,40392.21875,40054.890625,40211.98828125,87900,69.20278092983808,90.08547234951834,94.0365770848898,87310200,523.0422558201125,37911.1740625,37876.0290234375,531.3122819548444,1.3034005181714892,0.0,0.00089661898424,0.0,0.0019269933062389,1.3629032258064515,1.7174509470701471,1.579291737839783,0.8795931610689836,1.5206451772393397,-0.9359784134822434,-1.3626704350734058,1.9768858133817089,5.294651389216606,-0.0378417279989225,0.5152929950145538
2019-11-01,40165.03125,40283.30078125,40014.23046875,40196.0703125,57000,69.4961822373132,91.44099199726864,92.31866202427376,87367200,504.9014027258187,37968.2440625,37897.39658203125,564.974554187691,1.2570671228491044,0.0,0.0034091766703156,0.0,0.00089661898424,-0.3515358361774744,1.6238754707750336,1.4942873276169917,0.8759093322061325,1.581053737464153,-1.3162905516285337,-1.6735384320213498,2.2426710004868453,3.679879237894266,-0.1312374858390348,-0.4132115575833011
2019-11-04,40301.9609375,40483.2109375,40186.2890625,40293.8515625,62600,70.6424493815655,92.50128884098044,91.34258439592249,87429800,491.5641373525459,38027.27671875,37921.33783203125,595.8328387953225,1.219702778519537,0.0,-0.0013331973804779,0.0,0.0034091766703157,0.0982456140350878,1.680683516757386,1.5612071450208318,0.8941043893393088,1.64914753140949,-1.5587625846458435,-1.822878474995033,2.4148534259318573,2.951572016377664,-9.71118824588185e-05,-0.1711372570408169
2019-11-05,40248.23046875,40466.55078125,40053.55078125,40445.671875,45400,69.53821095650218,89.53289078744747,91.15839054189884,87384400,485.9524132559355,38084.1915625,37944.1034765625,608.9332484446713,1.207388269238928,0.0,0.0055046092379643,0.0,-0.0013331973804779,-0.2747603833865815,1.568461499603471,1.3692259039677803,0.7416562247811987,1.665964303817204,-1.690834564832692,-1.8267606810604784,1.8735200192029449,2.509280660435599,-0.3451071691272012,-0.362926563789684
2019-11-06,40469.78125,40606.91015625,40037.53125,40311.8515625,37700,71.5153845731694,93.7390873210499,91.9244223164926,87422100,491.9114484697972,38147.026953125,37967.20158203125,629.931258515302,1.2155031069504414,0.0,0.0045455405383492,0.0,0.0055046092379642,-0.1696035242290748,1.8472603535476613,1.67202721671793,1.0006712377778526,1.809132646010746,-1.5978597729417268,-1.6843826444136492,1.936677871161992,2.2016827420911502,0.1227597562916502,-0.2981886361674317
2019-11-07,40653.73828125,40688.26953125,40421.0703125,40625.640625,30200,73.07790615279718,98.37945352386365,93.88381054412032,87452300,475.8605749183831,38218.894296875,37990.565625,653.8786220775801,1.1705210763799692,0.0,-0.0081205055231602,0.0,0.0045455405383492,-0.1989389920424403,1.8768487164859395,1.731912240327789,1.223313403287547,1.937939582166627,-1.7247372264764225,-1.781735479682066,1.944233548766632,1.9701277477183337,0.247674239317299,-0.2938115783282797
2019-11-08,40323.609375,40749.328125,40263.94140625,40630.55859375,42600,66.07315731339759,79.0395633434689,90.3860347294608,87409700,476.5410137634986,38295.907890625,38011.11912109375,638.8541238334656,1.1817915636762082,0.0,0.0005324114168537,0.0,-0.0081205055231602,0.4105960264900663,1.3982906029467512,0.7422044510749021,0.1094344652016076,1.742748422027815,-1.6109635101970303,-1.5958796732138187,1.5564990196626027,1.7862994468874478,-1.1615793117955016,0.0103921190018901
2019-11-11,40345.078125,40417.44140625,40150.96875,40316.5,29500,66.2993883289846,80.09658602445231,85.83853429726162,87439200,461.53613108396297,38368.78625,38032.31201171875,621.5150112623451,1.1439713405783942,0.0,-0.0056765172331662,0.0,0.0005324114168536,-0.3075117370892019,1.3317418533710077,0.7653127290647619,0.1936250759039959,1.5126411262642308,-1.739377045842152,-1.6736034737928038,1.6187125705461212,1.634965850417707,-0.0689966934008068,-0.9571666130438228
2019-11-13,40116.05859375,40447.171875,40061.23046875,40346.4296875,37700,61.58188591588458,68.82071579821945,75.98562172204689,87401500,456.13650788153706,38421.225,38052.84310546875,582.5780799885324,1.1370421817875254,0.0,0.0042482208116664,0.0,-0.0056765172331662,0.2779661016949153,1.0174401395347372,0.0995458831223148,-0.4663719394742338,1.180849536080464,-1.702325327504034,-1.5899564203000776,1.31641138770666,1.5067627041734193,-0.9238163903648304,0.576473060918012
2019-11-14,40286.48046875,40348.609375,40026.98828125,40178.9296875,27800,63.6543750000881,77.2115064688788,75.37626943051684,87429300,446.5282640149987,38474.12921875,38075.00771484375,559.0277782214325,1.108382412212375,0.0,0.0017427915440382,0.0,0.0042482208116665,-0.2625994694960212,1.126529299839847,0.3814982878525362,0.0537053198954592,0.9713099121401012,-1.73145361994052,-1.6187175846207031,1.3897504861361147,1.395834606038935,0.4228232196354121,-0.8172919048148933
2019-11-15,40356.69140625,40650.05859375,40308.08984375,40408.19921875,25800,64.50394738173935,80.66837067339037,75.5668643134962,87455100,440.6032540853559,38532.22625,38095.19953125,539.8068726691927,1.0917724886067348,0.0,-0.0017964802731269,0.0,0.0017427915440382,-0.0719424460431654,1.123267264385047,0.4792929523444634,0.2643284577007263,0.8090933690653888,-1.6858392141878105,-1.57658160802643,1.4286871241340064,1.297945507728481,0.0578420036301507,-0.2930819155715022
2019-11-18,40284.19140625,40542.3984375,40221.96875,40431.078125,28700,62.86973758442127,68.89148398659258,75.59045370962058,87426400,432.0194279006876,38596.531484375,38115.01404296875,512.8126375764696,1.072429190756106,0.0,0.0046049779336322,0.0,-0.0017964802731269,0.1124031007751937,0.9837528579605416,0.2344748948138944,-0.4246178669109166,0.6156458232113184,-1.6785251044533562,-1.549753868067245,1.1961905809085684,1.2103263911979576,-0.4373947436751452,0.2059036353579965
2019-11-19,40469.69921875,40544.12890625,40290.2109375,40455.359375,39100,65.29272373146792,70.38515637928181,73.31500367975491,87465500,419.7278616220671,38659.2696875,38135.4921484375,500.6176334431293,1.0371410455840575,0.0,0.004495743970484,0.0,0.0046049779336323,0.362369337979094,1.0937447299278036,0.5268959141523508,-0.3426863165048364,0.5141199235826349,-1.7448886098239589,-1.6169860984738451,1.2989210301968843,1.1309352090028144,0.3913610450343556,0.8997432479740185
2019-11-20,40651.640625,40816.37890625,40575.9609375,40729.80078125,32300,67.5306729439084,79.46286827367908,72.9131695465178,87497800,414.5101348990623,38741.044296875,38156.8173046875,499.87194314272347,1.019663975490687,0.0,-0.0018810741417647,0.0,0.004495743970484,-0.1739130434782608,1.1951264438174003,0.7836333634563238,0.1687688833406568,0.4771862137006176,-1.6901745011779918,-1.5869978740875597,1.3580336838997296,1.0581988091699814,0.3352525114090148,-0.5516448250981072
2019-11-21,40575.171875,40744.8515625,40534.12109375,40737.30859375,21800,65.61564882265156,69.92987582176771,73.25930015824287,87476000,399.9544444598436,38818.05296875,38176.798359375,487.4910952647115,0.9857122619023868,0.0,-0.0053175799085878,0.0,-0.0018810741417647,-0.3250773993808049,1.0634226016013102,0.4603388915242093,-0.4781672525223879,0.3638021235877811,-1.782822743410034,-1.654042008997786,1.1725298715769084,0.990786117761928,-0.6768292576762618,-0.9282855349154704
2019-11-22,40359.41015625,40653.171875,40276.828125,40653.171875,21700,60.4101961488989,42.111201282634944,63.83464845936057,87454300,398.26796628414047,38892.352734375,38196.37220703125,455.02378565641993,0.9868032380608646,0.0,0.0131275534119259,0.0,-0.0053175799085878,-0.0045871559633027,0.7974452180631507,-0.4394253381571325,-2.226566791787326,0.1191745624470616,-1.6818812857606704,-1.5517219884025129,1.0052736555626145,0.9277748803130648,-1.189358977989441,-0.0946197991299232
2019-11-25,40889.23046875,40931.7109375,40393.8984375,40439.66015625,28600,67.27554215095867,95.30458660932864,69.11522123791043,87482900,410.6988816388448,38970.501953125,38220.276015625,466.6658468105306,1.0044182219392108,0.0,-0.0016613100007327,0.0,0.0131275534119259,0.3179723502304148,1.3192148247422486,0.6650710304976393,1.0640209887886212,0.1433422191916555,-1.416651127331404,-1.3905847817090156,1.0887833137914371,0.8686051563650392,1.7327076043347147,0.7304147363423116
2019-11-26,40821.30078125,41120.28125,40710.19921875,41022.8515625,32800,65.7023715519704,72.65321580803408,70.02300123333255,87450100,410.6548208967844,39044.018984375,38243.40701171875,465.0500980359938,1.0059817130702653,0.0,0.0048824655249973,0.0,-0.0016613100007327,0.1468531468531468,1.20165367920973,0.3324587144435358,-0.4119884579026523,0.0742663792770269,-1.3420800736307952,-1.3174914625575116,0.8669697208314623,0.8123552327193564,-0.6959673013516606,0.2405026020352965
2019-11-27,41020.609375,41075.76171875,40848.69921875,40979.390625,32400,68.0621710135581,90.88333339288202,86.28037860341492,87482500,399.4981149398712,39119.014765625,38268.38236328125,474.38374282191216,0.9738961000987598,0.0,0.0026709135156527,0.0,0.0048824655249972,-0.0121951219512195,1.3953213450091604,0.7480113491327484,0.7238340986387319,0.0748957625626831,-1.4477615192761444,-1.4320118180862045,0.996550294210224,0.7585894896931203,0.4062171393554667,-0.1505043374840048
2019-11-28,41130.171875,41163.7890625,40996.078125,41161.5390625,30900,69.31213713738029,97.04282508822388,86.85979142971331,87513400,382.9418879798805,39199.532578125,38295.7497265625,485.03037343399774,0.9310485964991616,0.0,-0.0081780178860485,0.0,0.0026709135156528,-0.0462962962962962,1.4914596875423167,0.9779233038251076,1.1391675252116926,0.0848575796540929,-1.6266621973309647,-1.5997244840246556,1.1230710332842024,0.7068305658485636,0.0334909527193187,-0.2687909859074757
2019-11-29,40793.80859375,41143.21875,40664.1796875,41138.26171875,46700,61.37092412977327,67.45423869755103,85.1267990595523,87466700,389.8059718741747,39267.708984375,38321.75626953125,461.0119405268342,0.9555517989411184,0.0,0.0002050134944076,0.0,-0.0081780178860485,0.5113268608414239,0.9931529797280692,-0.9113108483850412,-1.1532875092411603,-0.201978162999213,-1.4312906733276087,-1.386504134824064,0.7910904886097829,0.6564130510980586,-1.6352695428208612,1.2002643801843569
2019-12-02,40802.171875,41093.98828125,40707.62890625,41072.94140625,39800,61.48906886671662,68.18992443844259,77.56232940807249,87506500,389.5597863831623,39341.28625,38347.81087890625,437.6075389981197,0.9547525743889392,0.0,-0.0031057821293979,0.0,0.0002050134944076,-0.1477516059957173,0.970943323220513,-0.961089380062942,-1.0974513398631274,-0.5316144520554933,-1.3487187599397292,-1.3151874929998515,1.0001452157099124,0.6069567006482465,-0.2687475414723156,-0.5707625212876754
2019-12-03,40675.44921875,40885.03125,40554.0390625,40852.609375,33700,58.56619983970359,57.04261891753516,64.22892735117625,87472800,385.3763864629364,39425.1734375,38369.90466796875,404.1748468289297,0.9474422381678108,0.0,0.0042984121161077,0.0,-0.0031057821293979,-0.1532663316582915,0.7223639172384247,-1.6187593052095384,-1.7896658870794884,-0.9822890843041886,-1.3398251991306032,-1.287628560553437,0.7219067003203149,0.5577576702587015,-0.7505857334258373,-0.5353127831622245
2019-12-04,40850.2890625,40886.87109375,40475.828125,40606.01171875,44500,61.29956768117098,66.71339576783656,63.9819797079381,87517300,387.2097137691552,39510.901640625,38391.80896484375,387.3224989404917,0.9478750889050828,0.0,-0.001730690782673,0.0,0.0042984121161078,0.3204747774480712,0.9526659964790376,-0.9215574384155132,-0.9994822610888392,-1.22467066501747,-1.231703863708122,-1.212334394787074,0.985013671404652,0.5084993690363336,0.5046252131795602,0.7691912049590358
2019-12-05,40779.58984375,41002.41015625,40720.171875,40988.140625,33000,59.58774355890056,59.206738944696525,60.98758454335607,87484300,379.7117543035012,39604.6240625,38412.79322265625,364.0653371453736,0.9311318621849674,0.0,-0.0082011959299109,0.0,-0.001730690782673,-0.2584269662921348,0.797133121134304,-1.3481388277759556,-1.4620821906572503,-1.5105927938671917,-1.287658169576147,-1.2527649811958756,0.7009117796033785,0.458498876938346,-0.576909845432626,-0.8136297957805744
2019-12-06,40445.1484375,40952.12890625,40337.53125,40952.12890625,33100,52.16639745727729,18.977195655812068,48.29911012278171,87451200,396.4893187282511,39653.234609375,38431.934921875,315.0159348170564,0.9803136693661716,0.0,0.0010453973253513,0.0,-0.0082011959299109,0.0030303030303029,0.1006670247477232,-2.725985352897567,-3.3026916446879246,-1.98837069084336,-0.9234457311257634,-0.8689546485536783,0.376723281677996,0.4068458421468806,-1.5823583736577669,-0.1016864794543079
2019-12-09,40487.4296875,40645.62890625,40336.55859375,40527.23828125,32600,52.96396759944334,23.744175599615964,33.97603673337485,87483800,390.2451039976617,39681.182578125,38449.49591796875,276.3698539636316,0.9638673213136696,0.0,-0.0061142627022932,0.0,0.0010453973253512,-0.0151057401812688,0.103342391962224,-2.31641134256134,-2.5623161719558416,-2.2432918908774084,-0.97768552072758,-0.927590219181962,0.6527016083669409,0.3523109097581225,-0.0342250074353568,-0.1625195054778732
2019-12-10,40239.87890625,40588.80859375,40208.69921875,40588.80859375,31400,47.92544598275535,3.264581620675411,15.328650958701138,87452400,389.5211233549716,39704.03734375,38465.83986328125,223.1944308139209,0.9679977523353624,0.0,0.0042915488551129,0.0,-0.0061142627022932,-0.0368098159509202,-0.7914554772455331,-2.7957571039883566,-2.892704825960765,-2.498401672984768,-0.9344106799953832,-0.8484912795414011,0.2519910457110858,0.2928882880726713,-1.1748181344703994,-0.1919583336898525
2019-12-11,40412.5703125,40466.12890625,40135.37109375,40285.19921875,55500,51.39888707180106,26.953945494255056,17.987567571515466,87507900,385.32374400818793,39740.418359375,38485.1703125,192.76520085828813,0.9534749733278004,0.0,0.0041853468782628,0.0,0.0042915488551129,0.7675159235668789,-0.322816504627112,-1.96921090267711,-1.7409591525952297,-2.4260943930169443,-0.982482480686423,-0.9255224877403696,1.0342908910849251,0.2256363254560116,0.7639972088781919,1.920659397770732
2019-12-12,40581.7109375,40712.6484375,40490.69140625,40561.33984375,41300,54.593472846769735,43.40062672110911,24.539717945346517,87549200,379.2347712218888,39772.2578125,38506.1037109375,180.2205810827072,0.9344967534906286,0.0,0.0105466228533135,0.0,0.0041853468782628,-0.2558558558558559,0.2189639205532154,-1.3545155572037704,-1.013528168963982,-2.22082749712546,-1.0791568675999583,-1.0498115326354087,1.9264033263191032,1.6052080495734555,0.7578390791787858,-0.8349814402677351
2019-12-13,41009.7109375,41055.80078125,40736.69921875,40754.8203125,27900,61.49123818054765,85.01794701357896,51.79083974298103,87577100,386.01013354532535,39816.000625,38530.38416015625,202.4808296222618,0.941265189929322,0.0,-0.001731106751964,0.0,0.0105466228533135,-0.324455205811138,1.662989005871878,-0.2449384163285225,0.6592843201129613,-1.8498826647644315,-0.8892479986508273,-0.9563569419008928,2.464972848946741,1.6207149144110746,1.865484124794238,-1.136403014866438
2019-12-16,40938.71875,41185.03125,40917.9296875,41168.8515625,21600,59.86671093305791,76.53407166754121,68.31754846740976,87555500,377.516664184945,39861.4284375,38555.69666015625,211.95052700085944,0.9221506576459356,0.0,0.0100993176539019,0.0,-0.001731106751964,-0.2258064516129032,1.3175397513163092,-0.4574745266064071,0.3429924289665699,-1.631331474989675,-1.0570371821086937,-1.0978826335679497,1.891046468234302,1.6395015632278316,-0.4511140656949852,-0.8162428572979425
2019-12-17,41352.171875,41401.6484375,41005.1796875,41052.359375,19000,65.57141747080448,96.09275466040653,85.88159111384222,87574500,383.6175944217347,39922.363671875,38583.4127734375,249.936430622256,0.9276842715331616,0.0,0.0049912357233352,0.0,0.0100993176539019,-0.1203703703703703,2.438387890523352,0.4957418142448627,1.1279774976702506,-1.2749669180396066,-0.850834631791217,-0.9943329738626584,2.0596507662071915,1.666230088687579,1.6674974738020287,-0.4121963814934959
2019-12-18,41558.5703125,41614.76953125,41358.46875,41442.75,24300,68.01558921681081,96.2012114298992,89.60934591928229,87598800,374.9733131237536,39991.39765625,38613.71341796875,293.3140204325028,0.9022767393202864,0.0,0.0027756383733274,0.0,0.0049912357233352,0.2789473684210526,2.6455630444373086,0.9137058359079832,1.1131309810040857,-0.9155825474678706,-1.0473817486921877,-1.2191453877233769,2.3185262264698463,1.7003646409249231,0.7019941881115073,0.950882526036091
2019-12-19,41673.921875,41719.2890625,41456.3984375,41571.8203125,33300,69.32622367823191,97.13576154857292,96.4765758796262,87632100,366.9674068291998,40071.409921875,38645.31998046875,333.1585357204968,0.8805684474091743,0.0,0.0001827806733152,0.0,0.0027756383733275,0.3703703703703704,2.530877000285539,1.1623630489920875,1.1403000814293915,-0.5894765281473494,-1.2660104875620797,-1.4348902348118913,2.552862769177613,1.7341946059090056,0.3233861936180803,1.1917038281580947
2019-12-20,41681.5390625,41809.9609375,41636.109375,41746.19921875,33600,69.41534930581851,92.33114451999674,95.22270583282295,87665700,353.17341794854264,40154.40109375,38674.9463671875,361.1867089721127,0.8473137650195007,0.0,-0.0009327608126874,0.0,0.0001827806733152,0.0090090090090089,2.232779802194135,1.2380445579703565,0.9652787003895036,-0.3372346215078735,-1.6558785221846273,-1.753455767022977,2.6416465495609933,1.7523895341648383,-0.1213422026557032,-0.103896362184434
2019-12-23,41642.66015625,41701.62109375,41474.609375,41548.26171875,6200,68.32412628978176,90.00944727603542,93.15878444820169,87659500,344.1618680057896,40223.6953125,38703.66791015625,375.9285649074591,0.8264646559908483,0.0,-0.0043560722782685,0.0,-0.0009327608126874,-0.8154761904761905,1.929739558043932,1.0232697273304108,0.8487889131015168,-0.1701339547872762,-1.918645184399944,-1.949657680830016,2.2585987169604054,1.7625175137476037,-0.3868750532879638,-2.6002522960269765
2019-12-24,41461.26171875,41702.98046875,41423.0703125,41684.51171875,4400,63.322403892207504,79.17703728758208,87.17254302787141,87655100,339.5724600232332,40295.312578125,38731.61681640625,368.72383519972936,0.8190113999103614,0.0,-0.0071753725686901,0.0,-0.0043560722782686,-0.2903225806451612,1.4145696259545462,0.1802875121079802,0.4182754851472479,-0.1702822195649432,-1.9902330312777536,-1.9460786575474116,1.9713906859834112,1.7660658839404917,-0.9937135513469694,-0.923788408086364
2019-12-26,41163.76171875,41543.80078125,41132.890625,41543.80078125,5600,56.07248109192111,61.411493019512704,76.86599252771006,87649500,344.66800975371655,40356.04625,38756.36873046875,335.1449291871395,0.8373093113031045,0.0,0.0099937150802866,0.0,-0.00717537256869,0.2727272727272727,0.7143053257184722,-1.026439752470382,-0.2803079014956148,-0.4027216995532952,-1.745942893887045,-1.6531681724556673,1.7533670576265137,1.7540338405327065,-1.4950182037468187,0.8816638724379948
2019-12-27,41575.140625,41611.26953125,41264.921875,41297.078125,6100,62.47104098002358,85.97744317055249,75.52199115921574,87655600,352.0137099498797,40423.2596875,38784.37587890625,337.83390498424706,0.8466927703864613,0.0,-0.0004122806259299,0.0,0.0099937150802866,0.0892857142857141,1.5223996423255286,0.0700037046320371,0.6825921646742391,-0.3279817727826414,-1.4181984344468597,-1.4705311741867415,1.68894042820353,1.7555828286623945,1.5927309362973407,0.2587968095901238
2019-12-30,41558.0,41714.73046875,41453.37890625,41686.26953125,5700,62.06537901094176,84.95387163367896,77.4476026079147,87649900,345.53784227488825,40484.297890625,38812.63873046875,334.72335006763024,0.8314592672286643,0.0,-0.0073213753970354,0.0,-0.0004122806259299,-0.0655737704918032,1.3819921579133996,0.014745248240894,0.6343508869715803,-0.3062742395336028,-1.624067305645964,-1.6298558144883848,1.490803207172971,1.756584399140211,-0.2505453097831595,-0.2441673244369089
2019-12-31,41253.73828125,41607.48828125,41184.73046875,41607.48828125,5600,55.211724503939216,66.78454378987392,79.23861953136844,87644300,351.05355443382484,40537.392890625,38839.57021484375,304.2002044057008,0.850961801426321,0.0,0.0090392376372709,0.0,-0.0073213753970354,-0.0175438596491228,0.6610566642417114,-1.09031325435118,-0.0799960560650885,-0.5510080794453275,-1.3382476589508632,-1.2829608057169344,1.329064157164104,1.7508067276677846,-1.4035225726097051,-0.0744610179372265
2020-01-02,41626.640625,41649.2890625,41328.44921875,41340.26953125,5300,60.90916989274543,86.1044079198657,79.28094111447285,87649600,354.23192777783737,40588.88453125,38867.384375,306.566585460816,0.8509740936555276,0.0,-0.0038924892224593,0.0,0.0090392376372709,-0.0535714285714286,1.3990949298707356,-0.1126369069702917,0.6567121385635991,-0.4782463765552196,-1.1354474927154057,-1.2170324866544555,1.3000749841742874,1.7482828833944049,1.3588701380092738,-0.1500755309674883
2020-01-03,41464.609375,41636.1796875,41348.6796875,41634.51171875,8900,57.48720628444257,67.82224163345526,73.57039778106495,87640700,349.4653615079919,40632.209140625,38892.4947265625,292.0013816098508,0.8428039399755998,0.0,-0.0190036872558865,0.0,-0.0038924892224593,0.679245283018868,0.970585815063767,-0.639664587700049,-0.0441917883793643,-0.5776065212718653,-1.2827309680233363,-1.2762029333410427,1.1093953388704612,1.733952512150973,-0.765135084453411,2.0371845322905293
2020-01-06,40676.62890625,41378.33984375,40613.9609375,41378.33984375,8700,44.41791055756244,5.239796718227424,53.05548209051612,87632000,385.26415265027816,40666.464921875,38912.69736328125,214.4034052267889,0.9471388436298908,0.0,0.0047408020019173,0.0,-0.0190036872558865,-0.0224719101123596,-0.7920523939541576,-2.456329709924496,-2.198949344213538,-1.32256999620264,0.4421035725585043,0.5167348940318467,0.9360479007461836,1.701501005552405,-2.745007697468156,-0.1655339947899529
2020-01-07,40869.46875,41230.140625,40727.37109375,40983.0390625,11900,47.55993940187363,21.363529473244142,31.4751892749756,87643900,397.2818359431154,40702.677734375,38933.41759765625,166.54716163349076,0.9720748717662632,0.0,-0.0012657484996058,0.0,0.0047408020019172,0.367816091954023,-0.414679897953489,-1.7985393418718454,-1.5498509608785291,-1.693723405023163,1.0247204651918778,0.9633025953283952,1.0176145945003767,1.6757102434205446,0.6199814632591735,1.0073678372642412
2020-01-08,40817.73828125,40866.359375,40476.55078125,40574.828125,18200,46.795723983098725,25.587588215132136,17.396971468867893,87625700,396.9701311436072,40738.6246875,38954.149140625,123.0283332583058,0.9725431830845928,0.0,0.0155474876358231,0.0,-0.0012657484996058,0.5294117647058822,-0.5280312617616189,-1.7425017003612973,-1.306181643452102,-1.963455683858526,1.0652150128757758,1.0145460314275594,0.733764900357648,1.6526889309923052,-0.1886029653498288,1.4481166756770518
2020-01-09,41452.3515625,41482.12109375,41175.71875,41216.671875,7800,56.112448987154856,73.1808421194482,40.04398660260815,87633500,416.0710369547781,40786.510546875,38976.140390625,138.15477410956373,1.003733253413729,0.0,0.0035550983706631,0.0,0.0155474876358232,-0.5714285714285714,0.8862401933231363,-0.4173157570889324,0.3210282523637931,-1.6812432679389664,1.9741759427326928,1.574568233073248,0.7794127116036187,1.6373911749599523,2.115885934909435,-1.7076858261569718
2020-01-10,41599.71875,41775.109375,41447.80078125,41568.19921875,13200,57.953731871301706,84.23274440242213,61.00039157900081,87646700,409.7308624401511,40821.868125,38996.46068359375,160.18734786357527,0.9849366167653504,0.0,0.0062493849492672,0.0,0.0035550983706631,0.6923076923076923,1.1523271563094832,-0.116902672488861,0.711121907338552,-1.3805685465680273,1.6082008106854542,1.223244488717395,0.8922975343134891,1.616739156947412,0.4332622803804585,1.7384710925420006
2020-01-13,41859.69140625,41899.62890625,41720.76171875,41788.2109375,10600,61.057667389271785,97.19358345136531,84.8690566577452,87657300,401.8865262837117,40858.02453125,39016.99828125,196.3623984786609,0.9600800024620026,0.0,0.0022202146475003,0.0,0.0062493849492673,-0.196969696969697,1.6022211425403934,0.3827370463654344,1.1568004308125988,-0.9630211100038304,1.1748641340182429,0.7591083734116967,0.9670915151877516,1.598372685106941,0.7898532731089103,-0.6471341167015856
2020-01-14,41952.62890625,41994.26171875,41770.8984375,41883.08984375,14100,62.13384617694148,97.25686812479732,92.89439865952824,87671400,389.13486592416086,40894.49609375,39037.98697265625,229.88074413460708,0.9275577623365302,0.0,-0.0019044917942698,0.0,0.0022202146475003,0.330188679245283,1.6465889356069705,0.5385602474520923,1.1005745045375015,-0.549138864781323,0.5801645071172392,0.206456256724397,1.0901488712115155,1.5832600179240313,0.1817641191849905,0.7985134912875762
2020-01-15,41872.73046875,41969.859375,41648.109375,41969.859375,6100,60.58377799418887,91.99246397998633,95.48097185204963,87665300,384.3216612152922,40928.650078125,39057.2290234375,247.14816814840745,0.9178328160426868,0.0,0.0014288087815207,0.0,-0.0019044917942697,-0.5673758865248226,1.3739459486469114,0.3126629694488577,0.8842479051754556,-0.2934586393728416,0.3646648934516361,0.0567791607644267,0.9426884412130914,1.5621892077331636,-0.4007757400292208,-1.5521007299514062
2020-01-16,41932.55859375,42059.44921875,41812.28125,41924.73828125,6600,61.361096745042445,91.98365340480034,93.74432850319464,87671900,374.5249688963428,40961.26203125,39076.41646484375,262.6328873256207,0.8931603065885068,0.0,0.0003055501602973,0.0,0.0014288087815206,0.0819672131147541,1.386312418321722,0.4135077276945357,0.8358202049029927,-0.0457711364041014,-0.0787284733740061,-0.3521743326567877,0.9780476819130224,1.543633508114027,0.0563880391523709,0.1320762341238409
2020-01-17,41945.37109375,42063.9296875,41850.2890625,41929.01953125,9500,61.53603763806591,92.53117240734406,92.16909659737688,87681400,363.033230046604,40995.20484375,39094.3259765625,272.79390221004,0.8654905668499311,0.0,-0.0099286506863698,0.0,0.0003055501602973,0.4393939393939394,1.3108975554559834,0.4381412946896736,0.8156855867144309,0.1426642850394639,-0.5814080958226642,-0.7947754951740106,1.043767228904888,1.5225666466088132,-0.086926807706416,1.0527816514893518
2020-01-20,41528.91015625,42273.87109375,41503.37109375,42263.0,7500,53.117623911386886,58.55157634847016,81.02213405353818,87673900,392.1379993289894,41016.387421875,39110.03677734375,244.42409376097203,0.9442530465008449,0.0,-0.0049387658315211,0.0,-0.0099286506863698,-0.2105263157894736,0.4684727867401465,-0.7736761980760825,-0.2859351775395612,-0.1965100034039615,0.7610838704011538,0.5985819076666754,0.88528258592228,1.4958743270746309,-1.474150001003623,-0.6486415651846946
2020-01-21,41323.80859375,41532.58984375,41294.30078125,41487.5703125,8900,49.52428383452329,47.140056594670014,66.0742684501614,87665000,381.14878955549017,41029.788828125,39125.8327734375,203.05019789618385,0.9223467113172548,0.0,-0.00504381601292,0.0,-0.0049387658315211,0.1866666666666667,0.013664893451071,-1.2709462010193542,-0.7123067290934187,-0.7293938719094772,0.2771089822914975,0.2507309721745906,0.721095618289294,1.474088727578756,-0.8057138131083174,0.3736880686660485
2020-01-22,41115.37890625,41532.2890625,41059.0390625,41467.12890625,7700,46.11050887518139,35.543365339894024,47.07833276101139,87657300,387.72744744438376,41045.62421875,39142.3651171875,151.69392039076774,0.943022921735606,0.0,0.0065916826856434,0.0,-0.00504381601292,-0.1348314606741573,-0.4783446507635841,-1.6630551143877712,-1.1363510180714649,-1.3530127118387758,0.593992708442315,0.6474826255246658,0.5470115276855289,1.4601978257557928,-0.7831385161523746,-0.4536097708501557
2020-01-23,41386.3984375,41413.9609375,41098.91015625,41191.5,9900,50.85432338238751,50.62245443520519,44.4352921232564,87667200,382.53625700192777,41066.450625,39158.13005859375,131.34860665700398,0.9243042918547696,0.0,0.0054798913969886,0.0,0.0065916826856435,0.2857142857142858,0.0243024521312412,-1.0340993040183029,-0.7364213162950315,-1.5261267039963582,0.3608639385316249,0.3360103857192187,0.7558428109958443,1.448059112234248,0.7934996922009763,0.6089440207491804
2020-01-24,41613.19140625,41697.03125,41275.6015625,41377.0390625,6600,54.46649501535331,63.24084900698522,49.80222292736147,87673800,385.3143591803615,41096.39328125,39175.53162109375,132.00344261594,0.9259428228388416,0.0,-0.011007814998568,0.0,0.0054798913969886,-0.3333333333333333,0.5226350038854551,-0.543077254601719,-0.3239874658093271,-1.447470435850556,0.493492931072329,0.3885367359655219,0.9350023279374148,1.447754692537105,0.6292351239456557,-0.9426213606832488
2020-01-27,41155.12109375,41516.26953125,41122.48046875,41510.6796875,7000,46.95908808215286,37.75455647948117,50.53928664055718,87666800,392.8426862031928,41113.76609375,39188.5786328125,94.47095648558752,0.9545414416551228,0.0,-0.0045744421045717,0.0,-0.0110078149985679,0.0606060606060605,-0.809469192545529,-1.5227157751539817,-1.3058812866395078,-1.7999726286840314,0.8217357475684849,0.911343136297246,0.7112673723550823,1.4323215471106174,-1.550590960064406,0.1000848239020717
2020-01-28,40966.859375,41333.25,40869.75,41299.6796875,9800,44.25900732414937,6.916025649942274,35.97047704546954,87657000,397.889637188679,41125.969453125,39199.05357421875,48.9705415659555,0.9712475968599412,0.0,0.0056582512007609,0.0,-0.0045744421045718,0.3999999999999999,-1.3416891555921255,-1.723971493701374,-2.1990390125235955,-2.110117591556787,1.026053144458217,1.186026561470559,0.3394947028274548,1.4098507803459417,-0.6320263794643526,0.9645480133743528
2020-01-29,41198.66015625,41334.859375,41108.19140625,41131.5703125,7800,48.2077551005041,23.42462895216369,22.69840369386237,87664800,395.7546631037733,41144.258828125,39209.7636328125,31.255229901675197,0.9606008098390448,0.0,-0.0069138132810561,0.0,0.005658251200761,-0.2040816326530612,-0.7207577883157891,-1.1315363851652276,-1.488058498091493,-2.0663371226934,0.8859287421424415,0.9507634281312958,0.6098927334279808,1.3935105052713053,0.7439482619213781,-0.6950347282633724
2020-01-30,40913.8203125,41380.140625,40829.91015625,41380.140625,6700,44.07580145592123,5.811109848669296,12.050588150258411,87658100,406.78864922136097,41153.14125,39219.94712890625,-5.702739478059812,0.9942573099121688,0.0,-0.004652022954499,0.0,-0.0069138132810561,-0.141025641025641,-1.4618691152580745,-1.5347835362267257,-1.8904853013383116,-2.1567192296987847,1.316409879738647,1.467688944899242,0.2472694862463523,1.3788213087269088,-0.9202026415155564,-0.5194687322433857
2020-01-31,40723.48828125,41154.48828125,40671.01171875,41146.55859375,11500,41.51520274382697,3.2739342776093503,10.836557692814104,87646600,412.2663573126923,41154.578203125,39230.1409765625,-49.77660698948603,1.0123552149203017,0.0,-0.0209014434525222,0.0,-0.004652022954499,0.7164179104477613,-1.812109130575996,-1.7176594786354942,-1.7968558484191488,-2.249089353750629,1.4477521731634395,1.637387760483616,-0.6240927046380227,1.3675089871939277,-0.561544949560332,1.7093457943286323
2020-02-03,39872.30859375,40014.8984375,39563.0703125,39701.01953125,10600,32.43902244078413,11.40763583177826,6.830893319352292,87636000,465.7057581296429,41140.5209375,39235.1913671875,-151.64053401993442,1.167992961919046,0.0,0.0230001809487337,0.0,-0.0209014434525223,-0.0782608695652173,-3.175689078663376,-2.501437848060457,-1.432665920608051,-2.641182342311152,2.9828102318486254,3.242377567551876,-1.4067920082736736,1.3320223904451374,-2.43569035299619,-0.333277174152717
2020-02-04,40789.37890625,40818.94140625,40117.4609375,40178.73828125,15300,46.10926260942186,45.23787222698551,19.97314744545769,87651300,500.0576905846684,41149.1203125,39245.63560546875,-156.5637506788844,1.225950735199958,0.0,0.0086611088345321,0.0,0.0230001809487336,0.4433962264150943,-1.112942187588417,-0.879095390494236,-0.3495306410026,-2.3504116209784542,3.2443233541749645,3.149378236784925,-0.2716130306241495,1.3294072979291964,2.587709088300049,0.988673100275882
2020-02-05,41142.66015625,41177.0,40703.3203125,40921.7109375,13900,50.28266887823928,58.27022976663088,38.305245941798205,87665200,498.17354750719215,41154.18890625,39256.6528125,-130.4547893640629,1.2108442808881292,0.0,0.003970844207194,0.0,0.008661108834532,-0.0915032679738562,-0.3250301775799971,-0.324491148168156,0.0939177444202912,-1.970436791991114,2.69250147719709,2.557821554091035,0.7195734734405981,1.332939009200562,0.9692137809968114,-0.5094704231312297
2020-02-06,41306.03125,41405.4296875,41113.109375,41209.12890625,15000,52.12891305329977,64.2969025815423,55.93500152505288,87680200,483.4697450066784,41163.883515625,39270.2562109375,-95.47993425285676,1.170457994573561,0.0,-0.0039747146489654,0.0,0.0039708442071941,0.0791366906474819,0.0376757154364669,-0.0434492904643498,0.3051515195826687,-1.6099038154944072,2.086994452502699,1.960301671922276,1.654273876710355,1.3543394743375587,0.4354769594284882,-0.057640204764922
2020-02-07,41141.8515625,41394.41015625,41073.359375,41394.41015625,15300,50.11483397440892,73.98360589719088,65.51691274845467,87664900,471.86839045263,41166.308359375,39282.93041015625,-80.086846952021,1.1469303702479177,0.0,-0.0039431980474566,0.0,-0.0039747146489654,0.02,-0.3146387692591315,-0.2829401745489724,0.6006800278791403,-1.4047158387234595,1.666642686462222,1.6049776203369557,0.569214754107686,1.3735891612908335,-0.4325587915548136,-0.2066453851048101
2020-02-10,40979.62109375,41172.05859375,40798.98046875,41166.71875,15200,48.13575415250256,66.38128919592747,68.22059922488687,87649700,464.81194292029926,41163.29734375,39293.99296875,-80.05552709293988,1.134251441361399,0.0,0.0057716378272241,0.0,-0.0039431980474565,-0.0065359477124182,-0.6214913332047352,-0.4950458006454059,0.3834980759771894,-1.3155432129617255,1.3959620054336652,1.3850986390431077,-0.4551756915903141,1.384784287553587,-0.3859758821591187,-0.2747560323860408
2020-02-11,41216.140625,41444.33984375,41179.140625,41183.390625,7700,51.16377178294176,77.4648815472987,72.60992554680568,87657400,464.8052862831351,41171.743984375,39305.54447265625,-60.251020128212986,1.1277263694146158,0.0,0.0084859428174566,0.0,0.0057716378272241,-0.493421052631579,-0.0877674199069016,-0.0359815972037138,0.7580660770196381,-1.113930944349719,1.3076877085581369,1.243470312560134,0.0526486607605657,1.4007144875940698,0.6568629537076709,-1.5887101517642492
2020-02-12,41565.8984375,41671.859375,41330.8515625,41330.8515625,9600,55.31815476026958,93.85495722083714,79.23370932135443,87667000,464.15624797719687,41187.018515625,39316.99576171875,-16.1471390860097,1.116675605304476,0.0,-0.0025527987843099,0.0,0.0084859428174566,0.2467532467532467,0.6438677750604054,0.5479288590944172,1.23481855911438,-0.7613154528761,1.2122064766070444,1.0719344491445153,0.6606024861710166,1.4173257769025027,0.8928560249486471,0.4614806669170549
2020-02-13,41459.7890625,41709.30078125,41338.30859375,41707.2109375,9100,53.82227233204807,88.3744209961142,86.56475325474999,87657900,457.50167222882567,41202.7053125,39328.59330078125,10.126631121820536,1.1034828747901946,0.0,-0.004873415562858,0.0,-0.0025527987843099,-0.0520833333333333,0.4305011599399294,0.3821007448194873,1.0543776439675834,-0.5296975098410781,0.9920220775059936,0.8914472195094405,0.0163467113005824,1.4350164900461482,-0.2719746784108277,-0.3746638337391645
2020-02-14,41257.73828125,41702.359375,41183.12890625,41510.19140625,9800,50.99449917573925,78.96020457378944,87.06319426358023,87648100,461.9108719803381,41210.854296875,39341.65609375,14.478079576714665,1.1195739059459258,0.0,-0.0048971873742245,0.0,-0.004873415562858,0.0769230769230768,0.0069841333597477,0.0035500117885112,0.7369990064985651,-0.4488772713176993,1.0351557662390416,0.9818678710868484,-0.688902350777024,1.463473091724433,-0.5241594501151511,0.0446996708094504
2020-02-17,41055.69140625,41420.33984375,41030.578125,41324.0390625,6900,48.263761445980535,69.54617015661543,78.96026524217301,87641200,456.757361035314,41216.376328125,39354.11015625,1.604642274120124,1.1125311628920245,0.0,-0.0039291141976832,0.0,-0.0048971873742246,-0.2959183673469387,-0.4722614832939186,-0.423002813086994,0.3878757281371978,-0.4992927242167324,0.8507957577511741,0.8568714279049033,-1.2372543275419703,1.4892371989321955,-0.6251590465406451,-1.0099038872448047
2020-02-18,40894.37890625,41042.4609375,40610.94921875,41042.4609375,12300,46.13939645003779,62.03008545141827,70.1788200606077,87628900,455.8991343542201,41225.3609375,39363.30865234375,-21.367904242441,1.1148210256460058,0.0,0.0104811738242219,0.0,-0.0039291141976832,0.7826086956521738,-0.8357365924507287,-0.7295743654186481,0.0963007922579126,-0.6271557105362902,0.7787002141858806,0.8265462108217025,-1.9816102459721865,1.4920003093690604,-0.4756132399624129,1.9572291843283884
2020-02-19,41323.0,41357.16015625,41048.9296875,41121.51171875,5600,52.16430255525677,82.00096462729896,71.19240674511087,87634500,456.3907140432044,41242.07234375,39376.26935546875,-4.930833160055045,1.1044471941611316,0.0,-0.0036996081177552,0.0,0.0104811738242218,-0.5447154471544715,0.0869367888278594,0.1397003583718356,0.7226226962555347,-0.4705036613842293,0.740875485741373,0.6840805927552916,-1.6852218712736986,1.5259667330785704,1.169197631100512,-1.5486461322477945
2020-02-20,41170.12109375,41399.9296875,41134.30859375,41334.9609375,8400,50.01528233302508,74.8778290425619,72.9696263737597,87626100,442.76431259368974,41260.6771875,39386.7833203125,-4.192062489695672,1.0754505957984792,0.0,-0.0195989373740873,0.0,-0.0036996081177552,0.5,-0.2402927594586256,-0.1526911056179348,0.4741805584381796,-0.4304877181461933,0.3884102744879343,0.3869816750581722,-2.190431738968176,1.539606321449044,-0.4313684228742331,1.194316552217573
2020-02-24,40363.23046875,41037.01171875,40306.359375,41037.01171875,8100,40.52565910163359,15.439337833825345,57.439377167895394,87618000,472.8355558905691,41259.690390625,39393.44171875,-67.9328240728646,1.171451220329472,0.0,-0.0020323261802226,0.0,-0.0195989373740873,-0.0357142857142857,-1.876753611787644,-1.4675264272433008,-1.4568398291975295,-0.8555566355194776,1.047182601222416,1.2063423652895722,-2.414549199685141,1.5226731255549917,-2.1115486010115627,-0.2265166335213788
2020-02-25,40281.19921875,40536.0,40220.58984375,40497.71875,7300,39.70095799946476,4.071265513893627,31.46281079676028,87610700,461.5908844876713,41253.68015625,39399.94056640625,-123.64180737508286,1.145921406115464,0.0,-0.00973750257831,0.0,-0.0020323261802226,-0.0987654320987654,-1.876056860754489,-1.4911822374660733,-1.6938720157501854,-1.1945796099263422,0.7307134116863111,0.9091769403133232,-2.455896226166198,1.506398082572867,-0.0904494813573831,-0.4218727814880841
2020-02-26,39888.9609375,40255.390625,39760.390625,40194.890625,9000,35.935282579294096,6.597036404561043,8.702546584093328,87601700,465.8207208635519,41231.26515625,39404.5690625,-197.1690867301004,1.1677935697383115,0.0,-0.0035924922054131,0.0,-0.00973750257831,0.2328767123287671,-2.388399566146293,-1.911064932833968,-1.5004358062261136,-1.6284267175693576,0.7757758407646683,1.0387098863863449,-2.5195508441557406,1.4751940826469456,-0.9170228658676728,0.5620332841857699
2020-02-27,39745.66015625,39947.80078125,39423.26953125,39947.80078125,9600,34.642474472191324,14.102634205022351,8.256978707825665,87592100,470.0143300875839,41207.403984375,39410.2956640625,-263.960389723572,1.1825550971850551,0.0,-0.036440987218632,0.0,-0.0035924922054132,0.0666666666666666,-2.3591307163924045,-1.9436147891824864,-1.1772582876715216,-1.963124726349748,0.8183267379972109,1.1010586705613046,-2.537278060529044,1.4562870897472309,-0.214370965814542,0.0106074759868802
2020-02-28,38297.2890625,39087.46875,38219.96875,39087.46875,12700,24.89420964256041,2.2159058469509185,7.638525485511427,87579400,545.4198355277565,41146.306328125,39410.39896484375,-428.82123698657233,1.424173482978516,0.0,-0.004002098712519,0.0,-0.036440987218632,0.3229166666666667,-3.641147750814994,-2.875815060603024,-1.4606005722146838,-2.7529896429561957,2.342654152431504,2.816708259623206,-2.611359405861786,1.3874062149715034,-3.0861484622762503,0.7796006718959332
2020-03-02,38144.01953125,39083.171875,37785.98828125,38910.94921875,13400,24.12069438694249,9.125738773039364,8.481426275004202,87566000,599.1172468293454,41078.0153125,39412.17341796875,-565.3254960303748,1.5706715081207177,1.0,0.0125754887239142,0.0,-0.0040020987125189,0.0551181102362203,-3.0969856571770715,-2.625624134183492,-1.1636357508431858,-3.062604685843836,2.9714332811433035,3.222867521270635,-2.657810966590097,1.3383387281987176,-0.0828650962614626,-0.0107396755836791
2020-03-03,38623.69921875,38754.23828125,38142.30078125,38480.890625,10600,31.313856620461863,21.352133879215582,10.897926166401946,87576600,600.0329791986779,41017.010859375,39417.49736328125,-627.5657752409898,1.5535357600014397,1.0,-0.0055463032887333,0.0,0.0125754887239142,-0.208955223880597,-2.22778229006468,-1.6018472872183174,-0.7150083642301512,-2.8896605034767715,2.557690792594589,2.630678519411826,-2.052635275570692,1.3281551781867214,1.342752992178864,-0.8489338620209355
2020-03-04,38409.48046875,38791.69921875,37846.1015625,38715.71875,15300,29.94845093425154,15.891983814697404,15.456618822317443,87561300,624.7161704166296,40951.5696875,39422.22982421875,-686.2664552465649,1.62646347410218,1.0,0.0015915056778686,0.0,-0.0055463032887332,0.4433962264150943,-2.1653269193099263,-1.6151557775709182,-0.8493328307896109,-2.717738516687711,2.577400175682767,2.62273929832492,-2.2325187163092144,1.3142620942331125,-0.2851168022944818,1.1681442212799646
2020-03-05,38470.609375,38887.80078125,38386.6796875,38604.25,13500,30.874717304803127,17.481006711610217,18.24170813517439,87574800,615.8879506547274,40888.128671875,39429.12876953125,-719.5599361740387,1.6009311021076789,1.0,-0.0232382147247959,0.0,0.0015915056778685,-0.1176470588235294,-1.8931482863259343,-1.4015369243625366,-0.7705711254184788,-2.483694521916402,2.169986220651217,2.1993335022291327,-1.673478687669752,1.3247616267523554,0.3363108772545041,-0.5759891497640127
2020-03-06,37576.62109375,37747.0703125,37011.08984375,37613.9609375,19000,25.55322177649528,12.82601916425696,15.399669896854853,87555800,676.1473492686755,40810.435859375,39430.41921875,-808.7597634827616,1.7993830461279472,1.0,-0.0516723382380687,0.0,-0.023238214724796,0.4074074074074074,-2.3594357563722133,-1.8003729936271595,-0.8690540121194102,-2.4717341153993755,2.633286666057009,2.710266043342941,-1.982721831935589,1.2752149567707978,-1.7248693139924576,1.0316902645450032
2020-03-09,35634.94921875,36950.19921875,35109.1796875,36950.19921875,18800,18.211413194999167,8.357819516750785,12.888281797539312,87537000,804.0969247673414,40699.859609375,39423.0195703125,-1024.32023629178,2.2564839922495263,1.0,0.0017524711026427,0.0,-0.0516723382380688,-0.0105263157894737,-3.139110665186976,-2.2663528392012307,-0.9465241518844282,-2.758043826632641,3.3456268942963185,3.5175429668925062,-2.200493507980119,1.1281731719072867,-3.2129386509379523,-0.293725761334925
2020-03-11,35697.3984375,36021.51171875,35261.921875,35468.8984375,27900,19.01732104392157,9.350534514962446,10.17812439865672,87564900,800.9178475518171,40582.304765625,39414.53916015625,-1176.5517774664622,2.243630859974534,1.0,-0.0817778869127148,0.0,0.0017524711026426,0.4840425531914893,-2.606521121049074,-1.95861116703118,-0.8732521502960001,-2.730379045160785,2.7616991257567243,2.852124048931148,-1.4004666132516328,0.9702843429226492,0.4395002645257753,1.191947207117482
2020-03-12,32778.140625,34472.5,32493.099609375,34472.5,25200,12.711713839026345,3.2002520888442136,6.969535373519139,87539700,972.5879175927588,40406.707578125,39388.776015625,-1515.288773088032,2.9671845292254395,1.0,0.0404336493308945,0.0,-0.0817778869127149,-0.0967741935483871,-3.306735434032124,-2.214983797224147,-1.056443036106314,-2.989839097499749,3.3358465001328605,3.5919516459572414,-1.824324247042605,0.5876713618606282,-3.687044627178592,-0.5497071542099669
2020-03-13,34103.48046875,34769.48046875,29388.970703125,31214.130859375,32600,24.88827846732312,40.474700932979445,17.675162512262023,87572300,1287.4394781664903,40263.702421875,39362.53005859375,-1657.6876422577843,3.775097029601445,1.0,-0.0795640245204994,0.0,0.0404336493308945,0.2936507936507937,-2.324007841847401,-1.1319405949144048,0.080773548627726,-2.763830001938948,3.840967281826748,3.729363764361202,-1.0011968295029918,0.16982281106787,2.120699126593511,0.6168825814825591
2020-03-16,31390.0703125,33103.23828125,31276.30078125,33103.23828125,18100,19.03401674849289,17.95186462760976,20.542272549811127,87554200,1397.4209216903123,40058.971015625,39324.63140625,-1966.8170520231647,4.451792900679927,1.0,-0.0258355735006765,0.0,-0.0795640245204994,-0.4447852760736196,-2.8487204962820383,-1.4825766387014805,-0.63846661940464,-2.8094426544043145,3.335987388867569,3.503605413235835,-1.3216835937356015,-0.464119805129752,-2.766377498347316,-1.6016675441946582
2020-03-17,30579.08984375,32047.98046875,30394.939453125,31611.5703125,21500,17.694365071067253,10.952265319962391,23.12627696018385,87532700,1415.6794998285045,39841.260625,39281.97580078125,-2251.2921876425025,4.629567155406532,1.0,-0.0559068332923066,0.0,-0.0258355735006765,0.1878453038674032,-2.635766507317772,-1.4674563054956389,-0.8735186105820446,-2.7509745241344112,2.804112180267405,2.9779908933192645,-1.6583811567500744,-1.2097211239351184,-0.6438808236763015,0.3831009002425116
2020-03-18,28869.509765625,31101.76953125,28613.05078125,30968.83984375,31300,15.256643114420044,2.2625905677231524,10.388906838431758,87501400,1492.32516055504,39605.1182421875,39232.26639648437,-2584.892574344063,5.169208527163684,1.0,-0.0201347131140803,0.0,-0.0559068332923067,0.455813953488372,-2.65600274656041,-1.5416054338755256,-1.1278524129216367,-2.7152978522212514,2.5913575523448062,2.8639775867966435,-2.08056003077414,-2.012618799890852,-1.676181887460929,1.1644377445112932
2020-03-19,28288.23046875,29370.529296875,26714.4609375,27773.359375,33200,14.52396299167259,12.719377172461476,8.64474435338233,87468200,1575.4496747564658,39353.4934765625,39176.53395507813,-2863.17279188837,5.569276157081881,1.0,0.0575409080659235,0.0,-0.0201347131140803,0.060702875399361,-2.42049959784629,-1.4710370999674354,-0.7587214547892088,-2.6013747972761663,2.44081195294322,2.6727202454093293,-2.388839301407557,-2.651295129843367,-0.3155497569641721,-0.0427684015241496
2020-03-20,29915.9609375,30418.19921875,27932.669921875,28460.8203125,32100,25.336901917252064,25.88386143210407,13.621943057429556,87500300,1640.4553620506467,39135.4579296875,39127.69731445312,-2918.722408789028,5.483545607904298,1.0,-0.1315258002691393,0.0,0.0575409080659234,-0.0331325301204818,-1.825526558229158,-0.664936752413593,-0.3181851735708615,-2.3161543174450694,2.282025930757746,2.273669505427277,-1.6563626449217408,-2.8905734203323576,2.320900220476648,-0.3530051837321785
2020-03-23,25981.240234375,27900.830078125,25880.830078125,27608.80078125,21800,19.06007582140242,0.771971879861895,13.125070161475804,87478500,1811.5036118595287,38826.035703125,39058.85486328125,-3242.86324839024,6.972352341605244,1.0,0.0266649727361125,0.0,-0.1315258002691394,-0.3208722741433022,-2.380625908831417,-1.0388310973535193,-1.0311908522633615,-2.31545610719906,2.347837245720608,2.7182100500752404,-1.888662217965374,-3.070218487913397,-3.2037627666460677,-1.2086789271702922
2020-03-24,26674.029296875,27462.869140625,25638.900390625,27056.23046875,24700,22.691569065317964,7.812942023343034,11.489591778436322,87503200,1812.3939788695627,38527.5219140625,38994.71475585937,-3404.5988157599604,6.794601440592607,1.0,0.0697963543219964,0.0,0.0266649727361125,0.1330275229357798,-1.9986091553265493,-0.7263712207409686,-0.7573618715563413,-2.17835496808751,2.0847570314939445,2.2795664688806068,-1.360173846723348,-3.02628624836678,1.0832266372551853,0.2101481633426551
2020-03-25,28535.779296875,28790.189453125,26359.91015625,26499.810546875,141500,31.576114323389817,21.865051595525983,10.149988499576962,87644700,1856.52864444138,38261.043671875,38938.23380859375,-3344.000199701939,6.505967911816206,1.0,0.0494463536353997,0.0,0.0697963543219963,4.728744939271255,-1.5006865560852125,-0.0446720310071534,-0.2712199872435876,-1.911836549651148,1.953139635241656,1.91246339759092,1.1534701463184425,-2.8805765670952908,2.0150220784838297,4.961279141072034
2020-03-26,29946.76953125,30099.91015625,28566.33984375,29073.7109375,35000,37.44379002167452,35.57820189525312,21.75206517137404,87679700,1835.6430883652097,38020.926484375,38889.39666015625,-3145.856761590076,6.129686497402274,1.0,-0.0043804286590282,0.0,0.0494463536353997,-0.7526501766784452,-1.1457515306127708,0.4376253202682864,0.2262865668555696,-1.6011781192621706,1.7402084851317638,1.583575860357203,1.725829282575636,-2.7036539956179,1.4227836526786348,-1.0567289570338083
2020-03-27,29815.58984375,31126.029296875,29346.990234375,30747.810546875,116900,37.125038294267206,36.92493246434143,31.45606198504017,87562800,1831.599943660552,37779.783671875,38837.13650390625,-2965.2304331652267,6.143094781150189,1.0,-0.0461258535704698,0.0,-0.0043804286590282,2.34,-1.095416646907751,0.4868414891596162,0.3677754506484165,-1.3500376060047303,1.591030616916994,1.468225220064798,-0.2591568617308642,-2.569417033712395,0.1392810329394754,2.065046832511252
2020-03-30,28440.3203125,29497.5703125,28290.990234375,29226.55078125,23200,33.86974184044442,26.981843327664173,33.16165922908623,87539600,1809.671348354441,37509.93890625,38778.92041015625,-2899.6303899330487,6.363048406170939,1.0,0.0361518404356051,0.0,-0.0461258535704698,-0.8015397775876818,-1.2694917384073292,0.2949314049027822,0.084249393091937,-1.2107021474047506,1.4354255770199404,1.4523826920424163,-0.6286451696665287,-2.473468776446629,-0.8229188783846071,-1.0482425816275958
2020-03-31,29468.490234375,29770.880859375,28667.359375,29294.939453125,26400,38.23047632239203,41.94245941640568,35.283078402803746,87566000,1775.4491482487667,37260.4012890625,38728.61426757812,-2733.1708706707104,6.024907058786829,1.0,-0.0408293630902234,0.0,0.0361518404356051,0.1379310344827586,-1.004763286042124,0.7437046083330908,0.8111674507367511,-1.009005484252019,1.2794565197028114,1.2105430629871738,-0.0857006364441852,-2.354480963358594,1.0830997309344732,-0.1228699730360622
2020-04-01,28265.310546875,29505.98046875,28073.4296875,29505.330078125,18000,35.29721880154783,28.7649868220568,32.56309652204221,87548000,1750.9564077488546,36995.129296875,38671.861328125,-2667.586768021629,6.1947184512446105,1.0,-0.0238582670799474,0.0,-0.0408293630902234,-0.3181818181818182,-1.1582786556248326,0.5413640682133559,0.3094016287888128,-0.8950293748126109,1.1550331828884843,1.2008890598257664,-0.3874267316916005,-2.273083421709048,-0.6806896409167315,-0.572297201258125
2020-04-03,27590.94921875,28639.119140625,27500.7890625,28623.529296875,18900,33.73490996721097,26.15166752535036,32.28637125460427,87529100,1707.1973842042937,36720.472109375,38610.8934765625,-2639.598568269256,6.18752682507977,1.0,0.0897490586176428,0.0,-0.0238582670799474,0.05,-1.2073537105158862,0.451054115932451,0.2583576235051729,-0.8150908088859318,1.0094281115306063,1.1197964413609858,-0.713326504691508,-2.210227867890429,-0.27205147787017,-0.185537983004636
2020-04-07,30067.2109375,30157.650390625,28602.310546875,28898.359375,21900,43.6056664945273,69.0943238794813,41.33699274229614,87551000,1768.5905118950582,36499.50875,38561.4772265625,-2390.05304881062,5.882123604917614,1.0,-0.0057620908158103,0.0,0.0897490586176428,0.1587301587301588,-0.6744743606675386,1.543314866061949,2.667952200341347,-0.5596595350822076,1.0468187392125914,0.9205590516021124,-0.2164967696962617,-2.1172860380942424,2.1150218657663915,-0.1020921616268492
2020-04-08,29893.9609375,31227.970703125,29602.939453125,29701.919921875,24700,43.121691615917285,76.13181278751358,57.12593473078173,87526300,1758.336278902554,36269.66,38512.16298828125,-2181.1236184790905,5.881911341821676,1.0,0.0423382570737662,0.0,-0.0057620908158103,0.1278538812785388,-0.6577846450569464,1.5925740197362332,3.031875716714292,-0.3334902962676626,0.964660362635771,0.8611088314082332,-0.688500215389554,-2.037199877430351,0.0803110667130301,-0.1206883337105131
2020-04-09,31159.619140625,31225.19921875,30420.220703125,30571.189453125,18800,47.689391303552526,98.77704951488744,81.33439539396076,87545100,1727.829279070229,36060.5885546875,38469.254287109376,-1891.6121726027775,5.545091136295487,1.0,-0.0150707750070908,0.0,0.0423382570737662,-0.2388663967611336,-0.3446556146958829,1.980469976819505,3.254290315171929,-0.0264348095667582,0.8517696412244992,0.6555957552330415,-0.2324812717565255,-1.951430309763982,1.0419830853107672,-0.4802520530605034
2020-04-13,30690.01953125,31195.720703125,30474.150390625,31195.720703125,16100,46.20669650708986,90.37494356312054,88.42793528850719,87529000,1655.953638600927,35851.2865234375,38425.44403320312,-1680.6910693438076,5.39573993074445,1.0,-0.0101078131950724,0.0,-0.0150707750070908,-0.1436170212765957,-0.395279166637651,1.741769348804312,2.476673094882863,0.2253306815119389,0.6681431136225062,0.5360602178836212,-0.5457447543475492,-1.880525544891528,-0.1500313727896144,-0.3833097127248447
2020-04-15,30379.810546875,31568.359375,30222.0703125,31277.109375,23600,45.20682246338279,79.95518931394919,89.7023941306524,87505400,1633.8347403080038,35639.545546875,38382.539140625,-1521.0323339845745,5.378028074885632,1.0,0.0073337793789473,0.0,-0.0101078131950724,0.4658385093167703,-0.4142812079045503,1.5511775545597626,1.870733750640856,0.4421729021500086,0.5757052606840517,0.4776303689493357,-1.0193926421537554,-1.8171243761601423,-0.0459534673319569,0.2177572259539074
2020-04-16,30602.609375,30800.19921875,30016.169921875,30095.509765625,16900,46.108811684963854,83.71267930944637,84.68093739550535,87522300,1573.1343514913606,35427.62453125,38340.32048828125,-1360.8367535081416,5.140523581549525,1.0,0.0322231126124355,0.0,0.0073337793789474,-0.2838983050847458,-0.3065323643472269,1.5402198900804465,1.816102702904301,0.6717743856177284,0.4043401770329748,0.3070488201982314,-0.5816575202645323,-1.760776839514856,0.310789273730805,-0.5169533375576627
2020-04-17,31588.720703125,31718.73046875,30960.939453125,31656.6796875,22200,50.02970063125994,97.57391071087532,87.08059311142362,87544500,1540.4905473669776,35241.1225390625,38302.70040039063,-1141.1551329025788,4.876710778650116,1.0,0.0018765969483891,0.0,0.0322231126124354,0.3136094674556213,0.0007119619610393,1.736933605945664,2.0515313459179016,0.9624067825574708,0.2827461200601692,0.1138326992972251,-0.0357472087129329,-1.701680102226312,0.7793649211129389,0.0774203878981303
2020-04-20,31648.0,32056.470703125,31490.259765625,32056.189453125,17200,50.26396150105416,91.03381809030532,90.773469370209,87561700,1470.8991466621935,35059.6127734375,38262.93225585938,-951.3064533850884,4.647684361293584,1.0,-0.031954280286274,0.0,0.0018765969483891,-0.2252252252252252,0.0788487627348996,1.6101305001259238,1.6804244378389936,1.209366051608351,0.070249682975816,-0.0730601200157439,0.3744836603504412,-1.6555256153483502,0.144227448462356,-0.4476804690666522
2020-04-21,30636.7109375,30900.119140625,30378.259765625,30836.189453125,19700,46.278116340201535,68.83540427925466,85.81437769347843,87542000,1456.5306529273942,34874.9008203125,38220.14336914063,-872.3961430407871,4.754200461984217,1.0,0.0242467230005668,0.0,-0.031954280286274,0.1453488372093023,-0.1432801792293298,1.1933636624309931,0.9292500462479536,1.3249397108304717,-0.0321089533017289,-0.0782343003502984,-0.0648766498464357,-1.6225434899508877,-0.5267739594433422,-0.0923414164227715
2020-04-22,31379.55078125,31471.140625,30578.55078125,30856.140625,21000,49.44912171515934,85.14119345305849,81.67013860753947,87563000,1416.2491665575803,34686.7042578125,38181.42631835937,-741.372110158034,4.513286937822646,1.0,0.0154090573267199,0.0,0.0242467230005669,0.0659898477157361,0.1730145461265331,1.3581008523166116,1.3284047187123236,1.4804918811460306,-0.2174793684308784,-0.3117098757209901,0.4350175264971129,-1.5865571448742013,0.6136751754495594,-0.1587947194605114
2020-04-23,31863.080078125,31959.01953125,31292.919921875,31646.44921875,24400,51.45765389838287,95.7549574299606,83.24385172075792,87587400,1362.667055330253,34501.11265625,38143.56701171875,-591.6971306825653,4.276633181692208,1.0,-0.0168175635778502,0.0,0.0154090573267198,0.161904761904762,0.4691317575072509,1.4125640182490968,1.5168732901859496,1.633145179442619,-0.4833502897949944,-0.5846837780352738,0.9984648474400272,-1.5557306743844737,0.4210208771882872,-0.0728000615191124
2020-04-24,31327.220703125,31842.240234375,31278.26953125,31426.619140625,17600,49.12799748089346,83.9925162132279,88.29622236541566,87569800,1307.105876154878,34301.5364453125,38102.24272460937,-510.4340384361713,4.172428472164112,1.0,0.0132746973930731,0.0,-0.0168175635778502,-0.2786885245901639,0.3959457975868753,1.1491949128845609,1.0977225964161583,1.68362371006906,-0.8126470469404816,-0.8010151604100345,0.5684078210825497,-1.5386373915701907,-0.245520018100766,-0.4873261730714674
2020-04-27,31743.080078125,32103.69921875,31651.580078125,31659.0390625,12900,50.9826891525713,92.1654099605803,90.63762786792294,87582700,1269.2039218313153,34113.561015625,38063.02607421875,-407.77549421536605,3.998364111824036,1.0,0.0117014307436715,0.0,0.013274697393073,-0.2670454545454546,0.7050840079864047,1.2083804901756168,1.2442088237669509,1.717193351532111,-1.1137035913115367,-1.0872735986015236,0.8266440318991048,-1.5223866683664125,0.3337031071504234,-0.4658677807757505
2020-04-28,32114.51953125,32199.91015625,31661.33984375,32101.91015625,15600,52.64342068262775,97.6264555739477,91.2614605825853,87598300,1217.0158068790786,33936.258984375,38026.62546875,-293.06749898720955,3.7896123767158487,1.0,0.018858778952326,0.0,0.0117014307436715,0.2093023255813952,1.0711274418521286,1.2494971894309224,1.305709005266972,1.7337758090336528,-1.5688639837502123,-1.4713698972112517,1.139984927196197,-1.5064282309533357,0.2935384723237251,0.014806145281845
2020-04-29,32720.16015625,32897.58984375,32171.650390625,32311.0390625,16000,55.30257825737922,94.61461258515077,94.80215937322625,87614300,1186.019700137716,33766.339375,37991.79376953125,-151.54354974591843,3.6247368425889865,1.0,0.030484598264091,0.0,0.018858778952326,0.0256410256410255,1.411743015508137,1.3815794186922377,1.1461283468982992,1.738112506152126,-1.877369070555624,-1.7393420373626998,1.3976584374838974,-1.4922961847634075,0.3913858359844153,-0.1714799391483076
2020-04-30,33717.62109375,33887.25,33354.9296875,33381.19140625,21100,59.35094444950008,95.61804708694731,95.9530384153486,87635400,1184.6675675385934,33609.373828125,37961.29947265625,40.63356276216655,3.513496887116354,1.0,-0.0593835335775259,0.0,0.0304845982640911,0.3187500000000001,2.0065225312292045,1.5670949515116726,1.10091695517899,1.7656275183569892,-1.81785146340916,-1.8179710395622148,1.723669346791282,-1.4747450166785792,0.6567856248561921,0.1185375295488627
2020-05-04,31715.349609375,32748.140625,31632.01953125,32748.140625,18300,49.63290307390831,43.89420144268925,78.04228703826244,87617100,1249.0199957501225,33414.4850390625,37920.67997070312,31.01125542933005,3.938219225497405,1.0,-0.0082559343338469,0.0,-0.0593835335775259,-0.1327014218009479,0.8615978869605765,0.7680542992139917,-0.3888682645071161,1.6148315003597669,-1.455123329261915,-1.3331644157714984,1.260311199788689,-1.4841162455444803,-1.3686775768174455,-0.3415180955387906
2020-05-05,31453.509765625,32264.0,31403.5703125,32182.900390625,19200,48.51419343711131,37.13020177165106,58.88081676709587,87597900,1221.2635451608278,33218.40046875,37878.4072265625,2.231497129483614,3.882757613573305,1.0,0.0073836031687888,0.0,-0.0082559343338469,0.0491803278688525,0.6921422414270338,0.6296595537107051,-0.624187222958861,1.4678784287253337,-1.501121935813896,-1.3299566170198007,0.8196860394815019,-1.5001378082275278,-0.2303251567305096,-0.1554226687207144
2020-05-06,31685.75,31970.83984375,31158.75,31577.630859375,19200,49.599295818570255,43.12956705699768,41.38465675711265,87617100,1192.0368522029114,33031.001640625,37839.2690234375,-1.815890216603293,3.76205976567672,1.0,-0.0076491527145483,0.0,0.0073836031687888,0.0,0.76922398915069,0.6777252224923704,-0.5107070200764976,1.3577183317126684,-1.5212515185583186,-1.3563307363859691,1.1280670868292573,-1.5111216810081425,0.0789848604757971,-0.1893985655444562
2020-05-07,31443.380859375,31705.25,31362.869140625,31677.689453125,19900,48.4516282286003,30.35406263932544,36.871277155991386,87597200,1131.3471384294892,32841.9816796875,37802.88307617188,-24.300516703238827,3.5980454630157,1.0,0.006338960821879,0.0,-0.0076491527145483,0.0364583333333332,0.5848377341396179,0.5319558992315259,-0.9447343087825378,1.248149948955459,-1.6313427409227503,-1.402217215124009,0.6796736158991183,-1.5173827568048803,-0.2838362658938309,-0.15220701244398
2020-05-08,31642.69921875,32088.509765625,31598.0,32083.3203125,15900,49.48677134644248,36.03428247642913,36.50597072425074,87613100,1096.6172647023827,32648.3756640625,37767.44247070313,-25.739708026634617,3.4656249048835197,1.0,-0.0025749546542072,0.0,0.0063389608218791,-0.2010050251256281,0.6612370631294456,0.5883030861987716,-0.78405844318965,1.1657118322354223,-1.6211604530937411,-1.4125216735721675,0.9563434055529836,-1.5245700671607114,0.0875628912211748,-0.3828022368979316
2020-05-11,31561.220703125,32301.580078125,31500.869140625,32030.33984375,18100,49.05312804517518,33.71228924809766,33.36687812128407,87595000,1075.4810984736412,32456.19765625,37732.46337890625,-33.07366021844791,3.407602984022584,1.0,-0.0060232639379875,0.0,-0.0025749546542072,0.1383647798742138,0.5777633932279859,0.5016089509744098,-0.942440752320436,1.0915568971087906,-1.57091615741487,-1.3862715145916162,0.5133226405525897,-1.5302204734064755,-0.293243721922148,-0.060416437638696
2020-05-12,31371.119140625,31536.890625,30844.66015625,31342.9296875,23100,47.99636139788015,23.95407702469933,31.23354958307536,87571900,1049.8439162165953,32276.3554296875,37695.20342773438,-53.60752335769212,3.3465300090523944,1.0,0.0203209273955885,0.0,-0.0060232639379875,0.2762430939226519,0.4048431614348632,0.3099637657398,-1.3285235026321978,1.0177287940937725,-1.5425672976588456,-1.364659370915804,-0.0818729575683296,-1.541162886112833,-0.3668444996000806,0.072699990959943
2020-05-13,32008.609375,32845.48046875,31901.919921875,32841.87109375,18400,51.75023886112546,38.25521278002524,31.97385968427407,87590300,1080.166588495767,32110.9036328125,37661.565322265626,-18.23047409091305,3.3746126732372823,1.0,-0.0276712661778984,0.0,0.0203209273955886,-0.2034632034632034,0.8169276226251758,0.8234146864773009,-0.8705215129913423,0.9958130982520726,-1.3416967744536092,-1.2628780074841688,0.4342019352025438,-1.543584914401115,0.5275089358564548,-0.4656289652232901
2020-05-14,31122.890625,31630.939453125,31052.650390625,31466.330078125,15200,46.70568155525678,9.14452762410724,23.784605809610596,87575100,1071.294616772855,31935.5822265625,37622.696220703125,-60.96128478969331,3.442143693145004,1.0,-0.0008084132207755,0.0,-0.0276712661778983,-0.1739130434782608,0.1166504352090543,-0.0280918675124425,-1.7922948582265683,0.9071266470116162,-1.29059767081703,-1.1256123611377051,0.1548818980646138,-1.561087082960617,-0.9887197343610268,-0.4637374715371084
2020-05-15,31097.73046875,31296.279296875,30770.48046875,31296.279296875,13000,46.566817629337024,10.49965346230635,19.2997979554796,87562100,1032.330631869437,31762.6236328125,37582.529677734376,-95.7522026757506,3.3196333504363684,1.0,-0.0343674597435328,0.0,-0.0008084132207755,-0.1447368421052631,0.0655691855117027,-0.108111941162189,-1.6519835424581717,0.8254386334298673,-1.3498625073121742,-1.1697553835323855,-0.235089589438882,-1.5819467724619265,-0.0887341634713234,-0.4689550557735901
2020-05-18,30028.98046875,31248.259765625,29968.44921875,31248.259765625,19500,40.99159719658399,1.5446370810585588,7.062939389157374,87542600,1050.0077686555485,31597.2574609375,37536.59637695312,-207.17526138789253,3.4966480788392102,1.0,0.0055676033789754,0.0,-0.0343674597435328,0.5,-0.858465405340438,-1.2071855659355275,-1.8388696848832389,0.6682135699559122,-1.2112168467541853,-0.9458754365288294,-0.8262972901103928,-1.6154677991311184,-1.2566876641013331,2.097978255702196
2020-05-19,30196.169921875,30739.9609375,30116.8203125,30450.740234375,18700,42.1582571406808,5.810979323433807,5.951756622266228,87561300,1025.7915329480093,31438.30046875,37493.089921875,-278.7745075781713,3.397091537112114,1.0,0.0206131921609729,0.0,0.0055676033789755,-0.0410256410256409,-0.756551641583119,-1.0501011753263223,-1.5987720402681067,0.5437189966393249,-1.2298284514063962,-0.988749164725446,-0.2578849880360787,-1.6403366891918592,0.1537617057818249,-0.2366667790232261
2020-05-20,30818.609375,30878.310546875,30157.75,30159.58984375,16100,46.40655556164836,21.69439590595417,9.683337436815505,87577400,1003.98931965708,31282.198671875,37455.49791015625,-282.04057591012315,3.2577372568650493,1.0,0.0037085065790707,0.0,0.0206131921609729,-0.1390374331550802,-0.3377630569660724,-0.3309231342797276,-1.1057198137808977,0.4908628505352932,-1.241141278203484,-1.0861618046423942,0.1986795091463436,-1.646472795878959,0.6320453954368926,-0.7129015336339934
2020-05-21,30932.900390625,31188.7890625,30765.3203125,30904.2890625,15500,47.1737807249306,33.52244338239287,20.34260620392694,87592900,962.5235646815744,31132.6670703125,37420.006767578125,-272.2680917225007,3.111649901970692,1.0,-0.0084153294255553,0.0,0.0037085065790707,-0.0372670807453415,-0.4347925115462005,-0.3212119036038846,-0.7649087082800103,0.4544502260840984,-1.3232671454045877,-1.207997137739753,0.6179087311609941,-1.6440783606239855,-0.0169503591862377,-0.2405315336615386
2020-05-22,30672.58984375,31107.91015625,30474.880859375,30822.779296875,20600,45.57352942758856,24.47455602020312,26.56379843618338,87572300,938.9882598382476,30976.7066796875,37383.456025390624,-282.27433045189173,3.0613269522448903,1.0,-0.0020633752422733,0.0,-0.0084153294255553,0.3290322580645162,-0.8029553868982805,-0.7804490866728466,-0.9767566269306764,0.3874580127010233,-1.3545407024514686,-1.2204380515833315,-0.0432542110912995,-1.6439650306269775,-0.4291585276414655,1.3493655358567904
2020-05-26,30609.30078125,31086.69921875,30512.140625,30864.26953125,188300,45.17231052088437,22.27475153424211,26.75725031227936,87384000,912.9575694033728,30837.3602734375,37347.26428710938,-291.94587483586656,2.9826149114866847,1.0,0.0325365132968035,0.0,-0.0020633752422734,8.140776699029127,-0.954316399021052,-0.9294799966907618,-0.977069634445706,0.3130352535446614,-1.4073048066617522,-1.2873370447893735,-3.976697553114248,-1.6418761756843971,-0.1422038873993441,5.2337843409366585
2020-05-27,31605.220703125,31660.599609375,30525.6796875,30793.109375,20500,52.29027876604794,56.89098734589692,34.54676496678071,87404500,928.812023151346,30756.765703125,37316.13548828125,-216.7496736784524,2.938793030037309,1.0,0.018837683375713,0.0,0.0325365132968036,-0.8911311736590547,0.3424703796387774,0.9924589019796056,0.0782821054602058,0.396849443965504,-1.2955536190373995,-1.301791949890778,-2.8912974246359173,-1.6267506243931142,1.5103812912593957,-0.7656249982036573
2020-05-28,32200.58984375,32267.23046875,31641.76953125,31827.80078125,27500,55.97028504373961,77.584858523869,52.25019913466934,87432000,909.7547190423212,30686.82953125,37287.7244921875,-107.87135473115268,2.8252734606937677,1.0,0.0069411699198541,0.0,0.0188376833757131,0.3414634146341464,1.0551646253618865,1.810185291636542,0.7227924998706462,0.5860477340175362,-1.3324950130059507,-1.4156295200750468,-2.149623415985233,-1.6060122500186786,0.8057421606098438,0.0385017855883008
2020-05-29,32424.099609375,32480.51953125,31823.80078125,32041.2890625,37100,57.30180019260071,85.35362244066692,73.27648943681093,87469100,891.6807212535841,30679.7487109375,37261.41313476562,-3.508686449295056,2.750055458735904,1.0,0.0271224161185566,0.0,0.0069411699198542,0.3490909090909091,1.263338661508397,1.941661407135932,0.9493350558327044,0.821683940726427,-1.3767806821292836,-1.5005688518849327,-1.4743176850209123,-1.582030843176758,0.2165947619554118,0.046136180273357
2020-06-01,33303.51953125,33673.828125,32876.55078125,32906.05078125,22900,62.151683454332286,90.00618821666559,84.31488972706717,87492000,917.2555637086851,30663.7494921875,37240.944541015626,148.45007804018314,2.754230113270726,1.0,0.0156743709402898,0.0,0.0271224161185565,-0.3827493261455525,2.153449965196523,2.6340424104615217,1.077038938769284,1.2650893174619355,-1.2042953349638996,-1.4614668782005324,-1.07040713020471,-1.5451893911141286,1.12061774625098,-0.4357755420809052
2020-06-02,33825.53125,33866.62890625,33301.2890625,33450.19140625,75600,64.71378001598009,98.94572186136558,91.4351775062327,87567600,892.1187265687792,30712.4587109375,37222.66659179688,307.45631179359043,2.637412314311484,1.0,0.0083962557868178,0.0,0.0156743709402897,2.3013100436681224,2.408436675866324,2.662749564866893,1.3424340356969948,1.778960318308343,-1.302495403260478,-1.6018693933743715,0.1287557777230529,-1.5073310291024586,0.6301164080348738,1.2585518044061552
2020-06-03,34109.5390625,34488.69140625,34027.5,34185.41015625,18400,66.05993872698295,91.61212324422604,93.5213444407524,87586000,875.7645429745806,30783.0676953125,37208.12268554688,451.1859636027439,2.56750623738975,1.0,-0.0037772379015126,0.0,0.0083962557868177,-0.7566137566137566,2.355343710718754,2.485847214912603,1.120596907514196,2.197668637890036,-1.3454600368115155,-1.6438208294966214,0.4095774260570613,-1.4637976973506293,0.2713442339432683,-0.690380244191112
2020-06-04,33980.69921875,34310.140625,33711.23828125,34072.5,17900,64.85125110803972,88.76183694526877,93.10656068362012,87568100,855.9886716013963,30885.291484375,37192.43508789063,548.3751224862353,2.5190437256484577,1.0,0.0090209757170287,0.0,-0.0037772379015126,-0.0271739130434782,2.0021405869236677,2.0383511475184544,1.0001193936639776,2.413597718892205,-1.4216163617233846,-1.689771745835842,0.1096539079219107,-1.428021727801495,-0.3726797990520861,-0.220824628324511
2020-06-05,34287.23828125,34405.4296875,33958.01953125,34198.55078125,24600,66.4252658939119,95.54331125095274,91.97242381348252,87592700,826.8044919334394,31005.271640625,37180.37208007812,642.7244442897027,2.411405914793604,1.0,0.0024306374011923,0.0,0.0090209757170287,0.3743016759776536,2.034155239350737,2.029329336648404,1.1776813061649258,2.5234531169332857,-1.555935149524374,-1.8160734248234167,0.4855518215818856,-1.386251070705552,0.2999301234997023,0.0288073634422973
2020-06-08,34370.578125,34927.80078125,34211.828125,34841.171875,25700,66.8597819595142,88.41769032592272,90.90761284071476,87618400,818.8879322417652,31094.363984375,37167.34071289063,715.9685506822789,2.382525918719225,1.0,-0.0120418899340233,0.0,0.0024306374011924,0.0447154471544715,1.898739037676268,1.8860527704209615,0.984070724190859,2.4804704590954527,-1.544232207408336,-1.7663343289244668,0.8693261503925515,-1.3522865837732383,-0.0145427013062294,-0.179032554725247
2020-06-09,33956.69140625,34811.2890625,33881.19140625,34520.7890625,19200,62.531592737579565,79.64152962863177,87.86751040183573,87599200,826.8314839566391,31253.8730078125,37153.671669921874,732.1777442156927,2.4349589130007354,1.0,0.0085508735679282,0.0,-0.0120418899340233,-0.2529182879377432,1.447136112045436,1.2234734520239103,0.7318229404317543,2.274004537632801,-1.4182756624934985,-1.5726686810062964,0.5482366845069426,-1.3240877065947043,-0.7726261044871866,-0.3695917574032674
2020-06-10,34247.05078125,34350.171875,33949.4609375,34029.140625,15500,64.27865403759918,84.71227841633058,84.25716612362835,87614700,796.3943020668792,31405.3334375,37138.27012695312,759.6959201268764,2.3254390784005814,1.0,-0.0206931595957453,0.0,0.0085508735679282,-0.1927083333333333,1.540073305440933,1.3483011475494084,0.8962389693634542,2.1206215501664576,-1.5475672350740477,-1.679145487054852,0.7676267027309012,-1.3051082216673586,0.3033853676032919,-0.3329365550479273
2020-06-11,33538.37109375,34219.390625,33480.421875,34214.69140625,20900,57.26087475278111,68.79733496498743,77.71704766998324,87593800,794.2682023656735,31505.3852734375,37118.05243164062,716.0653886313448,2.368237265147586,1.0,0.0072311064413976,0.0,-0.0206931595957452,0.3483870967741935,0.9620480439038384,0.4470088657233204,0.4618198883064387,1.810108048977528,-1.465909434546667,-1.481570488786134,0.4455768166450058,-1.3055485854687623,-1.1381262585082068,0.0096731472763482
2020-06-12,33780.890625,33856.26953125,32348.099609375,32436.689453125,23000,58.91400897448213,74.02630375377407,75.84530571169735,87616800,845.2611823306254,31582.0676953125,37102.166083984375,693.0679218484511,2.502187380770472,1.0,-0.0163432589708401,0.0,0.0072311064413976,0.1004784688995215,1.0920491393605103,0.6345298231423435,0.6568319825118004,1.5986322405255375,-1.025148545904193,-1.1303729615321052,0.8013935037953486,-1.2952037433430057,0.3087336228057949,-0.1503056480025802
2020-06-15,33228.80078125,33670.55078125,32923.73828125,33670.55078125,18400,53.811268955145714,61.40496901795388,68.07620257890513,87598400,846.1105510034379,31650.3319140625,37081.75243164063,623.1103985501904,2.5463168429505054,1.0,0.0113280636044621,0.0,-0.0163432589708401,-0.1999999999999999,0.7157265356619734,0.0237418854380851,0.3067995990089207,1.309413415835708,-0.9590822231659484,-0.973628260427554,0.543332947969161,-1.3056443737701806,-0.8516759119919497,-0.3305869191056921
2020-06-16,33605.21875,34022.01171875,32953.30078125,33853.71875,27400,56.57305132568122,59.75138607552804,65.06088628241866,87625800,862.0105786103352,31753.6298828125,37063.026884765626,591.2270442019799,2.565109261817661,1.0,-0.0028952906310124,0.0,0.0113280636044621,0.4891304347826086,0.9304757760482024,0.3416137950289947,0.2363792176709956,1.1469953627395657,-0.7971485066611603,-0.8865744455524135,0.9676282255732744,-1.3130605354302227,0.6083958275112563,0.0957462379509781
2020-06-17,33507.921875,33933.66015625,33332.9609375,33438.30859375,20200,55.646846145583126,54.25647853576031,58.470944543080726,87605600,843.3454814774541,31834.418515625,37043.55405273438,551.7480039667498,2.5168540282012164,1.0,0.0208944293490298,0.0,-0.0028952906310124,-0.2627737226277372,0.8077972551555112,0.1968744861497142,0.0406382971938318,0.9803967311907538,-0.917312187592471,-0.9423665217155368,0.6441366299680685,-1.325873172486926,-0.3374523955166665,-0.3769693566398965
2020-06-18,34208.05078125,34276.01171875,33371.51953125,33371.51953125,21200,60.64042388307743,72.09948160480675,62.0357820720317,87626800,847.7131033362074,31953.2733203125,37027.95424804687,570.3801444067576,2.478109930194716,1.0,0.0153086678585918,0.0,0.0208944293490298,0.0495049504950495,1.21773174097084,0.7781399726843243,0.5855941525416528,0.966407237649322,-0.8426482763733253,-0.9795485952000816,0.9673046340255274,-1.327039876751356,1.1739618097509044,-0.1790564361089
2020-06-19,34731.73046875,34848.37109375,34136.390625,34335.37890625,27900,63.913143254949446,92.39949515712742,72.91848509923149,87654700,838.0179151514783,32096.0889453125,37016.31104492187,620.252934416385,2.412830872062329,1.0,0.0051707715488459,0.0,0.0153086678585918,0.3160377358490567,1.4601396233525317,1.1115575899120145,1.1581154876091424,1.0251832141930235,-0.8916685564811894,-1.0733196344405358,1.3349903983507951,-1.3167258187174529,0.76284325958419,-0.015119634067782
2020-06-22,34911.3203125,35213.51953125,34794.3984375,34892.03125,25100,64.98830119222978,89.45358003401279,84.65085226531565,87679800,812.5729971049441,32192.9711328125,37008.50299804688,666.5849034761559,2.32753442101702,1.0,0.0148693710336166,0.0,0.005170771548846,-0.100358422939068,1.45946191281732,1.1619027051986464,0.9968014091319471,1.0687277277773994,-1.0994725570104191,-1.2063417475909366,1.616449795780799,-1.2954309529640864,0.1138859409392901,-0.2830295453792716
2020-06-23,35430.4296875,35482.16015625,34843.69140625,35015.73046875,25200,67.95982912097313,98.34941067741715,93.40082862285244,87705000,800.1369794545909,32303.7005078125,37002.149345703125,736.6989045517475,2.2583327002011564,1.0,-0.0158465258169895,0.0,0.0148693710336167,0.0039840637450199,1.6448037845921673,1.4116206349773228,1.190560066532084,1.1603311923247352,-1.171457847416855,-1.2943086056590274,1.817967892849808,-1.2731803984525614,0.6957809414134198,-0.2134671062030954
2020-06-24,34868.98046875,35706.55078125,34794.9296875,35679.73828125,26600,61.84598404209483,75.060816143044,87.6212689514913,87678400,808.1001304756916,32377.887734375,36989.023642578126,738.4481254992716,2.317533003868354,1.0,-0.0007708543779789,0.0,-0.0158465258169895,0.0555555555555555,1.2055962458284188,0.6337529019866184,0.4234343435315243,1.0881986313400789,-1.0227254182377268,-1.0783314418544905,1.356810391191047,-1.2869295155749867,-1.221371029482585,-0.1757845522947143
2020-06-25,34842.1015625,35081.609375,34499.78125,34525.390625,24600,61.56045534136852,74.26047977147203,82.55690219731106,87653800,791.9378443702851,32460.929375,36975.02780273437,729.2590482444866,2.2729336315999817,1.0,0.0094474200461053,0.0,-0.0007708543779789,-0.075187969924812,1.111659290638575,0.5602448979310098,0.3628696970120248,0.9974481344825826,-1.1666997084739803,-1.1259761064996474,0.985075309374829,-1.3115590526964591,-0.2375008464168602,-0.2620924942295949
2020-06-26,35171.26953125,35254.87890625,34910.33984375,35144.78125,24800,63.76661927672487,84.0616634690819,77.79431979453263,87678600,764.8549514688362,32556.7585546875,36963.62495117188,740.0073977799766,2.174658355136301,1.0,-0.005963674407989,0.0,0.0094474200461052,0.0081300813008129,1.2257181060561082,0.7704985858870798,0.6251315236035603,0.957320031015914,-1.456363391696838,-1.3207105568669295,1.2293688109910257,-1.3282735910705017,0.3603807265804748,-0.2130275060521019
2020-06-29,34961.51953125,35032.359375,34662.05859375,34926.94921875,18300,61.350348155798535,77.81622504328224,78.71278942794538,87660300,746.5946647567765,32643.9367578125,36953.08790039062,723.2631428829409,2.135475444908624,1.0,-0.0013076877267629,0.0,-0.005963674407989,-0.2620967741935484,1.0297982541776618,0.4265177637196887,0.3628562477882958,0.8573179604642267,-1.6149975667885836,-1.3540118406906572,0.9411855986242328,-1.3447804503473602,-0.6795108578013681,-0.3828081121172376
2020-06-30,34915.80078125,35233.91015625,34812.80078125,35168.30078125,18500,60.80946863163815,76.4549204519615,79.44426965477521,87641800,723.3457154884353,32710.478359375,36941.002958984376,698.2550298680726,2.071685882332323,1.0,0.0142814549958074,0.0,-0.0013076877267629,0.0109289617486338,0.9573533692212188,0.3001052581261976,0.2514725360164632,0.7428515403454505,-1.8727723658227045,-1.5073331584226997,0.6663608448251209,-1.3710112658013889,-0.5008222119518253,-0.1980480959289997
2020-07-01,35414.44921875,35467.23046875,34927.19921875,35009.58984375,19400,64.48699449707756,91.30249190620444,81.85787913381604,87661200,711.0659992035471,32785.80734375,36935.26065429687,710.4826795872723,2.007841474002303,1.0,0.0121207588842786,0.0,0.0142814549958074,0.0486486486486485,1.2380867493216423,0.7713745832681927,0.8199691781113261,0.7223169158527076,-1.9693177831081048,-1.6691937807378492,0.8571810705574244,-1.359328979408363,0.6858065147093316,-0.1759637904029804
2020-07-02,35843.69921875,36014.921875,35595.359375,35604.0,20600,67.32907598775041,94.4609353971666,87.40611591844417,87681800,703.1664747068652,32889.947109375,36930.85545898438,746.2082435600096,1.961757547443752,1.0,0.0049582677046076,0.0,0.0121207588842786,0.0618556701030927,1.4630824266775606,1.150428631311517,0.9312654719259932,0.7668378074395124,-1.9920799987239195,-1.76129391325575,1.0478536631840722,-1.3405783666195377,0.5515025883415529,-0.1719867881841164
2020-07-03,36021.421875,36110.2109375,35872.37890625,36025.37890625,16500,68.45471898353838,97.18746945255262,94.31696558530788,87698300,671.9768492813748,32982.78453125,36927.74045898437,779.8718660479426,1.86549229403892,1.0,0.0129328424795835,0.0,0.0049582677046076,-0.1990291262135922,1.5223554783845026,1.279720138176774,1.021971951293254,0.8157353638237781,-2.2426026407542907,-1.9656972350297337,1.1749680357725512,-1.3145058646344858,-0.0164404004600911,-0.3348622451475733
2020-07-06,36487.28125,36661.66015625,36254.01953125,36313.4609375,22300,71.25087039066116,94.76134986099817,95.46991823690576,87720600,669.7098087077053,33075.2685546875,36925.26801757813,834.5216416034673,1.8354609764401268,1.0,0.0051316040777908,0.0,0.0129328424795835,0.3515151515151515,1.817649254645103,1.7268686871672596,0.8936455971022591,0.9462594588195766,-2.0741665164964758,-1.950936771369345,1.337337656524814,-1.2834732231211612,0.5647614976150821,0.0160050312193582
2020-07-07,36674.51953125,36723.26953125,36271.08984375,36660.3515625,20600,72.31311578678626,98.54553591407472,96.83145174254184,87741200,654.1719429071549,33182.21453125,36922.913369140624,882.7645862939389,1.7837232805456151,1.0,-0.0094209226710003,0.0,0.0051316040777908,-0.0762331838565022,1.9620464894707716,1.965183750182328,1.2411840640388652,1.1025317553670948,-2.0655237418311483,-1.9895683159463584,1.559727451236245,-1.250015312782245,-0.0795510513827541,-0.2443495542593282
2020-07-08,36329.01171875,36828.4296875,36234.171875,36738.37890625,24800,67.36667113690855,81.44833870700938,91.58507482736074,87716400,649.8923621637866,33273.9331640625,36918.20432617187,882.9398931164615,1.7889073537014677,1.0,0.0112494028371565,0.0,-0.0094209226710003,0.2038834951456309,1.6269899786742603,0.9289900231114254,-0.1462004085895861,1.1287071002858051,-1.9488344382169829,-1.8562598464672584,1.2552628734430389,-1.2345928334324352,-1.2123277744441576,0.2313584033526616
2020-07-09,36737.69140625,36806.30078125,36422.30078125,36450.69140625,17400,69.98222928327633,96.10339286133654,92.03242249414022,87733800,637.5635550449448,33366.3966015625,36916.37137695312,905.6164773151104,1.7354480661146805,1.0,-0.003902348671414,0.0,0.0112494028371565,-0.2983870967741935,1.8833141089032703,1.4004874025866785,1.000483266082926,1.2812090977253792,-1.926107681237659,-1.8917392588261004,1.5105943302252844,-1.195788146312078,0.5935639450218088,-0.7337670809093905
2020-07-10,36594.328125,36748.890625,36401.109375,36555.12890625,20900,67.92550791870416,89.94689113521457,89.1662075678535,87712900,616.8648189703059,33443.8799609375,36912.418076171874,901.6262290825398,1.685684231892988,1.0,0.0027152645325415,0.0,-0.003902348671414,0.2011494252873562,1.6710924906491138,0.8952614066256201,0.4841085449007299,1.358512261346804,-1.9786949017972504,-1.896690873947288,1.1852940725555163,-1.175233452908676,-0.6952659111555013,0.2785433488537562
2020-07-13,36693.69140625,37024.19921875,36533.9609375,36880.66015625,16500,68.61399594038613,86.9075637793984,90.98594925864984,87729400,607.8200662759983,33503.4013671875,36910.26999023437,896.151439038993,1.6564702077711075,1.0,-0.0180039888924196,0.0,0.0027152645325414,-0.2105263157894736,1.6345084438696609,0.9847062822268228,0.2464345309529373,1.4246352111553868,-1.922662814781131,-1.8480391778577272,1.4742563843215253,-1.140736171857602,-0.0540406787654862,-0.5666724522363328
2020-07-14,36033.05859375,36538.1015625,35877.421875,36517.28125,14100,59.473331478425386,60.73785572478805,79.19743687980032,87715300,622.7093137741413,33589.755546875,36908.02983398437,828.9494681896031,1.7281611333492275,1.0,0.0005203554938645,0.0,-0.0180039888924197,-0.1454545454545455,0.9630301425222751,-0.9484839437263388,-1.731259088033947,0.9440638167643024,-1.6224637847971577,-1.5021823706948183,1.1395353727515722,-1.1097231485656835,-1.8203609467126047,-0.51828950728117
2020-07-15,36051.80859375,36810.25,35894.9609375,36314.76171875,23500,59.63768044812571,58.83434649450644,68.82658866623096,87738800,643.6078672545598,33681.7215234375,36905.46948242188,768.3473603367893,1.7852304568324393,1.0,0.0116463253891453,0.0,0.0005203554938644,0.6666666666666667,0.9174796102469572,-0.8592994696673312,-1.7143267005249003,0.3605979722020626,-1.291397321168638,-1.2310471062082915,1.49065754188607,-1.0859481754891356,-0.1257582626877819,2.5853672296250623
2020-07-16,36471.6796875,36524.62109375,36038.41015625,36401.19921875,18500,63.233348172868666,76.60937179597425,65.39385800508957,87757300,632.3652294149484,33777.4401171875,36907.36053710937,745.6049715166446,1.73385277243395,1.0,0.0150379950196802,0.0,0.0116463253891454,-0.2127659574468084,1.213330877351956,-0.0862505142193245,-0.3414099794246556,0.0809860210504016,-1.3262534024903363,-1.3050381824827826,1.7384533316817077,-1.0195040741223715,0.8305799847562125,-0.9698074976076592
2020-07-17,37020.140625,37125.98046875,36512.921875,36547.75,16500,67.32780382940095,95.42448672180812,76.9560683374296,87773800,633.9320545460236,33888.9753125,36902.38813476563,763.0418075234556,1.7123977484783626,1.0,0.0107738017607814,0.0,0.0150379950196803,-0.1081081081081081,1.570294196645136,0.7720825508494127,1.0859817668103589,0.2227673615029573,-1.2192667642332715,-1.2790012541537563,1.890315664544632,-1.0328376445062513,1.1004140298656615,-0.4993356524136185
2020-07-20,37418.98828125,37478.87109375,37185.78125,37409.03125,20100,69.94870867794779,97.65319306582082,89.89568386120106,87793900,621.4176555605933,34004.50109375,36894.03291992188,799.8244201923517,1.6607013821161347,1.0,0.0136652503778736,0.0,0.0107738017607814,0.2181818181818182,1.7448659364403678,1.2755538511839293,1.2059443158203602,0.5755925514187795,-1.267719517613027,-1.3407702350463675,2.0367393465743837,-1.0941932349373389,0.6918812194295388,0.8218405013286153
2020-07-21,37930.328125,37990.55078125,37742.05078125,37823.609375,22700,72.94514722069529,97.48568502321544,96.85445493694812,87816600,617.8565730205509,34131.8832421875,36888.19885742188,860.3185410703518,1.628924935698934,1.0,-0.001550437253171,0.0,0.0136652503778735,0.1293532338308458,1.9597712496379809,1.7253046615406848,1.1235026525655083,1.1343310645986138,-1.2202266191970443,-1.3405251229219248,2.190553674607248,-1.1356552165962035,0.8860333828503715,0.4129858138005283
2020-07-22,37871.51953125,38199.26953125,37601.62109375,38178.0703125,22300,72.05528267085829,85.91467959522163,93.68451922808596,87794300,616.4131347690828,34261.89125,36884.58885742188,893.2187360907701,1.6276429950492068,1.0,0.0071016220653114,0.0,-0.001550437253171,-0.0176211453744493,1.744749570987428,1.4438051089550354,0.280335929721541,1.3751784947717705,-1.1536289766876346,-1.2513907831462645,1.6693759910809385,-1.1578545400975233,-0.4442868483713548,-0.229844417630828
2020-07-23,38140.46875,38225.03125,37738.58984375,37814.921875,19600,73.63908905951665,96.39793140628431,93.26609867490713,87813900,607.1294398748627,34384.5284375,36880.34250976562,930.2707497980372,1.5918247986264265,1.0,-0.0003033605217555,0.0,0.0071016220653115,-0.1210762331838565,1.8020773491458704,1.613515375453252,0.9737050222951704,1.5953218686179569,-1.171378783882458,-1.2675067896882952,1.8469942094646992,-1.1946954862420331,0.2693526241726406,-0.6183198721450717
2020-07-24,38128.8984375,38235.73046875,37748.41015625,37949.58984375,19900,73.44623384511438,95.46997235505452,92.5941944521868,87794000,598.5716450623725,34524.64859375,36876.87415039063,947.775741308884,1.5698634620759817,1.0,-0.0050924096081158,0.0,-0.0003033605217555,0.0153061224489796,1.6639498757809366,1.4628744393040862,0.8498983303490302,1.611786525672229,-1.1883493824477378,-1.2544988252216378,1.4216810847489214,-1.2295027639829734,-0.4291032302301658,-0.0117928468387744
2020-07-27,37934.73046875,38275.33984375,37769.44140625,38275.33984375,18600,70.12709070343635,85.79562022392473,92.55450799508785,87775400,591.9521302364886,34661.38859375,36873.21116210937,935.200432406462,1.5604490210471615,1.0,0.0147152422885896,0.0,-0.0050924096081158,-0.0653266331658291,1.4533768850295348,0.8184412444247248,0.0981708384629589,1.398574684059723,-1.1890307900648451,-1.2175861620949848,1.062478884467121,-1.2708436261741671,-0.9893384462340586,-0.3887435234405857
2020-07-28,38492.94921875,38554.71875,37998.12890625,38052.1796875,15500,73.79376695612183,97.6928396762126,92.98614408506394,87790900,593.9547124517394,34830.66796875,36874.14885742188,959.2206982817006,1.5430220975700732,1.0,-0.0109583786397569,0.0,0.0147152422885896,-0.1666666666666666,1.7664445864919034,1.4606474821907431,0.9495410915292688,1.5199363988384182,-1.111580013194376,-1.2184319053615411,1.2461679802034826,-1.2284460317585029,1.0373704146685827,-0.7951637193505634
2020-07-29,38071.12890625,38617.03125,37884.41015625,38427.1484375,17600,67.0922214642338,80.0737160293153,87.85405864315088,87773300,603.8594539730437,34988.1671484375,36873.970146484375,933.4592212804492,1.58613487784942,1.0,-0.0088008578514989,0.0,-0.010958378639757,0.1354838709677419,1.388907193271372,0.0403885158516781,-0.5882806376113379,1.2481144126006118,-0.9445479063036574,-1.0310748884906908,0.8982880992504325,-1.2015639142019727,-1.5142077492136494,0.5909609405015643
2020-07-30,37736.0703125,38413.80859375,37678.421875,38262.828125,14800,62.25591445555343,67.84355662018422,81.87003744190402,87758500,613.2542585999691,35126.5163671875,36874.28395507813,875.9096951110332,1.6251142567879673,1.0,-0.0034232416473214,0.0,-0.0088008578514989,-0.159090909090909,1.0612622775880598,-1.054872057981133,-1.6420640604485202,0.651472823495748,-0.7865811169767776,-0.8542985506873308,0.5800039472231364,-1.1609970944602372,-1.2300553301538917,-0.7983604806674421
2020-07-31,37606.890625,37897.78125,37431.6796875,37847.87890625,20200,60.44677123236694,63.12829725953176,70.34852330301041,87738300,602.7433517356857,35259.996171875,36874.65850585938,810.534225803247,1.6027471075606523,1.0,-0.0177437977830691,0.0,-0.0034232416473214,0.3648648648648649,0.8949298282539079,-1.3953700769943829,-1.855511878668703,-0.1182707457236866,-0.8860529030815025,-0.8967050962778067,0.1461248253983584,-1.1194301873918897,-0.633632555746906,1.6912208843793262
2020-08-03,36939.6015625,37596.01953125,36911.23046875,37595.73046875,14300,52.03491831577872,38.37669512807634,56.44951633593075,87724000,609.380266343851,35385.33640625,36868.46676757813,696.8462351683338,1.6496665924043856,1.0,0.0202576249363139,0.0,-0.0177437977830692,-0.2920792079207921,0.2761896983222194,-2.70347631065344,-3.0731419649228635,-1.4666346362511151,-0.7497884298534503,-0.6635721232681424,-0.1692250807554306,-1.2514168157616414,-1.9027097879202184,-1.3567387724579827
2020-08-04,37687.91015625,37745.6015625,36987.73046875,37092.859375,15100,58.93619121349094,63.96829700951484,55.1577631323743,87739100,623.4245330335759,35526.90859375,36867.50432617188,659.5273128313711,1.65417644663481,1.0,-0.0006522524371366,0.0,0.020257624936314,0.055944055944056,0.8781246708179969,-1.3095878685172764,-1.2503544144472676,-1.7955705046227368,-0.4875035282400478,-0.5960114147979885,0.1128918205381488,-1.264086310757417,1.708539837166135,0.2395756872923069
2020-08-05,37663.328125,38139.9609375,37550.6015625,37892.359375,19800,58.637719758096914,54.67426093284718,52.33975102347944,87719300,620.991307459749,35648.0707421875,36865.18557617188,620.8119003841057,1.6487956279348297,1.0,0.0096146865340249,0.0,-0.0006522524371366,0.3112582781456954,0.8034864593482565,-1.3166139508930603,-1.7339576595079838,-2.0470293974373,-0.4831234633297948,-0.580278131478792,-0.3227237522408664,-1.3173354790475609,-0.3248000242746724,1.3332289144970566
2020-08-06,38025.44921875,38221.3984375,37755.1015625,37946.80078125,16600,61.713708747567,65.31939498723337,61.32065097653179,87735900,616.4969506769097,35764.5679296875,36864.240478515625,612.2916855706208,1.6212746025178335,1.0,0.0003976572022334,0.0,0.0096146865340249,-0.1616161616161616,1.0840253541927949,-0.7686075223600048,-1.0237836468889208,-1.973707107874268,-0.5310385583079803,-0.6936625010414208,-0.0377504047634664,-1.3205975315375704,0.6555634940941235,-0.7580045965727992
2020-08-07,38040.5703125,38109.6796875,37787.37890625,37951.0703125,15300,61.84131963150003,66.20584631942934,62.06650074650329,87751200,595.4829385749875,35876.89734375,36861.912880859374,599.8448616646565,1.5653890929687613,1.0,0.0037199182698241,0.0,0.0003976572022335,-0.0783132530120481,1.0398388711118527,-0.7294213703163225,-0.9173496502382243,-1.9273664653087743,-0.98801944486044,-1.0032592084218674,0.250559997993497,-1.364917096795068,-0.2252336160603414,-0.3754364428166978
2020-08-10,38182.078125,38430.69140625,38073.2890625,38168.421875,17200,63.081459961736826,74.50152856177795,68.67558995614688,87768400,580.8142353732027,35974.468515625,36859.828330078126,594.5456101809032,1.5211697840849323,1.0,0.0058910778248793,0.0,0.0037199182698242,0.1241830065359477,1.1357938728909904,-0.5231667462479924,-0.3982288826834678,-1.836449615726916,-1.376028393911162,-1.299589991361736,0.5873366433327102,-1.392415301244306,0.0734851508379953,0.4722647756618178
2020-08-11,38407.01171875,38556.26953125,38313.05859375,38371.33984375,18700,65.02712216722253,87.68792149947903,76.13176546022876,87787100,566.0554618644024,36066.098125,36856.603095703125,601.5617470078068,1.473833647901481,0.0,-0.0009733330146523,0.0,0.0058910778248792,0.0872093023255813,1.3439563604268197,-0.2033448532696024,0.3895012980192568,-1.6812483225107984,-1.7838927063240229,-1.6536086670138397,1.010868694550442,-1.4450293147079567,0.2682879882408326,0.2934380919330575
2020-08-12,38369.62890625,38414.37109375,38125.80859375,38321.12890625,25300,64.41948752752634,85.49641045604956,82.56195350576883,87761800,546.2345360169451,36151.299921875,36851.95934570312,597.2212110800756,1.4236117251787372,0.0,-0.0015413395095506,0.0,-0.0009733330146524,0.3529411764705883,1.2537405352415376,-0.3132022944263982,0.2681933584594003,-1.6215971077661118,-2.30732523810835,-2.021115003906618,0.2884322665212187,-1.543343826954075,-0.379887663263433,1.394763338031352
2020-08-13,38310.48828125,38516.8515625,38215.05078125,38456.640625,15400,63.40999220698193,82.02938044585915,85.07123746712922,87746400,528.7749821050204,36237.895703125,36848.69258789063,582.2967959107118,1.38023555905398,0.0,-0.0113062625127644,0.0,-0.0015413395095507,-0.3913043478260869,1.124341122543475,-0.4712371163137287,0.0805771723813394,-1.621999323334023,-2.674772760833428,-2.2924541627264112,-0.2384143760627447,-1.5798404679546352,-0.3970380754812987,-1.6846240671138728
2020-08-14,37877.33984375,38540.5703125,37654.921875,38432.94140625,18600,56.43460872613928,56.6367060924923,74.720832331467,87727800,554.2659432046618,36309.697734375,36842.78514648438,529.4148654115197,1.4633180299648714,0.0,0.0045790281726613,0.0,-0.0113062625127644,0.2077922077922078,0.5375946134917976,-1.5897654604454663,-1.398757375524132,-1.846325212082472,-1.7563112643762089,-1.4938339657572006,-0.890178928768831,-1.7098670869611068,-1.318034413203995,0.7338143345426906
2020-08-17,38050.78125,38119.37890625,37734.140625,38062.0703125,21500,58.40759966482572,66.80444714153222,68.49017789329454,87749300,542.1925387793287,36383.301796875,36837.93709960938,495.7857173376615,1.424918282799591,0.0,0.012550046196489,0.0,0.0045790281726614,0.1559139784946237,0.7099987431198669,-1.1651136083525493,-0.721283192193235,-1.8834116380529025,-1.9956184510878636,-1.7359951260561777,-0.22241937333218,-1.785101700699181,0.3239740912573803,0.5607512677207089
2020-08-18,38528.3203125,38571.23046875,38062.01171875,38084.69921875,13600,63.33158158738054,97.41505082831326,73.61873468744592,87762900,540.6394444915196,36474.734375,36835.28840820312,501.8823987061478,1.4032260947439132,0.0,0.0022442906749803,0.0,0.0125500461964891,-0.3674418604651163,1.2547373161536222,-0.274322779486431,1.1792442388761242,-1.681589669674882,-1.882727497986313,-1.789963570697515,0.2094413519044663,-1.7718946491696332,1.100683775920552,-1.5588154961576
2020-08-19,38614.7890625,38788.51171875,38550.6484375,38727.890625,12800,64.15898578079214,90.74605063838996,84.98851620274515,87775700,520.6074417599825,36562.089140625,36829.20315429688,507.8373354055948,1.3482073951442617,0.0,-0.0102136628756833,0.0,0.0022442906749804,-0.0588235294117647,1.2942570958265482,-0.1098086273366568,0.7391545447415019,-1.5135537387398337,-2.2417204033474776,-2.0879776867267856,0.5891076527210871,-1.8754516339453744,0.0169491305903247,-0.2659596001209306
2020-08-20,38220.390625,38402.44921875,38155.78125,38283.8984375,15800,57.75731649395224,69.73702828225659,85.96604324965325,87759900,516.2074682414124,36655.72953125,36820.04575195313,475.2535804219151,1.3506075155175428,0.0,0.0056076905938216,0.0,-0.0102136628756833,0.234375,0.7094563611286502,-1.160146711425135,-0.507210068379575,-1.5850066142355237,-2.1185859506598765,-1.884303699598304,0.0135336519700877,-2.0620060376660527,-1.1899201730266906,0.8819125896107517
2020-08-21,38434.71875,38579.828125,38411.37109375,38471.9296875,16800,60.08792189014869,80.3533622559653,80.27881372553726,87776700,505.0096133670258,36748.80609375,36811.57409179687,461.40640252391313,1.313941222392907,0.0,0.0094799542405913,0.0,0.0056076905938216,0.0632911392405062,0.9447693134617552,-0.7041764423586288,0.1781831704067741,-1.5425335964852929,-2.142943458308785,-1.9701133861286888,0.5510642581362448,-2.1719319240611448,0.4043111137786528,0.1874343130864438
2020-08-24,38799.078125,38894.94140625,38545.76171875,38566.9609375,28100,63.749487851426046,92.86911849740376,80.98650301187521,87804800,501.810545001524,36860.211640625,36804.74432617187,474.3649864781983,1.293356876637192,0.0,0.0011546867455372,0.0,0.0094799542405914,0.6726190476190477,1.3705786743784585,-0.0352110134914846,0.9462572672430068,-1.3617128464033263,-1.9865311878271343,-1.9185069072938976,1.4660154930545122,-2.195368207461052,0.7717682849720737,2.3913482721314963
2020-08-25,38843.87890625,39008.890625,38679.671875,38948.4609375,15700,64.18457173089388,87.81273801555612,87.01173958964172,87820500,489.4825596442722,36964.98484375,36797.45391601563,482.6857058984606,1.260127910566404,0.0,0.0059222450287524,0.0,0.0011546867455372,-0.4412811387900356,1.4315050720184523,0.0141684877585195,0.5821688824409136,-1.2219891973624468,-2.0348611402905825,-1.9672273189150933,1.8881183935219976,-2.214851837504714,-0.1535372131237327,-1.7514816894088918
2020-08-26,39073.921875,39111.55078125,38765.08984375,38930.1796875,16400,66.41367116165725,97.41671292608952,92.6995231463498,87836900,479.26672949111,37076.30484375,36791.58237304688,502.0551023143562,1.2265641801309712,0.0,0.0010121040607726,0.0,0.0059222450287523,0.0445859872611464,1.841196295572889,0.376199492652681,1.1165060599092804,-1.0392766743035011,-2.0452209936387757,-2.0365976543550244,2.1884187512057007,-2.1791185133336617,0.3520285645555829,0.1087756197382664
2020-08-27,39113.46875,39326.98046875,39046.94140625,39293.53125,14500,66.7962616477127,87.23060785381044,90.82001959848536,87851400,465.0361818488878,37174.413203125,36784.80081054688,514.6638661465986,1.188941294931526,0.0,0.0090464961318471,0.0,0.0010121040607726,-0.1158536585365853,1.9147923366646336,0.4228054382711889,0.4427880072021811,-0.9102766687087632,-2.1007060593244646,-2.0877748970167143,2.3155035857848536,-2.1775496542415733,-0.1524134669065605,-0.5597124009602851
2020-08-28,39467.30859375,39579.578125,39235.03125,39264.48046875,22500,70.08029926022414,94.16677491110426,92.9380318970014,87873900,465.1128385025386,37269.124765625,36778.86866210937,546.9039522271632,1.1784761998597326,0.0,-0.0212585950536,0.0,0.0090464961318472,0.5517241379310345,2.376110540787319,0.9853846122779232,0.8890927451088262,-0.6823368043506969,-1.909277768234357,-1.9679791526796693,2.536235202145185,-2.1401893248547927,0.7906181010261893,1.9455512234483332
2020-08-31,38628.2890625,40010.171875,38395.890625,39888.1484375,27900,55.94948332474959,41.32755280755758,74.24164519082409,87846000,547.196296466643,37343.464140625,36770.39206054688,499.00042227913946,1.4165688145837565,0.0,0.007054718843723,0.0,-0.0212585950536,0.24,0.7500495634027935,-1.416564181723078,-2.19787629153734,-0.8942545449700754,-0.2904179358334515,-0.3668759123468731,1.6728887857825825,-2.1501920922704847,-2.346954064965608,0.7492054521256113
2020-09-01,38900.80078125,39226.8203125,38542.109375,38754.0,22000,58.85164476582641,52.8979474047341,62.79742504113198,87868000,557.0187708261685,37412.8715625,36763.17067382813,477.5213786899112,1.431895384258128,0.0,0.0047616106874406,0.0,0.0070547188437231,-0.2114695340501792,1.1901577917745056,-0.8551294754337165,-1.404530447720378,-0.9512067786616468,-0.0593307847611777,-0.2246906714030618,2.0437607659966,-2.1117940799825323,0.6633416620681533,-0.9180052570357768
2020-09-02,39086.03125,39141.83984375,38736.21875,38892.640625,17100,60.74477278255112,60.76252520963804,51.66267514064324,87885100,546.2046510350136,37497.212578125,36758.020537109376,470.0274488414798,1.397442087536103,0.0,-0.0024328344605209,0.0,0.0047616106874406,-0.2227272727272727,1.4248249280520913,-0.4645973277951707,-0.8863736936224192,-0.933521053538486,-0.2343340230736101,-0.4153378090799104,2.169275619371783,-2.026328365079886,0.3935930050292658,-0.9209849116510476
2020-09-03,38990.94140625,39236.359375,38943.4296875,39165.80078125,9200,59.23804562702734,55.218959812173054,56.29314414218173,87875900,528.113582211084,37580.189375,36751.54284179687,451.2141835175862,1.354451991062803,0.0,-0.0162540758415341,0.0,-0.002432834460521,-0.4619883040935673,1.1699400477610686,-0.6999631195073456,-1.131086025265705,-0.9892905268157944,-0.5583782495395293,-0.6645538467014116,1.8234003495102975,-1.9773891855346584,-0.3463743871684678,-1.6837967588159026
2020-09-04,38357.1796875,38729.66015625,38249.76953125,38325.0,15400,50.285526496438,15.151114132123858,43.71086638464498,87860500,543.3320316960065,37643.907578125,36741.54528320312,380.7759133661893,1.416506729959267,0.0,0.0015655682127632,0.0,-0.0162540758415341,0.673913043478261,0.0156576624671449,-2.295274793836194,-2.859188855376994,-1.3629728934134897,-0.2070365470036752,-0.1960897755876611,1.4137367659707167,-1.9984568863522207,-1.687976194176822,2.0752938840979334
2020-09-07,38417.23046875,38519.921875,38060.73828125,38284.78125,12500,51.04054646854355,18.286962358858244,29.55234543438505,87873000,537.3214289855775,37713.021796875,36732.210478515626,326.04028353685135,1.3986469675961015,0.0,-0.001350407242193,0.0,0.0015655682127633,-0.1883116883116883,0.0959381428429027,-1.9691696403122672,-2.3415928468190748,-1.6474429673798685,-0.2983623409495476,-0.28765251925206,1.5282825591783755,-1.9910311910714324,0.1129459828786226,-0.7115954115058041
2020-09-08,38365.3515625,38746.48046875,38275.44921875,38498.0703125,11900,50.32940787359079,15.625732634679544,16.354603041887213,87861100,532.5864162008935,37782.0128125,36721.68874023438,275.30219603765727,1.3881963660186216,0.0,-0.0044683465814389,0.0,-0.001350407242193,-0.048,0.009155429130367,-2.023304131412373,-2.192607751907806,-1.9443977741959848,-0.3600867148447304,-0.328265460540287,1.227177174715154,-1.9991428391743744,-0.1371492491214479,-0.2727647916825763
2020-09-09,38193.921875,38252.671875,37935.26171875,37988.55859375,14000,47.95188594182177,12.466089457939631,15.459594817159134,87847100,525.2652324544011,37837.602265625,36709.400146484375,218.73748351222457,1.37525869737461,0.0,0.0169241179163405,0.0,-0.0044683465814389,0.1764705882352941,-0.3120366890721147,-2.216949258188212,-2.065937533921864,-2.277001016428615,-0.4713281222416469,-0.3783548143055327,0.9155360883394296,-2.026707880089009,-0.5039355106725777,0.4515292979292898
2020-09-10,38840.3203125,38878.25,38367.0703125,38516.87890625,16500,56.32900593807962,43.61917025774836,23.903664116789173,87863600,536.6268676362296,37897.5346875,36700.72588867188,223.49221391523315,1.3816231774574903,0.0,0.0003663839184513,0.0,0.0169241179163406,0.1785714285714286,0.8134432485801342,-0.626266630137578,-0.7939143933217633,-2.1696468497960084,-0.1716283860165433,-0.2821704625385186,1.132137798428294,-1.984469445218824,1.6770413922507947,0.4235552673713671
2020-09-11,38854.55078125,38978.51953125,38711.80078125,38865.171875,11400,56.49501521244535,44.30500567607408,33.46342179725402,87875000,517.3477163764989,37954.197265625,36693.20159179688,225.8057043145745,1.3314983855794695,0.0,-0.0025202163718555,0.0,0.0003663839184513,-0.3090909090909091,0.7852644427020815,-0.5681997739989468,-0.7353985923810696,-2.0557297503387955,-0.5631394328417851,-0.6153037263904839,1.244876903087852,-1.9301222071095288,-0.0809463556808575,-1.089311450789156
2020-09-14,38756.62890625,39230.16015625,38573.171875,39073.51171875,14700,54.94716212104779,39.58567483155333,42.50328358845858,87860300,527.3220424388918,37999.58421875,36682.53858398437,217.23355201417144,1.3605983216818285,0.0,0.0074238308224893,0.0,-0.0025202163718556,0.2894736842105263,0.5711486984275624,-0.8888081156036496,-0.921035666527498,-1.954108283366156,-0.2766529190194563,-0.3307135412755875,0.9257730569525962,-1.9243659415494971,-0.4730115591098365,0.7993176070500372
2020-09-15,39044.3515625,39102.25,38753.6796875,38904.671875,11600,58.54144910942605,53.45242734531051,45.78103595097931,87871900,514.554061728971,38046.980859375,36673.65383789063,230.9941169267986,1.3178706807444396,0.0,0.0066206759660538,0.0,0.0074238308224894,-0.2108843537414966,1.1632151434790288,-0.2123527836940572,-0.3689796451250178,-1.7105607654921966,-0.5436372304853273,-0.6481239856505958,1.0635232278330735,-1.8903267610256331,0.7627252691607974,-0.8013074464263226
2020-09-16,39302.8515625,39359.51171875,39037.9609375,39161.01171875,11700,61.51231823870416,65.91079809555008,52.9829667574713,87883600,500.7681131233302,38106.45765625,36665.065048828124,259.7638573349541,1.2741266682062522,0.0,-0.0082182332110523,0.0,0.0066206759660538,0.0086206896551723,1.691121154110691,0.3260471726187235,0.0985041282016417,-1.3909492876169989,-0.880884062401955,-1.0272140912593146,1.2095714376582931,-1.8548346145879044,0.6304287804308846,-0.0586808454078453
2020-09-17,38979.8515625,39234.80859375,38926.33984375,39120.640625,11400,56.10254996708377,50.34385901497994,56.56902815194684,87872200,491.892656382378,38151.300859375,36654.31344726562,253.57759859679936,1.2619151604353367,0.0,-0.0034384751256708,0.0,-0.0082182332110524,-0.0256410256410256,0.8527624680089833,-0.6481528918594128,-0.4832147960414029,-1.3422300472816853,-1.1294977081463289,-1.1369567495204072,0.9386774157198522,-1.8523777925488545,-1.1030118525468384,-0.1872686491570596
2020-09-18,38845.8203125,39200.421875,38635.73046875,39200.421875,14300,53.98103545212007,63.93249736703528,60.0623848258551,87857900,497.0925670872081,38196.330703125,36644.57350585938,235.14908991479751,1.2796552192444015,0.0,-0.0208949040326692,0.0,-0.0034384751256708,0.2543859649122806,0.4716131191535282,-0.9803102475997384,0.0439733871999558,-1.3805050039629956,-0.927567092470825,-0.9063706177223784,0.6134006998217014,-1.834484396881129,-0.5044216917616574,0.6971286109882431
2020-09-21,38034.140625,38990.76171875,37938.53125,38812.69140625,15800,43.30194818504187,6.94252457433737,40.406293652117526,87842100,536.7452743488361,38223.1396875,36630.73334960938,153.28166114781925,1.4112196714023588,0.0,-0.0078892935417809,0.0,-0.0208949040326692,0.1048951048951047,-1.568447802684729,-2.5053601129967253,-1.932707616339828,-1.8216444848692677,0.557514999805298,0.7807901571872149,0.2589589637792646,-1.86867728821481,-2.277345034031647,0.2084143688875686
2020-09-22,37734.078125,38209.96875,37531.140625,38200.7109375,15300,40.14049080147369,11.099360556164449,27.32479416584569,87826800,546.8940493953478,38257.160078125,36616.02649414063,63.4571040096198,1.449337247841795,0.0,-0.0017399722813554,0.0,-0.0078892935417809,-0.0316455696202531,-2.0970219437721047,-2.572225195192543,-1.636207757460756,-2.2074213310253974,0.9988609864623108,1.3054034789405162,-0.0778318957426697,-1.9030754027672423,-0.8004295514812593,-0.2270901176149911
2020-09-23,37668.421875,38140.0703125,37313.08984375,38124.94140625,15000,39.46159432040242,17.363576669644424,11.801820600048742,87811800,566.9002222063943,38289.49234375,36600.11715820312,-12.878954762585636,1.504974708225401,1.0,-0.0295956203368288,0.0,-0.0017399722813554,-0.0196078431372549,-2.039897821580613,-2.3285411071792117,-1.31807208146683,-2.3966970605784383,1.69150990100996,1.900092112770063,-0.4330913731268002,-1.9393348440123332,-0.1271240858931591,-0.1496079425328984
2020-09-24,36553.6015625,37304.26171875,36495.98046875,37282.1796875,13900,30.140206372137484,2.0122390405203365,10.158392088776395,87797900,610.1531639237948,38291.13078125,36578.98721679687,-161.47117440163856,1.6692012218838246,1.0,0.0228447692718377,0.0,-0.0295956203368288,-0.0733333333333333,-3.3649845545604102,-2.898663078982013,-1.68731987995829,-2.79208709194372,2.753836275069572,3.1076278840628637,-0.8034373949738116,-2.020254140285674,-2.6508241913785806,-0.3773119098771059
2020-09-25,37388.66015625,37471.171875,36730.51953125,36991.890625,13500,41.321276543382965,31.174085755131884,16.849967155098877,87811400,632.111531679238,38298.501171875,36563.70477539062,-209.4350920031502,1.690650397841476,1.0,0.0158595881083178,0.0,0.0228447692718376,-0.0287769784172662,-1.8529293670089677,-1.517086106594139,-0.6894126090549829,-2.59609234796801,2.881220165727409,2.8069216068522227,-0.6269068699837672,-2.0138290588651997,2.051441910763608,-0.1969241570269269
2020-09-28,37981.62890625,38035.87109375,37544.05078125,37756.25,13600,47.719971809081805,51.88169109381991,28.356005296490707,87825000,633.1900606664354,38309.753984375,36551.17577148438,-197.3245848020233,1.6670955904217208,1.0,-0.0002214269501384,0.0,0.0158595881083178,0.0074074074074073,-0.8889820523485135,-0.7814024043312957,0.0058639552193364,-2.2283799425505797,2.4998815003782395,2.2905167918097207,-0.3859065615950549,-1.9747922889379472,1.3586932061392587,-0.0539350694094344
2020-09-29,37973.21875,38235.94140625,37831.3515625,38176.859375,10600,47.64062213701524,51.58799231717831,44.88125638871003,87814400,616.8614737438329,38310.611796875,36539.84247070312,-186.2584781224796,1.6244645411941354,1.0,0.0024941508941745,0.0,-0.0002214269501383,-0.2205882352941176,-0.8611198531577078,-0.7372549391119456,0.048483175537467,-1.9582492161968132,1.906245012505654,1.7846386009652553,-0.771629191189405,-1.9290035783659865,0.017400990131691,-0.8850462759107397
2020-09-30,38067.9296875,38236.33984375,37828.109375,38068.890625,18400,48.6756432928935,54.89547979439722,52.78838773513181,87832800,601.9592591014163,38314.54,36528.11926757813,-167.9105593208733,1.5812765864676792,1.0,0.0165262755005187,0.0,0.0024941508941744,0.7358490566037736,-0.6764932143000706,-0.5785078690580902,0.2103354864292927,-1.7184510213340238,1.4505780146445602,1.358998232544686,-0.3135497461870387,-1.8916816348871035,0.2542992978095792,2.211053526835548
2020-10-01,38697.05078125,38738.890625,38410.19921875,38410.19921875,12900,55.03416561916224,76.86559427280565,61.11635546146039,87845700,606.8879504156009,38325.671640625,36518.69596679688,-101.4356005381851,1.5683054345569356,1.0,0.0071490832483297,0.0,0.0165262755005186,-0.2989130434782608,0.290267346128058,0.1235702696348813,0.9758873094514936,-1.3418606350928617,1.4406237718212376,1.1841091298994268,-0.0027187696311217,-1.8342696771434843,1.3742311990668077,-1.0719056333068595
2020-10-05,38973.69921875,39263.8515625,38819.890625,38956.78125,15500,57.52608310207481,86.5266879835867,72.76258735026319,87861200,604.0245811894866,38342.56765625,36508.51590820312,-26.129297639636206,1.5498261476264852,1.0,0.0154173482577944,0.0,0.0071490832483298,0.2015503875968991,0.6928060528093003,0.4068944217988076,1.2979495266495145,-0.9702389341269968,1.2830147536648324,0.9873328741312914,0.5020053453538605,-1.7899216572281764,0.565487962501458,0.5106179016545326
2020-10-06,39574.5703125,39623.76171875,39191.1015625,39336.33984375,11300,62.399985086868334,98.42727472549431,87.27318566062888,87872500,607.3130039616663,38375.364453125,36501.69516601563,81.10187362150464,1.5346041641539712,1.0,0.0076912750750412,0.0,0.0154173482577943,-0.2709677419354839,1.52983895722428,0.951346595852938,1.6896020371285714,-0.4916693217825886,1.257286060084161,0.8244554524606414,0.8997820124302642,-1.7199803029032947,1.2334444737054264,-0.9492806923439238
2020-10-07,39878.94921875,39968.0390625,39450.8203125,39633.19140625,15000,64.61507174493912,97.43409158156578,94.1293514302156,87887500,600.8777001072615,38403.084453125,36494.32905273438,188.47160005263868,1.5067540942747435,1.0,0.0076161148224837,0.0,0.0076912750750413,0.3274336283185841,1.823251142816425,1.19170242052438,1.6168220211126765,-0.010879196570965,1.0545397707339992,0.5818993202352469,1.4189025200217205,-1.664127255642469,0.5631687884939653,1.0132827366084176
2020-10-08,40182.671875,40468.87890625,40062.23046875,40204.3203125,14400,66.72180607790875,92.7960144022685,96.21912690310953,87901900,600.0956992067428,38445.3153125,36487.44956054688,294.6739440507881,1.4934191063090991,0.0,0.0081332671771219,0.0,0.0076161148224838,-0.04,2.0469959594563414,1.420069288171648,1.476589588954594,0.4779218337646013,0.9761239181613246,0.4386597768032259,1.8204984705704892,-1.611639745661092,0.5508802016337018,-0.2508487087161236
2020-10-09,40509.48828125,40585.359375,40066.5390625,40226.25,16600,68.86957635769322,98.14467929019632,96.12492842467684,87918500,594.2903144419754,38500.783671875,36481.62739257813,400.5936255273919,1.4670397964939126,0.0,0.0020813025189218,0.0,0.0081332671771219,0.1527777777777776,2.2114519916821958,1.628870748411188,1.6173320415514052,0.972247792163344,0.8066408208851434,0.1887052719243172,2.1722739008579373,-1.5566053680697072,0.5708395220777427,0.3867031948797192
2020-10-12,40593.80078125,40905.48828125,40387.3984375,40716.94921875,17600,69.41793871517483,92.93146733709295,94.62405367651924,87936100,588.8474236782629,38560.521875,36476.18870117187,485.7397449118798,1.4505846024406943,0.0,0.0007811768518765,0.0,0.0020813025189219,0.0602409638554217,2.1139120876106454,1.6980773773815283,1.4461196768708733,1.3763010018206032,0.6411965689662716,-0.0105338988529038,2.434734142364511,-1.5058209959779043,0.0895228788582808,0.1298102293007738
2020-10-13,40625.51171875,40786.8203125,40461.96875,40592.5390625,11000,69.63459113059047,93.65061647682477,94.90892103470468,87947100,569.9905764512441,38634.240078125,36471.102958984375,549.4438192739544,1.403036053791231,0.0,0.00416552445349,0.0,0.0007811768518766,-0.375,1.931990692114794,1.59572423340083,1.3658764637187544,1.6344141097513694,0.1788242566588452,-0.4071840786759425,2.395656908053368,-1.4579085059499977,-0.0856725275285485,-1.365459038441915
2020-10-14,40794.73828125,40880.25,40279.55078125,40623.19140625,15000,70.82251542313993,97.48838181698991,94.69015521030254,87962100,572.1840509011553,38696.376640625,36467.77034179687,606.5925056627675,1.4025927730099972,0.0,-0.0261388642243135,0.0,0.0041655244534901,0.3636363636363635,1.9065115354819209,1.6052764380883615,1.391977419497824,1.812246722567861,0.2185706004542352,-0.4017233344121842,2.429480380828545,-1.4002082843650885,0.2250851634737283,1.2042722765644165
2020-10-15,39728.41015625,41048.05078125,39667.46875,41048.05078125,30400,55.96535242522301,69.43529650190719,86.85809826524063,87931700,629.9267637832155,38737.67828125,36460.59358398437,559.3911701478792,1.585582612809681,1.0,0.0064077649092623,0.0,-0.0261388642243135,1.0266666666666668,0.8346758971613925,0.1429000149068863,0.4968627668120809,1.5679091474513192,1.4610073216598476,1.0647036374344585,1.5559795781561072,-1.3863301786040096,-2.181471399427864,2.8920248055529654
2020-10-16,39982.98046875,40125.7109375,39699.421875,39936.609375,11000,58.21879786147564,69.60415774828768,78.84261202239492,87942700,615.3812136915573,38776.82890625,36452.63278320312,536.3428419507691,1.5391079066067337,1.0,0.0112203014505292,0.0,0.0064077649092624,-0.638157894736842,1.0287676596523236,0.372581171236551,0.4850775514880916,1.43618590322673,1.0563553563500387,0.6335845120986612,1.678928656027771,-1.3842745863129209,0.4470417092496295,-2.031256077806238
2020-10-19,40431.6015625,40519.48046875,40211.21875,40318.5703125,12300,61.91738536113937,80.85526595131657,73.29824006717048,87955000,609.7468412850175,38824.64953125,36447.00079101563,547.9603034977554,1.5080947024630185,1.0,0.0027891433159203,0.0,0.0112203014505292,0.1181818181818181,1.3486632032432913,0.7007619825921461,0.7810838848788252,1.4234315597956464,0.872130055038787,0.3507709611302952,1.781128244866886,-1.3622189393863136,0.7832852551111973,0.238828507441771
2020-10-20,40544.37109375,40732.01171875,40305.58984375,40420.2890625,12100,62.808623949317926,84.3574890362184,78.27230424527421,87967100,596.6522008360877,38871.895390625,36443.45395507813,559.8136014647971,1.4716030480691384,0.0,0.0040187452808983,0.0,0.0027891433159203,-0.0162601626016259,1.3476372645292636,0.7450333146907453,0.8341497368383253,1.3958286479695736,0.5369614340167009,0.0274599828078443,1.851122259069204,-1.323967361120682,0.0768154754658434,-0.1960436830693423
2020-10-21,40707.30859375,40976.01953125,40150.48046875,40767.140625,16700,64.11536552043384,87.08258674051149,84.09844724268214,87983800,613.00126238351,38917.901328125,36438.85729492187,575.7185944422163,1.505875194307558,1.0,-0.0036558622429498,0.0,0.0040187452808984,0.3801652892561984,1.3829985403391265,0.8224053855305268,0.863850718479102,1.3723524444557873,0.8465038765464498,0.2829547056673466,1.9610943841326451,-1.3009939425168335,0.1645494788858238,0.9793233492736098
2020-10-22,40558.48828125,40721.5703125,40309.05078125,40531.30859375,13900,61.97356134397791,78.02839716764638,83.15615764812541,87969900,598.6811387311164,38961.678515625,36434.326689453126,569.7471697727597,1.4760933262098035,0.0,0.0031315693491642,0.0,-0.0036558622429498,-0.1676646706586826,1.169447646164266,0.5687691273336178,0.515006164824766,1.267456177104758,0.4772172233308401,0.0041926821787504,1.559507137263779,-1.2803708904395217,-0.4787083373178942,-0.6622532584629925
2020-10-23,40685.5,40811.12109375,40590.8984375,40728.390625,12400,63.10631617844157,80.47599915015178,81.8623276861032,87982300,573.9634011431796,39009.17875,36434.37104492188,568.707846871941,1.4107320818059983,0.0,-0.0132725418146514,0.0,0.0031315693491642,-0.1079136690647482,1.1958626281736,0.6532581520573487,0.55830847174181,1.1900557440532096,-0.1221990473616973,-0.563846766846044,1.6338979058315348,-1.215677617100656,0.1303648541486079,-0.4504773474288903
2020-10-26,40145.5,40724.3984375,39948.2890625,40649.76171875,10100,55.5322331875668,43.49276457540029,67.33238696439948,87972200,588.4023992758096,39054.541953125,36430.75120117187,518.3356383670616,1.4656746068072624,0.0,0.0093809159806204,0.0,-0.0132725418146514,-0.1854838709677418,0.7035346161790581,-0.0855351462643851,-0.7156602843918485,0.9584793932523394,0.1663375299644972,-0.1353575389875316,1.356574651267783,-1.198569771666594,-1.2074905657237505,-0.7075961995825862
2020-10-27,40522.1015625,40555.6015625,39978.390625,40199.078125,13900,59.20922162490858,61.90380529045438,61.957523005335474,87986100,587.603009148966,39103.968359375,36429.273017578125,503.00556388753466,1.450080293201639,0.0,-0.0147978659022689,0.0,0.0093809159806204,0.3762376237623761,0.9549563292578962,0.2604755486845396,-0.1081952697139147,0.8594700583867396,0.1012555819734881,-0.3046492381916065,1.4674591905390868,-1.1611144743834327,0.6508031889703721,1.007200846350976
2020-10-28,39922.4609375,40664.3515625,39774.6015625,40664.3515625,29400,51.85656470938275,18.46990484651797,41.288824904124205,87956700,609.184937066897,39131.851171875,36421.623564453126,437.4279848635561,1.5259203034116489,1.0,-0.0043236156025107,0.0,-0.0147978659022689,1.115107913669065,0.4384652330294047,-0.436082081305776,-1.5213204151414164,0.6035019411208328,0.5925243671879343,0.326351378474647,0.9320273588644632,-1.2049895867347202,-1.2663202394436772,2.717919857346426
2020-10-29,39749.8515625,40010.828125,39524.25,39537.171875,19500,49.9343053769988,14.805187480934034,31.72629920596879,87937200,600.4273076335472,39154.552421875,36412.374228515626,367.29519662694656,1.5105145907009885,1.0,-0.0034158932590353,0.0,-0.0043236156025107,-0.336734693877551,0.2847297920162556,-0.585114498487676,-1.5203765490006884,0.3479170641421317,0.3026044398144826,0.1179060643193242,0.5878893345077794,-1.2771926778331508,-0.3877176686847595,-1.082607888566255
2020-10-30,39614.0703125,39988.25,39241.87109375,39779.8203125,12000,48.41397123488132,20.60698729621828,17.96069320789009,87925200,610.8524218204367,39182.426015625,36401.14612304688,297.33060246292007,1.54200872821616,1.0,0.0036226474928711,0.0,-0.0034158932590353,-0.3846153846153846,0.156835895848217,-0.7020397759199002,-1.2675392447983218,0.1015336618556537,0.5797527872869692,0.3820639184933215,0.3688694784989881,-1.383249491558186,-0.3292932146448233,-1.149486709637107
2020-11-02,39757.578125,39968.03125,39334.921875,39880.37890625,15400,50.14178599014435,28.55236579278605,21.321513523312785,87940600,612.4422041904055,39208.883203125,36390.170869140624,250.5745709673065,1.5404414279583474,1.0,0.0126655295668868,0.0,0.0036226474928711,0.2833333333333334,0.2500876889232059,-0.5205153526117525,-0.9658600947980436,-0.0615069138812742,0.6418176369143299,0.3043566630014098,0.5724015715051602,-1.494995264318507,0.2272892803307175,0.5451057553679676
2020-11-03,40261.12890625,40354.73046875,39952.7890625,39990.75,21400,55.74319806684966,56.43169500542841,35.197016031477574,87962000,611.3500713018051,39238.12421875,36382.112861328125,251.2560949839317,1.5184623181465269,1.0,0.0088177288713553,0.0,0.0126655295668867,0.3896103896103895,0.6132503051504464,-0.0222993916465157,-0.1673654286535953,-0.0706139613902436,0.5590889481394203,-0.0264968308121367,0.8553520234084756,-1.5684677367603237,0.9160795091857312,0.7822343237210082
2020-11-04,40616.140625,40693.51171875,40076.46875,40171.7109375,20900,59.22156547888629,79.24751431493303,54.74385837104916,87982900,611.7567068338191,39273.569453125,36375.53077148437,277.24675837320683,1.506191128502424,1.0,0.0178259066496424,0.0,0.0088177288713553,-0.0233644859813083,0.8535583807195481,0.2697171622601425,0.5191664202973196,-0.0054144441960684,0.5444167944090862,-0.2191797546169764,1.1182331949000044,-1.6212284024286991,0.5430903061222526,-0.2554778788767867
2020-11-05,41340.16015625,41370.91015625,41030.171875,41112.12109375,42600,65.22447028011072,98.5556864342408,78.07829858486741,88025500,621.9719085778319,39318.89421875,36372.50471679687,352.2068503206756,1.5045222520353474,1.0,0.013374366122682,0.0,0.0178259066496424,1.038277511961723,1.394324099683325,0.8380244929075644,1.1062346198710769,0.2176927823517608,1.1046056356182454,-0.241613242536351,1.6909440261212312,-1.6162257616432325,1.232149898176275,2.1285950947024457
2020-11-06,41893.05859375,41954.9296875,41383.2890625,41438.76171875,19000,68.97985545895612,97.71950764747469,91.84090279888282,88044500,621.4574530544153,39374.486015625,36374.32545898438,451.028372070723,1.4834377672942938,0.0,0.0168135513947669,0.0,0.0133743661226819,-0.5539906103286385,1.8925942733420584,1.2892936265112074,1.045561575813147,0.5185182888393624,1.0311390747713618,-0.4770182824061557,1.8828805936464963,-1.5208364572883628,0.8522700584842522,-1.4476297159153635
2020-11-09,42597.4296875,42645.328125,42263.640625,42273.96875,24300,72.98265826510381,98.59265337977814,98.28928248716451,88068800,630.8011729255285,39437.0884375,36380.693564453126,579.5018638598485,1.4808432751768443,0.0,0.0159685397684829,0.0,0.0168135513947669,0.2789473684210526,2.409457409828867,1.7263243783933366,1.0142184692027794,0.9489324344216788,1.6167080663097997,-0.4690056167118731,2.1080948380510467,-1.345981897062387,1.2441476525901345,0.379659565344239
2020-11-10,43277.6484375,43316.44140625,42660.08984375,42959.25,28700,76.17938235600343,99.0479249153956,98.4533619808828,88097500,637.101926198705,39530.075625,36391.504912109376,727.8161880381085,1.4721269505176195,0.0,0.0073022321893572,0.0,0.015968539768483,0.1810699588477367,2.698620035080603,1.9666841191291404,0.9655261337267272,1.4750191915103092,1.9678124017094991,-0.578391425673538,2.320402967150047,-1.0884670041498483,1.158553060224193,0.1496885408959113
2020-11-11,43593.671875,43708.46875,42970.2109375,43444.05859375,30300,77.51073520801926,97.42988100037692,98.35681976518356,88127800,644.3273466487974,39623.933046875,36402.54127929688,860.9325146673655,1.4780295371684549,0.0,-0.0054246512986582,0.0,0.0073022321893572,0.0557491289198606,2.6471714155089763,1.966622702929127,0.8458787738393798,1.936389381039268,2.1671282431526397,-0.4143179356477593,2.508025252671854,-0.8176688346492089,0.2655370219871168,-0.1504194674395172
2020-11-12,43357.19140625,43543.9609375,43127.55078125,43291.890625,14500,74.17009533603024,92.13546034847204,96.20442208808151,88113300,631.5983285845977,39709.35625,36411.26127929687,936.5501974006328,1.456732569844346,0.0,0.0019791086776352,0.0,-0.0054246512986582,-0.5214521452145214,2.250941809129706,1.4587390774708702,0.6004642140344361,2.156538750287719,1.35197791018306,-0.811013760258848,2.109196017901069,-0.5802408994853019,-0.9708796552739236,-1.3517768599849975
2020-11-13,43443.0,43522.25,43053.37109375,43298.921875,24400,74.59791172281635,94.0565779496943,94.54063976618107,88137700,619.975512703555,39798.397421875,36422.70067382813,991.9670138879374,1.4271010581763577,0.0,0.0117328669175701,0.0,0.0019791086776352,0.6827586206896552,2.1090238921909594,1.40238051830887,0.6469289575208615,2.26030482935646,0.6910852380989521,-1.3803191253966438,2.229237663193978,-0.2603125090256,-0.1959359831781437,1.2569119221118208
2020-11-17,43952.7109375,44161.16015625,43699.21875,44095.8515625,20900,77.03148983025,95.7626149611939,93.98488441978674,88158600,626.988701528301,39910.308046875,36437.62993164062,1064.740981775285,1.426507462576923,0.0,0.0051723736466056,0.0,0.0117328669175702,-0.1434426229508196,2.244156000894919,1.5645978527323046,0.6953510384239006,2.3783260425599475,1.0091682997678428,-1.3054288830987146,2.2587932819745897,0.1761584124094465,0.7711060557467572,-0.5400086606493306
2020-11-18,44180.05078125,44215.48828125,43785.78125,43978.578125,18300,78.04192047704132,99.28749039855612,96.36889443648144,88176900,612.8971536512794,40025.564453125,36452.53688476563,1127.759195071354,1.3872712747342353,0.0,-0.0131301307601979,0.0,0.0051723736466056,-0.124401913875598,2.1443200924817543,1.5524776534309592,0.8259308408760263,2.3841519401159004,0.2538033229166075,-1.9696111786906327,2.2356594682664683,0.6469660019211703,0.1492714575728282,-0.5126874207263682
2020-11-19,43599.9609375,44230.0,43518.109375,43902.23828125,24100,69.62517192870702,87.36923054032191,94.13977863335732,88152800,619.9681158904738,40130.256640625,36465.96758789063,1118.0055091771428,1.4219464938952362,0.0,0.0064745255828246,0.0,-0.0131301307601979,0.3169398907103824,1.5962989394659517,0.5700092232816262,0.3942039279627028,2.1160450681805645,0.5915311374364308,-1.1507169416107776,1.779898372682989,1.0900864991118646,-1.590974406039398,0.4658485617492131
2020-11-20,43882.25,44013.01953125,43453.75,43732.140625,17100,71.2501073471081,92.89592543530652,93.1842154580615,88169900,615.6325027018685,40244.023203125,36481.76139648438,1120.1417145685482,1.4029191819058242,0.0,0.0044413957237835,0.0,0.0064745255828246,-0.2904564315352697,1.6354120165038608,0.730869065271126,0.6030072678362954,1.922032782016988,0.3366477210542558,-1.4326403221639794,1.8160685680557256,1.5676702924981778,0.3436260156412523,-0.8519454834823783
2020-11-23,44077.1484375,44271.1484375,43747.21875,44164.171875,17800,72.34991743392021,95.50755314337404,91.92423637300082,88187700,609.0823016160208,40348.759765625,36502.78559570313,1124.597685720575,1.3818550500826527,0.0,0.0101156973523872,0.0,0.0044413957237834,0.0409356725146199,1.613431067656502,0.8341741375105918,0.7069076986814146,1.7618143268571025,-0.035057011875664,-1.7045590165494038,1.8410889244164892,2.080664736143443,0.1559152874860285,-0.1176536233143555
2020-11-24,44523.01953125,44601.62890625,44247.12109375,44341.19140625,17900,74.73140445293302,98.26283772760117,95.55543876876057,88205600,603.0393135541623,40462.129140625,36521.45379882812,1150.8409676263543,1.3544438807230912,0.0,-0.0156080601914757,0.0,0.0101156973523872,0.0056179775280897,1.720342235550944,1.0627872465545,0.8006821641612285,1.6913373654625492,-0.3901341582101242,-2.009804632085052,1.850445706940285,2.368873112571708,0.6855591944818602,-0.1909453772346039
2020-11-25,43828.1015625,44825.37109375,43757.96875,44749.73046875,19100,65.2924544015598,73.72286739723603,89.16441942273707,88186500,636.2081014252935,40563.55859375,36534.88100585937,1102.851895058222,1.4515985834295022,0.0,0.0098484009884497,0.0,-0.0156080601914757,0.0670391061452513,1.2204048760516444,0.0434355110930947,-0.1006506757679313,1.4155051238268164,1.3720750605743388,-0.3259833044730467,1.5182478464196247,2.417813915952819,-1.6945892037238532,-0.0904000794348219
2020-11-26,44259.73828125,44361.78125,43582.3984375,43967.58984375,14600,67.9963480560611,83.56713153943663,85.18427888809127,88201100,646.4348665020583,40667.866328125,36549.64954101563,1087.118064826107,1.460548325871848,0.0,-0.0024857700366612,0.0,0.0098484009884496,-0.2356020942408376,1.3629997737675186,0.3536795367855078,0.2938252557809833,1.2738838980863747,1.8905635602822228,-0.2042546072701442,1.5370340737700776,2.430777393968886,0.6536740235825174,-0.7187787993193319
2020-11-27,44149.71875,44407.28125,43995.41015625,44325.03125,15700,66.57271499919852,73.62515877481499,76.97171923716255,88185400,629.6803113054827,40764.803671875,36564.68887695312,1053.6256931789976,1.4262385562886122,0.0,0.0114547197710064,0.0,-0.0024857700366612,0.0753424657534247,1.2165340592616287,0.1594581270407566,-0.0930602524212721,1.0939067041855717,0.8871510497717885,-0.8014167857380989,1.2871852399640549,2.398591187568282,-0.6434083100582138,0.0471562560711883
2020-12-01,44655.44140625,44730.7890625,44118.1015625,44435.828125,16000,69.71186659068175,92.15207320065234,83.11478783830131,88201400,628.466539069377,40878.31546875,36583.06797851562,1055.720648732633,1.407368327975852,0.0,-0.0008375763976831,0.0,0.0114547197710064,0.019108280254777,1.3946774036087497,0.4733347444113777,0.5865751273930131,1.031340392934766,0.7796244917203486,-1.11036532614421,1.3478707524310536,2.383342222681126,0.8123553421640748,-0.1496503659176996
2020-12-02,44618.0390625,44729.640625,44169.96875,44729.51953125,16000,69.19431613398129,88.82403599756591,84.86708932434442,88185400,623.5526344929929,40993.75984375,36600.07747070312,1042.347328383119,1.3975348258123437,0.0,0.0003274320276499,0.0,-0.0008375763976832,0.0,1.278805074728049,0.3872103768703523,0.4478493125574539,0.9294952391231436,0.4600050790874491,-1.2218691904866057,1.1123496528882482,2.323800743711553,-0.4421936922086973,-0.1882652314063447
2020-12-03,44632.6484375,44953.01171875,44551.421875,44902.01953125,30700,69.2902208978008,83.13558485568817,88.03723135130213,88216100,607.6981494399218,41125.73,36615.41122070313,1021.1564739396708,1.3615552083827018,0.0,0.0100129022004106,0.0,0.00032743202765,0.91875,1.200120874625409,0.3734013731076643,0.2328363885783889,0.8125766194241678,-0.5099937588766578,-1.7679580686294227,1.3183278611465277,2.2390597410139645,-0.3094468916107342,1.9335932982797897
2020-12-04,45079.55078125,45148.28125,44665.91015625,44665.91015625,27600,72.14682295338264,96.71916866959911,89.55959650761774,88243700,601.1220539442131,41272.639453125,36633.51002929688,1028.5671712539042,1.333469485668075,0.0,0.0077067753056337,0.0,0.0100129022004107,-0.1009771986970684,1.3391506715291466,0.6624510844156085,0.7329900396619021,0.7846271742283699,-0.8713633451847161,-2.0561807156196075,1.4687103923307196,2.1873020535677243,0.6889018355178971,-0.4531237815192082
2020-12-07,45426.96875,45458.921875,45024.46875,45099.921875,18700,74.1591741181179,98.40646453312138,92.75373935280288,88262400,589.2171304481978,41427.810390625,36654.35618164062,1050.365963850476,1.2970645998654662,0.0,0.0039963698601395,0.0,0.0077067753056336,-0.322463768115942,1.414088677216296,0.8363221864282196,0.7630874973657747,0.7979461381984312,-1.5237607082664302,-2.341184881694119,1.5247131120846953,2.15750055595834,0.4099244912726968,-0.9595958341256912
2020-12-08,45608.51171875,45742.23046875,45335.171875,45568.80078125,18200,75.16875108300202,94.15687606575732,96.42750308949262,88280600,576.2058063983266,41608.90859375,36677.12028320313,1069.956867650064,1.263373402648094,0.0,0.0108529803450373,0.0,0.0039963698601395,-0.0267379679144385,1.4010585009802947,0.8937511684598048,0.5834181085009963,0.8032230070646409,-2.308640158224552,-2.4868819246517835,1.5648137938132796,2.135133669012388,0.0146364699475649,-0.2681171613001512
2020-12-09,46103.5,46164.1015625,45792.01171875,45891.0390625,20700,77.72419639304273,97.76407004395764,96.7758035476121,88301300,574.7332376377318,41783.205390625,36703.16588867187,1112.598870354588,1.2466151976264963,0.0,-0.0031151885160562,0.0,0.0108529803450374,0.1373626373626373,1.5418857042526528,1.102699289532994,0.665629771330688,0.8705555561654383,-2.248314695950235,-2.3547272714906056,1.621040264428855,2.1284236189139056,0.6905894576963871,0.0956322212105684
2020-12-10,45959.87890625,46043.96875,45685.87109375,45999.421875,12700,75.30268517072707,92.46508611371334,94.79534407447608,88288600,563.5114996814652,41942.770390625,36726.35028320312,1121.8717040791598,1.2260943960077195,0.0,0.0030272667337484,0.0,-0.0031151885160562,-0.3864734299516908,1.371545783362487,0.7779694610614596,0.4273361662713958,0.8396393913421925,-2.580602941579095,-2.2788474123048617,1.4029194347196543,2.086212691776248,-0.8153366454244458,-1.078697126787697
2020-12-11,46099.01171875,46309.62890625,45706.21875,46060.3203125,26300,76.08015687239238,92.27725012926632,94.16880209564574,88314900,566.3614037220749,42105.28625,36750.994736328124,1127.4507958396716,1.2285760206258758,0.0,0.0033503802574401,0.0,0.0030272667337485,1.0708661417322831,1.3647676612841784,0.8165918424991374,0.3650286997722173,0.7995688774570752,-2.1600469646041325,-2.024906919104425,1.5320151469100678,2.052509032975813,-0.2186993799986449,2.375395711573144
2020-12-14,46253.4609375,46373.33984375,45951.53125,46284.69921875,18400,76.94769783729862,95.70471433110188,93.48235019136052,88333300,556.0362030097838,42268.996875,36780.44588867188,1131.2941724088596,1.2021504807199788,0.0,0.0002099505053929,0.0,0.0033503802574401,-0.3003802281368821,1.3815708984169506,0.8867196226337504,0.4760565135661563,0.7577646841759904,-2.324096669527054,-2.0693748359852093,1.6028551646843807,2.0478057639534457,-0.2151467261492627,-0.8855484717846903
2020-12-15,46263.171875,46350.30078125,45841.671875,46287.390625,16400,77.00417083793067,96.05265920297391,94.67820788778072,88349700,552.6499675269421,42420.319296875,36810.35575195312,1122.1877852774924,1.194578635939977,0.0,0.008717280855486,0.0,0.0002099505053929,-0.108695652173913,1.3468200108885255,0.8940566113593521,0.4728414227237675,0.6809194946696485,-2.174470752546146,-1.9575088433808103,1.6751770802075518,2.0376990644533315,-0.6252865344276894,-0.4591526182909154
2020-12-16,46666.4609375,46704.96875,46402.19921875,46573.30859375,13100,79.27488975553064,98.76679118014256,96.84138823807278,88362800,544.7318894893034,42574.17453125,36844.24325195313,1134.435893960588,1.167287766301495,0.0,0.0047974262832966,0.0,0.008717280855486,-0.2012195121951219,1.5472582524578635,1.3038649187122058,0.7623007754756811,0.6809000049404805,-2.179808388111068,-2.026207649676109,1.722468378330796,2.0453820906816653,0.4150480217617616,-0.6422368672846318
2020-12-17,46890.33984375,46992.5703125,46627.6015625,46774.3203125,17200,80.43015851288484,96.58908889013428,97.13617975775026,88380000,531.8916652400675,42720.489921875,36879.96665039063,1148.963232100199,1.1343310093559988,0.0,0.0015003423463005,0.0,0.0047974262832966,0.3129770992366412,1.6472511263399892,1.5582477783509308,0.5421552768213519,0.7044207128661188,-2.287682168148553,-2.104513090577896,1.8032650785377888,2.053958228022142,-0.0412952007789808,0.6088642609682448
2020-12-18,46960.69140625,47026.01953125,46630.30859375,47026.01953125,12800,80.79248707266727,97.7534398940393,97.70310665477204,88392800,522.1644704014913,42862.124765625,36923.283662109374,1152.8635421001818,1.1119181910767104,0.0,-0.0299554888700548,0.0,0.0015003423463004,-0.2558139534883721,1.6635518041621578,1.656861471250108,0.6542358583537403,0.7074569888373018,-2.262427957210313,-2.0744976261570245,1.8388383646418025,2.092309255005764,-0.427686628361696,-0.7456595062830746
2020-12-21,45553.9609375,47055.69140625,44923.078125,46932.1796875,24400,57.76290274247396,47.95998619279995,80.7675049923245,88368400,637.1965283192419,42969.550546875,36960.33336914062,1030.5634792984492,1.3987730489418364,0.0,0.0099383337789472,0.0,-0.0299554888700548,0.90625,0.642509380609707,-3.0803928931095235,-4.091198906702514,0.0137443528713662,0.99110188010429,0.436909466674084,1.5132833707226023,2.0836389359358263,-3.3948087623726333,2.110623341046057
2020-12-22,46006.69140625,46080.1796875,45112.19140625,45529.609375,25100,61.56047978292821,58.11153763962483,67.94165457548802,88393500,660.8245106714388,43079.494609375,36997.24833007813,959.1152796897076,1.4363660816992938,0.0,0.0095092315460565,0.0,0.0099383337789471,0.028688524590164,0.9515274306496824,-2.115263980949549,-2.632048938450797,-0.6711866601763796,1.5566798881965378,0.7948561169552175,1.6756615421209415,2.0691909248560614,0.6982148676002429,-0.1043927230178119
2020-12-23,46444.1796875,46513.3203125,45899.1015625,46072.30078125,10500,64.84942297516673,74.41139356374146,60.16097246538874,88404000,657.495527766336,43196.5021875,37037.42182617188,927.1066069371082,1.415668297277074,0.0,0.0113977548653415,0.0,0.0095092315460565,-0.5816733067729083,1.2509074929854662,-1.4062800835741982,-1.209475219583714,-1.3437890747421015,1.404678337472158,0.6404083181211817,1.6772279897195892,2.0645013158752485,0.6982602769343499,-1.537157719533497
2020-12-24,46973.5390625,47053.3984375,46539.01953125,46743.48828125,13700,68.37534773542666,96.14780867809996,76.22357996048873,88417700,654.047186497312,43323.462734375,37079.93647460938,933.691367806874,1.3923736630256418,0.0,0.0080941514113747,0.0,0.0113977548653414,0.3047619047619048,1.584923437370944,-0.730903732906448,0.5477083935978772,-1.6701409897091584,1.27770878882196,0.4610403279753863,1.696168893573048,2.061618508764738,0.9329484863543168,0.6388416743190223
2020-12-28,47353.75,47406.71875,47148.23828125,47153.58984375,9600,70.65239442702668,97.86729410580486,89.47549878254875,88427300,638.2709365689326,43454.64296875,37128.82211914063,958.5402282569048,1.347878333962849,0.0,0.0054764010242061,0.0,0.0080941514113748,-0.2992700729927007,1.7510218973135208,-0.2903855865920247,0.6848690381169282,-1.531287786201842,0.8782359835672799,0.0885254445730953,1.662131964983241,2.0753663991031472,0.5716767006842834,-0.8068085787837723
2020-12-29,47613.078125,47714.55078125,47361.8984375,47466.62109375,12800,72.12656058154656,96.36490595661732,96.7933362468407,88440100,618.4516397604374,43612.336328125,37188.71276367187,987.7723171763572,1.298911274202433,0.0,0.0027963036678801,0.0,0.0054764010242061,0.3333333333333332,1.8142105042807335,-0.013479072771114,0.5497294467132834,-1.187402657567505,0.375276725841147,-0.3389114446718074,1.672589971493371,2.117338926618097,0.2528685864445139,0.6771572113739156
2020-12-30,47746.21875,47807.8515625,47358.359375,47789.03125,15600,72.87976501093823,97.86351289502262,97.3652376524816,88455700,606.3831074561203,43767.60109375,37248.95686523437,1010.0391909203609,1.2700128373121071,0.0,0.0001070110918469,0.0,0.0027963036678801,0.21875,1.7794665430017464,0.1327531709031193,0.6564055033946498,-0.877215183177537,0.0706718315731183,-0.5767426838821643,1.6969483280813575,2.138778073564834,-0.0435489516213658,0.448336731986067
2020-12-31,47751.328125,47896.96875,47602.12109375,47753.109375,13900,72.9100183201328,95.10269060416437,96.44370315193476,88469600,584.1305752271118,43913.995625,37323.82280273437,1016.3819146124296,1.2232760808202374,0.0,0.0024638548993238,0.0,0.0001070110918468,-0.1089743589743589,1.6452875907432989,0.165237334154958,0.4378984956120555,-0.7516537630247248,-0.4787000833502665,-0.9730889347249962,1.6944421192348396,2.189454120187605,-0.2998584374012262,-0.4056009822782717
2021-01-01,47868.98046875,47984.359375,47771.1484375,47785.28125,82700,73.63923228953331,96.23102561223344,96.39907637047344,88552300,559.0520519966037,44060.4878125,37392.65030273437,1019.153957295828,1.1678795882472703,0.0,0.0064304756334,0.0,0.0024638548993238,4.9496402877697845,1.601563107954722,0.3321539773161507,0.5392788387850946,-0.6619478685412007,-1.0720366332837912,-1.4084485842006529,2.2263808745056743,2.193683976038668,-0.0280603307772453,4.865883076789404
2021-01-04,48176.80078125,48220.46875,47594.46875,48109.171875,13900,75.49761836716425,98.6756810546218,96.66979909033984,88566200,563.8340482825606,44209.87765625,37476.58395507813,1034.2669620216184,1.170343483044229,0.0,0.0054171398789014,0.0,0.0064304756334001,-0.8319226118500604,1.711704326497456,0.6398330327456628,0.6997723574581455,-0.4009774226359985,-0.8910697680993053,-1.2897235594845071,2.1229008487967858,2.225532315465183,0.3603405375629714,-1.018938969407437
2021-01-05,48437.78125,48486.23828125,47903.37890625,48037.62890625,12200,76.97941838736604,98.6400546389978,97.84892043528434,88578400,565.1930001909492,44367.463515625,37565.877412109374,1055.14007192618,1.1668432896912453,0.0,-0.0054445651605893,0.0,0.0054171398789013,-0.1223021582733813,1.7674708681793705,0.8682350540683843,0.6767549173248143,-0.0585947755297047,-0.8064112186180759,-1.2328051855102216,2.0189494349372485,2.2465307618893724,0.2455707890849282,-0.3093170430484191
2021-01-06,48174.05859375,48616.66015625,47864.140625,48616.66015625,22500,72.22607254015531,88.01701007977309,95.11091525779754,88555900,578.5734666951671,44517.2346875,37662.40015625,1038.4315550061074,1.2010062751288095,0.0,-0.0016759700886085,0.0,-0.0054445651605894,0.8442622950819672,1.470174971645111,-0.0030427966037629,-0.1451529359612808,-0.2720249160479518,-0.4397226613303187,-0.8529464572764236,1.685627595485962,2.261475789834175,-0.9785269907130906,0.636657926370675
2021-01-07,48093.3203125,48558.33984375,48037.87109375,48524.359375,18400,70.78501000213362,85.83110272569502,90.8293891481553,88537500,574.4231297883695,44676.19109375,37761.42560546875,1007.0661981740632,1.194392747383404,0.0,0.0143302937241966,0.0,-0.0016759700886085,-0.1822222222222221,1.3170696636738208,-0.2439346937927209,-0.2877327411537318,-0.7010149961748978,-0.5186183334526621,-0.8588227733876754,1.426821031332697,2.2600961619488515,-0.5003551421003415,-0.3872234011229908
2021-01-08,48782.51171875,48854.33984375,48365.578125,48464.91015625,22200,75.3129711354568,98.17289892816298,90.67367057787702,88559700,587.7514441784859,44841.399296875,37855.758359375,1025.993894622763,1.2048404714523513,0.0,0.0099791621340991,0.0,0.0143302937241966,0.2065217391304348,1.7228051598129157,0.540158960910355,0.6474994094419156,-0.3643583244796161,-0.1438531831334944,-0.7091524862804975,1.4995520512535283,2.2330960271632683,1.3233349472392149,-0.0022138090442443
2021-01-11,49269.3203125,49303.7890625,48956.37890625,49252.30859375,21200,77.91652961936826,99.1776703580172,94.39389067062504,88580900,583.0032941478797,45028.336484375,37972.198759765626,1067.9647822862971,1.1832988367813293,0.0,0.0050292770618378,0.0,0.0099791621340992,-0.045045045045045,1.9267384646774215,0.9642178787807304,0.6849356441148813,0.318158868308217,-0.2189448535231315,-0.8661605658334169,1.554708436827159,2.241708858790779,0.7854302347897394,-0.2614435966279173
2021-01-12,49517.109375,49569.140625,49079.5703125,49228.26171875,12700,79.12341637648578,98.58226985833342,98.64427971483784,88593600,576.3295097444598,45223.681640625,38086.41416015625,1108.4440664125796,1.1638997449948778,0.0,-0.0005006161064909,0.0,0.0050292770618378,-0.400943396226415,1.9598024130251648,1.1144436795179948,0.5859495684932793,0.9246197081151736,-0.3552895283185033,-1.002446570942097,1.5532890769844416,2.2279075971752644,0.1452842048495501,-0.5995190704377222
2021-01-13,49492.3203125,49795.19140625,49073.8515625,49763.9296875,27200,78.6602710450519,90.69855322824444,96.15283114819836,88566400,586.6873907448555,45421.246640625,38191.19686523438,1125.5492889740565,1.1854109628331149,0.0,0.0018556382721624,0.0,-0.0005006161064909,1.1417322834645671,1.7985029045986265,0.9625262164379208,-0.0713413791501715,1.1317323433276356,-0.0376959895024115,-0.7260487413648122,1.2601368730516893,2.186955598990457,-0.4998511210744408,0.8917552496640329
2021-01-14,49584.16015625,49663.578125,49182.37109375,49432.828125,24500,79.14727314229197,92.02738998258612,93.76940435638797,88590900,579.1530793523658,45617.77828125,38289.383818359376,1133.4502994398936,1.1680203466738854,0.0,-0.0110819318007696,0.0,0.0018556382721623,-0.0992647058823529,1.741680289798933,0.9854451837847422,0.031199386957791,1.1771860222353363,-0.208546238232523,-0.8578733070289742,1.391573971268786,2.133750746071533,-0.2150980710964927,-0.3273666698762655
2021-01-15,49034.671875,49656.7109375,48795.7890625,49656.7109375,14700,69.00094399305718,68.79064615463533,83.83886312182194,88576200,599.2794218986254,45793.249140625,38385.47922851562,1082.8899142699374,1.22215444497379,0.0,-0.0095932597438228,0.0,-0.0110819318007695,-0.4,1.2823156388338,-0.8897112810504656,-1.7858745207198308,0.384935945959837,0.3666255709353139,-0.2107888593514403,1.2050891476364651,2.080541721130823,-1.7131069681767923,-0.5813487899944285
2021-01-18,48564.26953125,49122.23046875,48403.96875,49061.21875,16600,61.70789024856249,49.48679846560516,70.10161153427552,88559600,607.7781573880093,45952.21171875,38486.09897460938,993.4114777918368,1.2514924310699616,0.0,0.0171735215890218,0.0,-0.0095932597438228,0.129251700680272,0.8792901711410854,-2.0135089683794023,-2.7458125433277014,-0.9370291683390496,0.5982714264581187,0.1596782525152071,1.003683286533729,2.0378737586433604,-1.4195894084460363,-0.0669529228791044
2021-01-19,49398.2890625,49499.859375,48805.5390625,48900.30859375,11000,68.13800562911521,81.96490854389094,66.74745105471045,88570600,631.1932778424372,46113.374296875,38585.74796875,978.5178337244652,1.2777634404378562,0.0,0.0079725844502774,0.0,0.0171735215890218,-0.3373493975903614,1.4283841245923432,-0.8664564044578601,-0.4864085386106566,-1.099135103947376,1.1867771245584349,0.4763505986593679,1.0447479233335726,1.9957175157617115,1.611138196478763,-0.5272211092622703
2021-01-20,49792.12109375,49874.421875,49373.6796875,49508.7890625,12200,70.64477501250059,96.3902423980756,75.94731646919055,88582800,621.8753428179773,46271.355546875,38693.38202148437,987.1146240993256,1.248943264833191,0.0,-0.003361161792744,0.0,0.0079725844502775,0.1090909090909091,1.6148969652154683,-0.416881821496061,0.4969837752143968,-0.920091820633098,0.8788185529527699,0.1438717982699131,1.0974695738421874,1.966570297942948,0.5593297627426405,-0.0908909360270953
2021-01-21,49624.76171875,50184.01171875,49398.859375,50096.5703125,19300,68.18959560195394,78.40352499460721,85.58622531219123,88563500,633.5379857416932,46411.9021875,38803.55108398438,969.250226255128,1.2766569829237489,0.0,-0.0150373045714404,0.0,-0.0033611617927441,0.5819672131147542,1.3846814874227429,-0.7775801030289775,-0.6884626555274994,-1.099641508783987,1.1190300427878868,0.4562642426486559,0.8570850132370665,1.940298987878107,-0.6586783232396864,0.3609564803267199
2021-01-22,48878.5390625,49676.87890625,48832.078125,49594.94921875,18400,58.43750127349,43.72650015912118,72.84008918393465,88545100,648.628185420858,46523.92,38897.60772460938,884.6805832717291,1.3270204017175518,0.0,-0.0108626245573969,0.0,-0.0150373045714403,-0.0466321243523316,0.760470877195659,-2.1371593141863827,-2.5767754877835403,-2.0635932575417297,1.406310414087136,0.9893789672047496,0.6247747100055092,1.8940056641282512,-1.8225109978098,-0.2713683706897804
2021-01-25,48347.58984375,49263.1484375,48274.921875,49253.6796875,15500,52.666113104184326,20.839486299582244,47.656503817770194,88529600,672.8852123550824,46618.998359375,38989.87586914063,765.985562535192,1.3917657830094872,0.0,-0.0193941447604799,0.0,-0.0108626245573969,-0.1576086956521739,0.2956835060005992,-2.5628377730017182,-3.091959394730918,-2.970246025710963,1.837976146294156,1.594960788705953,0.4077386990705777,1.8505258144876289,-1.2894362721125452,-0.3443609261258695
2021-01-27,47409.9296875,48387.25,47269.6015625,48385.28125,19600,44.3380760237737,4.814975157119325,23.12698720527424,88510000,704.654014151148,46700.053125,39071.127421875,589.4626071856619,1.4863004834553373,0.0,-0.0112965852518698,0.0,-0.0193941447604799,0.2645161290322579,-0.5138354354217117,-2.969464861604107,-3.056519564375199,-3.5982756457522447,2.291557106776082,2.289922345660781,0.1277139821476474,1.7988545253126933,-1.946159926810478,0.0597568911907065
2021-01-28,46874.359375,47172.01953125,46518.48046875,46834.5703125,25000,40.40772368121972,9.708794768834668,11.78775207517873,88485000,717.9965287653516,46768.6803125,39152.04912109375,401.7200661604074,1.5317468619065295,1.0,-0.0125567549423175,0.0,-0.0112965852518698,0.2755102040816326,-1.002309092244514,-2.8083307128680643,-2.449740974727168,-3.670394631497688,2.27940282793018,2.3680955319033306,-0.2405340585095678,1.7535663432853024,-1.106957446909727,0.058033585339769
2021-01-29,46285.76953125,47423.66015625,46160.4609375,47423.46875,14500,36.570904799114565,3.114378333037225,5.879382752997059,88470500,756.9395780499693,46815.341484375,39231.57891601563,203.09728931826976,1.635361333981752,1.0,0.0500119122398327,0.0,-0.0125567549423175,-0.42,-1.4743081373375004,-2.6743920448816176,-2.3301124073030706,-3.5576094458197183,2.6344413190549525,2.739940056611988,-0.4986722237031103,1.7124902765300782,-1.143576253201655,-0.6327093141662403
2021-02-01,48600.609375,48764.3984375,46433.6484375,46617.94921875,22000,54.76332435919186,60.64664198774986,24.489938363207237,88492500,879.9173872071143,46903.75265625,39321.568916015625,229.8262432673946,1.81050690212074,1.0,0.0246315712990995,0.0,0.0500119122398328,0.5172413793103448,0.4399453661463638,-1.0412412839638328,-0.4386576759416301,-2.823219953685001,3.605139332139441,3.2030922308344385,-0.266572245135496,1.6883112217302707,3.44316308086526,0.3003960314011296
2021-02-02,49797.71875,50154.48046875,49193.26171875,49193.26171875,28400,60.99394787746145,90.39920235255512,51.38674089111405,88520900,928.0569376744633,47027.7078125,39412.61390625,343.6445334751916,1.863653518615174,1.0,0.0091978359952482,0.0,0.0246315712990996,0.290909090909091,1.360685221707539,-0.4587552160312865,0.5362305137045774,-2.0984545764196807,3.324546900020324,2.905613580541957,0.0814585479142002,1.6678030869209934,1.5272338147998272,0.0555940522866475
2021-02-03,50255.75,50526.390625,49515.87890625,50231.05859375,22400,63.08876157839161,93.80107687545072,81.6156404052519,88543300,933.9465648941444,47155.1778125,39505.65265625,465.4403359630742,1.8583874778391416,1.0,0.0071342893599239,0.0,0.0091978359952482,-0.2112676056338028,1.6845792556832309,-0.2925409864598792,0.601142425798204,-1.506268016903662,2.787311132694952,2.475454527330493,0.3628526046851119,1.652167816092737,0.4309861421799536,-0.4141834456955848
2021-02-04,50614.2890625,50687.51171875,49926.44921875,50212.25,33600,64.6874665935986,98.38255279677288,94.1942773415929,88576900,921.5977031159912,47285.920625,39605.540546875,584.1616410636852,1.8208251467840937,1.0,0.0023183145693324,0.0,0.0071342893599239,0.5,1.8890366935916267,-0.1604112750270684,0.7051306553228527,-1.0086036203761355,2.3200257747787703,2.062861146995875,0.8777444338522103,1.6463146932767436,0.2861594548509587,0.2887795238264259
2021-02-05,50731.62890625,51073.26953125,50565.2890625,51031.390625,32200,65.21841557614573,93.0459203023983,95.07651665820728,88609100,892.0536149469918,47410.0928125,39702.3009375,679.8802392500438,1.75837763182308,1.0,0.0121648099677708,0.0,0.0023183145693324,-0.0416666666666666,1.8609319616227045,-0.1142863684327179,0.5080975288207696,-0.6303393029251196,1.8626846803722048,1.6489299627368714,1.4058964168386456,1.638626154233884,-0.0532276575832205,-0.2793779714128785
2021-02-08,51348.76953125,51523.37890625,51146.671875,51146.671875,20600,67.94803378714366,96.74413489041864,96.05753599652992,88629700,884.8890710222067,47560.506171875,39799.729384765626,796.3561111709787,1.7232916759255117,1.0,-0.0003834835075846,0.0,0.0121648099677709,-0.3602484472049689,2.1655163575090395,0.1298831363512672,0.6275245010390237,-0.197297941726029,1.6531345358685643,1.4015349505947197,1.723987186130074,1.633820281995262,0.6765719722738098,-0.5784413789323279
2021-02-09,51329.078125,51835.859375,51193.9296875,51484.23046875,21200,67.76529230596637,91.07056084994032,93.62020534758574,88608500,867.5348293420492,47701.89296875,39899.738671875,876.9660284318743,1.6901430164581768,1.0,-0.0003835545215142,0.0,-0.0003834835075846,0.0291262135922329,1.9455578562014544,0.1224521796292612,0.4522867258830084,0.101336985979182,1.4063912192981374,1.1883733230182996,1.2754948701124036,1.6337015655462968,-0.2351719833900657,-0.1953310839955099
2021-02-10,51309.390625,51512.859375,50846.21875,51355.890625,16000,67.56962858841571,90.7236689054045,92.8461215485878,88592500,853.1852433176172,47845.08640625,39997.57022460937,928.557518839334,1.6628247440185169,1.0,0.0043292056979092,0.0,-0.0003835545215141,-0.2452830188679244,1.76103681080205,0.1190755067945339,0.4486290240505658,0.2944718755376613,1.210407020310028,1.0143414919983182,0.908432280384685,1.632557479764996,-0.2206086300707103,-0.4536445821452113
2021-02-11,51531.51953125,51592.44921875,51157.30859375,51165.83984375,12100,68.66883369412221,94.63755986295016,92.143929872765,88604600,823.3249134377874,47982.60796875,40094.65522460938,976.11603496952,1.597711305482662,1.0,0.0002480278112553,0.0,0.0043292056979091,-0.24375,1.762405146682174,0.2313694424145927,0.5817749103109506,0.4708065887734189,0.9271923187282312,0.712762162093842,1.1480650733618345,1.6324905006850687,0.1262088627678883,-0.4349652849635443
2021-02-12,51544.30078125,51804.578125,51260.62109375,51614.76953125,15100,68.73450038361136,94.86276431583136,93.40799769472864,88619700,803.3700647100883,48121.133203125,40188.77592773437,1003.272738091815,1.5586011499496877,1.0,0.0118311455535707,0.0,0.0002480278112553,0.2479338842975207,1.6288283959582548,0.2512308201646532,0.5895309816476665,0.5709205415543865,0.7288323415151778,0.5188529426146868,1.463821217796327,1.6305505373413611,-0.177729182179308,0.0505231576583329
2021-02-15,52154.12890625,52235.96875,51886.4609375,51907.75,14700,71.77421867448808,98.65295467842836,96.05109295240328,88634400,795.3913435700821,48271.5628125,40280.95846679688,1061.7633076253187,1.525078378741294,1.0,-0.0009578729871953,0.0,0.0118311455535706,-0.0264900662251655,1.874283257029593,0.5341126492658285,0.7101014616217094,0.7741551907297455,0.6205419345814128,0.3459402309091492,1.6800695210522183,1.6288691727911029,0.6556223882939354,-0.1429004878984382
2021-02-16,52104.171875,52516.76171875,51863.609375,52400.03125,21100,71.16383743311908,93.50896287087184,95.67489395504386,88613300,785.2314150115047,48412.055234375,40382.902578125,1091.504209380917,1.5070413495781227,1.0,-0.0076835258213188,0.0,-0.0009578729871952,0.435374149659864,1.6816953716086087,0.4963793881324069,0.5490680032575159,0.8695332816609405,0.4982736617541033,0.2335683872380147,1.105193335788185,1.638858767319068,-0.2702136379384549,0.9423292302820911
2021-02-17,51703.828125,52078.1484375,51586.33984375,51996.94140625,13600,66.29803495654338,87.21058644442984,93.12416799791,88599700,766.1314590285401,48537.592421875,40484.15416992187,1070.4304377149963,1.481769313437157,0.0,-0.0073328558541814,0.0,-0.0076835258213189,-0.3554502369668246,1.3156350615989536,0.0841620853932974,0.3567731173744542,0.7911525993064068,0.3090057963319539,0.0898149851941631,0.758799484737536,1.648051805957174,-0.7279365196122501,-1.0838742171162874
2021-02-18,51324.69140625,51903.9609375,51186.6796875,51903.9609375,18200,61.97620594998948,80.40361477116788,87.04105469548983,88581500,762.6421583836444,48651.916015625,40582.348876953125,1011.4764859087736,1.4859166952356475,0.0,-0.0084740828553142,0.0,-0.0073328558541815,0.3382352941176469,1.001046353250727,-0.289808139586892,0.1398617330509291,0.5849213607764353,0.2394554359166862,0.0689125203403727,0.3106499640723656,1.6535997612774551,-0.6955894117025981,0.790656322832457
2021-02-19,50889.76171875,51432.98828125,50624.328125,51238.01953125,15000,57.35705989957548,51.04558447419889,72.88659522993218,88566500,765.9291582312413,48747.64125,40679.58078125,919.0654490416856,1.5050751513914826,1.0,-0.0225082878670263,0.0,-0.0084740828553142,-0.1758241758241758,0.6685261126520511,-0.6801556204675033,-0.7895515652620393,0.2657141196606558,0.2209275726856562,0.1091902906938554,-0.0652443045889542,1.6579165363030777,-0.7555803132077847,-0.6193294672903326
2021-02-22,49744.3203125,50986.03125,49617.37109375,50910.51171875,16300,47.3483126239172,7.612473412771762,46.353890886046166,88550200,808.9813723754385,48823.330078125,40770.08888671875,744.8157159658585,1.626278874237937,1.0,0.0001425256934954,0.0,-0.0225082878670263,0.0866666666666666,-0.1042212084374507,-1.4961709430538903,-1.985654197495761,-0.3292518355526255,0.5261014319877778,0.5901035759269498,-0.4432976580641796,1.6555207931705325,-1.6236887830309266,0.1117960390531014
2021-02-23,49751.41015625,50327.30859375,49659.8515625,49994.8515625,14900,47.409484069317614,4.623008067427961,21.09368865146619,88565100,798.8724908664786,48896.378046875,40861.03983398437,600.372913017949,1.6057283368602582,1.0,0.0207085838725833,0.0,0.0001425256934954,-0.0858895705521471,-0.110481598520975,-1.391191962584922,-1.8757937123519235,-0.796446891885344,0.3930278367218685,0.4495699093492669,-0.0783511296192898,1.652977942047711,-0.0195930814326439,-0.358691570127982
2021-02-24,50781.69140625,50881.171875,49648.78125,49763.94140625,45900,55.50037923182475,40.15741454292659,17.464298674375424,88611000,829.838071876016,48986.94265625,40958.0926953125,562.5512963149667,1.63412846027,1.0,0.0050730328267146,0.0,0.0207085838725833,2.0805369127516777,0.5427520139106555,-0.6022473566537502,-0.7833406631578588,-0.8728034100529121,0.6109363361298051,0.5301278519819796,0.9844204596220684,1.6561483282244818,1.346980222335116,3.8196624030109168
2021-02-25,51039.30859375,51386.12109375,50991.76171875,51207.609375,33500,57.270569577878426,49.04263288083164,31.274351830395386,88644500,813.7374729920149,49082.465390625,41053.24619140625,547.0587933845381,1.5943348282183838,1.0,-0.0379966023430317,0.0,0.0050730328267145,-0.270152505446623,0.674494922339181,-0.3842445439085369,-0.4847707131665406,-0.8691581079767667,0.4153308426320418,0.286609059644075,1.625924870191783,1.656389600842611,0.268452290583805,-0.7321315043837688
2021-02-26,49099.98828125,50400.30859375,48890.48046875,50256.7109375,23100,43.304940591628586,5.777483820373833,31.65917708137734,88621400,909.1010909925852,49131.1359375,41143.1316796875,373.9828895970568,1.8515301587958768,1.0,0.0152719295614648,0.0,-0.0379966023430317,-0.3104477611940298,-0.5850457165753383,-1.6594143758948037,-1.6107567639001887,-1.4058473547552095,1.2491982322294726,1.5058983603633018,1.0692360603555442,1.650928192060911,-2.3143315019942725,-0.7945232035840172
2021-03-01,49849.83984375,50058.421875,49440.4609375,49747.7109375,18400,48.53111824258805,26.455735472807024,27.09195072467082,88639800,912.6248411895434,49190.3259375,41236.8922265625,293.9374156655904,1.8307477898626892,1.0,0.0089679481950441,0.0,0.0152719295614649,-0.2034632034632034,-0.1137180170282862,-1.0645191284170257,-0.969049128097334,-1.5711110243931288,1.2197270409786114,1.326715088244465,1.377066375261692,1.6502438002301036,0.8878885987664313,-0.5931255623148824
2021-03-02,50296.890625,50439.8203125,49807.12109375,50258.08984375,17500,51.40704926938142,38.783813479718376,23.672344257633068,88657300,892.6301538724331,49257.049921875,41338.23177734375,263.53618170884147,1.7747223392548097,1.0,0.0228196574030265,0.0,0.0089679481950442,-0.0489130434782608,0.1446861031416581,-0.7392239533154283,-0.6127189406526261,-1.5480451762788323,0.9685475134942328,0.9755381525498114,1.602669859578285,1.6572428519579014,0.4681157319632555,-0.2568566567905719
2021-03-03,51444.6484375,51539.890625,50512.83984375,50738.2109375,15800,57.90974422110117,70.4349109366517,45.22481996305902,88673100,917.6565714529736,49374.863671875,41444.47416992187,328.2733175637186,1.7837745991555034,1.0,-0.0116352299156481,0.0,0.0228196574030266,-0.0971428571428572,0.8581783581664889,-0.0685592743004384,0.2767233845263013,-1.232009934730181,1.171633473918837,0.9723962422812404,1.749506595015072,1.6680183396136776,1.2848420046855302,-0.3785536097050354
2021-03-04,50846.078125,51256.55078125,50539.921875,50812.140625,21800,53.86166083972671,53.92846063029447,54.38239501555484,88651300,916.732999384904,49471.65140625,41544.61151367187,327.5030906116881,1.8029571467266516,1.0,-0.0086684721566222,0.0,-0.0116352299156481,0.379746835443038,0.4374779188792732,-0.4257367589007338,-0.1462227203715013,-1.1535097277295576,1.1179723062376483,1.0436379777863771,1.2533794151721556,1.6697160394640234,-0.7454741395296517,0.6067036327608599
2021-03-05,50405.3203125,50886.19140625,50160.5390625,50517.359375,19200,51.03276824444915,41.773920424677485,55.37909733054121,88632100,903.084381125268,49550.87421875,41641.97361328125,288.00724011522834,1.7916449603462048,1.0,0.0007092505270943,0.0,-0.0086684721566222,-0.1192660550458715,0.1294064162237277,-0.663398473231681,-0.4569936271454315,-1.2034899412870108,0.923202665028057,0.93915629122738,0.8462143001435432,1.6665650585263465,-0.5550637102265057,-0.3989331254261126
2021-03-08,50441.0703125,50985.76953125,50318.26171875,50654.01953125,14200,51.25639054652259,48.6433925663231,48.115257873765,88646300,886.2574833663203,49620.22484375,41740.816015625,256.63291576484335,1.7570156181771055,1.0,0.0115859983269461,0.0,0.0007092505270942,-0.2604166666666666,0.1202398822276316,-0.6116477358037339,-0.2669741817857444,-1.2209812842850756,0.6736546161097582,0.6659251087835307,1.0350890723610424,1.664615568752677,-0.0285212252165597,-0.68018789110645
2021-03-09,51025.48046875,51111.94140625,50396.1015625,50714.16015625,12200,54.88358265943095,70.84831052134226,53.75520783744761,88658500,874.0847948222975,49693.659453125,41842.8969140625,275.7469143847338,1.71303589264117,1.0,0.0049785175497872,0.0,0.0115859983269461,-0.1408450704225352,0.4647277035011454,-0.2483614317734767,0.323203501998343,-1.0830904320491963,0.4574958644210062,0.2911317063816235,1.1743165067038266,1.6656133909856148,0.5859871971628561,-0.4281068479340701
2021-03-10,51279.51171875,51430.4296875,51048.9296875,51404.6796875,9300,56.40227828417276,90.17219339799983,69.88796549522172,88667800,840.5751108171333,49766.988125,41941.26836914063,307.84445558967127,1.6392026418414256,1.0,-0.0095054258009202,0.0,0.0049785175497871,-0.2377049180327869,0.5926031974353212,-0.1380568958862417,0.82914202565664,-0.9311545695605102,-0.1221896356746915,-0.3355685031653448,1.2641920783247642,1.6628273883552869,0.1399355257362549,-0.5962386719585212
2021-03-12,50792.078125,51821.83984375,50538.4296875,51660.98046875,12200,52.73417711500984,64.87084703662444,75.29711698532216,88655600,872.2061854909095,49827.9053125,42034.22581054687,290.6003113845363,1.7172090957656785,1.0,-0.007816179503878,0.0,-0.0095054258009202,0.3118279569892472,0.155656836124149,-0.6045740232399046,0.0154633727506725,-0.9656516656494922,0.3367922240542749,0.2513581257873055,1.0003700982852448,1.6552611125041063,-0.772328582658616,0.5625533467542767
2021-03-15,50395.078125,50834.78125,49799.0703125,50773.46875,17600,49.88838088047127,51.3276423587606,68.79022759779495,88638000,883.8850963487017,49880.7803125,42124.080703125,242.10874186331785,1.7539115509580363,1.0,-0.000617464813187,0.0,-0.0078161795038781,0.4426229508196722,-0.4233520981725968,-1.0727316486324745,-0.4927937834876871,-1.1320456326967487,0.4931990517037311,0.5220830939142557,0.6243754852073803,1.646292718471682,-0.6819953569555407,0.7831022585735237
2021-03-16,50363.9609375,50857.98046875,50289.44140625,50608.421875,100,49.66216048913925,50.266114803818624,55.48820139973454,88637900,861.3603796452231,49930.679921875,42209.38291015625,198.87541469583084,1.7102713202286506,1.0,-0.0111655206080364,0.0,-0.000617464813187,-0.9943181818181818,-0.6042241668780051,-1.061928247621735,-0.5146958250977064,-1.263505098122507,0.0847671732772497,0.1917246120740719,0.5885989231831992,1.6341326089618349,-0.144553478863593,-2.0309370887677742
2021-03-17,49801.62109375,50561.12109375,49718.6484375,50436.01953125,100,45.63487508003232,31.08252890350573,44.22542868869497,88637800,860.0112565455644,49963.176328125,42289.263359375,117.87774445410469,1.7268740206802105,1.0,-0.0117486449165693,0.0,-0.0111655206080364,0.0,-1.3725028854528316,-1.4364342584436205,-1.081081967365383,-1.459125587271961,0.1053373137653694,0.3843688682575585,0.5433542670295538,1.6183813777556475,-0.9007155010366001,-0.0283047694122917
2021-03-18,49216.51953125,50296.3515625,48962.359375,50161.25,12600,41.833601396804525,11.122452786942915,30.82369883142241,88625200,893.867037328024,49978.75109375,42364.79826171875,6.399926664103987,1.8161931112590437,1.0,0.0130386861182359,0.0,-0.0117486449165693,125.0,-1.9888478802523648,-1.7139376754913682,-1.6032492284873046,-1.6746121458821162,0.8111903316718021,1.1991271573057722,0.112207305970339,1.600604925890547,-0.887373075054764,5.2933961122448325
2021-03-19,49858.23828125,50003.578125,48586.9296875,48881.19140625,17500,47.04372313864087,39.29965694082018,27.1682128770896,88642700,931.2085659117366,50012.4346875,42444.18595703125,-29.82193829004973,1.8677125346042012,1.0,-0.0017439288219435,0.0,0.0130386861182358,0.3888888888888888,-1.111610581541688,-1.0577788779558868,-0.6446811423011812,-1.637318005725117,1.5354015176219344,1.61089697247337,0.6133008774340802,1.5892159269461712,1.0589416001686565,-0.1662839397379578
2021-03-22,49771.2890625,49878.76953125,49281.01953125,49878.76953125,11600,46.43678630964074,36.61181664386448,29.01130879054251,88631100,907.3900969180412,50045.9940625,42521.6062109375,-64.7971611795947,1.8231195414259649,1.0,0.0056287942110199,0.0,-0.0017439288219435,-0.3371428571428572,-1.152065001324407,-1.0519843369540516,-0.6809917386457126,-1.592978888821401,1.044527904545454,1.1817312293689195,0.2130110483581889,1.577705882931577,-0.0933212260087275,-0.1976457905321771
2021-03-23,50051.44140625,50264.6484375,49661.921875,49876.2109375,13400,48.73189031074869,45.27209869864527,40.39452409444329,88644500,885.628415888181,50071.37265625,42600.01052734375,-69.11263703402074,1.769436385857194,1.0,-0.0174047497539445,0.0,0.00562879421102,0.1551724137931034,-0.7575345731586143,-0.7439658168584689,-0.3456076827937652,-1.4802212308537397,0.6176479864851652,0.7034244204833036,0.6298439055668026,1.569246950406196,0.5110559524379736,-0.176855934017462
2021-03-24,49180.30859375,49854.578125,49120.33984375,49786.46875,9200,42.61694159467199,18.342979482863345,33.40896494179102,88635300,888.8764977890253,50069.592421875,42676.12861328125,-141.19817567172868,1.8073829205333347,1.0,-0.0150504850653593,0.0,-0.0174047497539445,-0.3134328358208955,-1.6654632800784106,-1.3449028502873412,-1.1887707817297597,-1.540479144762262,0.6628847696006345,0.9761577223603356,0.3038363763250569,1.5599253792429937,-1.2455640288063825,-0.196868950444058
2021-03-25,48440.12109375,49247.94921875,48236.3515625,49201.98046875,14300,38.22760660694519,5.683173818070891,23.09941733319316,88621000,897.6422948219521,50048.05265625,42747.09396484375,-255.1126498104204,1.8530967193180088,1.0,0.011733639252263,0.0,-0.0150504850653593,0.5543478260869565,-2.225071134375169,-1.7078092630789845,-1.5094467326775685,-1.685464895060297,0.7954344143541562,1.2687507676564596,-0.196132872293192,1.5469439702264225,-1.006480687295177,-0.1600515354893134
2021-03-26,49008.5,49234.66015625,48699.91015625,48969.25,10600,43.07594748653608,21.53537752550701,15.187176942147069,88631600,890.2777782275269,50038.37625,42824.444609375,-296.11384757082124,1.816578304227893,1.0,0.0230180096309823,0.0,0.0117336392522631,-0.2587412587412587,-1.492993256770179,-1.104844465094638,-0.9125271584025144,-1.655551899710135,0.6112162179739097,0.9095963917105794,0.1271731768159242,1.5432858356209254,0.9998866993742443,-0.1956596478860684
2021-03-30,50136.578125,50268.44921875,49331.6796875,49331.6796875,10500,51.25357618079909,52.99770668438857,26.73875267598881,88642100,916.6828811219892,50049.424609375,42906.223046875,-234.87363815151912,1.828371451351397,1.0,-0.0125144098573241,0.0,0.0230180096309824,-0.0094339622641509,-0.2565738414881357,-0.0995433179578689,0.2479363599091422,-1.4136058392810156,1.0471081537333984,0.9411680179513152,0.45308932731073,1.5462257076135082,1.6962530636128692,-0.1843458812695602
2021-03-31,49509.1484375,50050.3203125,49442.5,50049.12109375,11900,47.19272390249124,35.4985646350033,36.677216281632944,88630200,900.78254139899,50058.914140625,42987.62478515625,-234.26816552212404,1.819426449105929,1.0,0.0105168378760806,0.0,-0.0125144098573241,0.1333333333333333,-0.8904745308076482,-0.5587857925478531,-0.3403050399677862,-1.3420804064183052,0.6883720130667016,0.813539086602088,0.0597948302572323,1.5500804294254598,-0.7766478639412467,-0.1783313163589143
2021-04-01,50029.828125,50092.48046875,49478.53125,49868.53125,8500,50.68465262022311,50.02042739558877,46.17223290499353,88638700,880.2944469240622,50088.2253125,43069.74783203125,-189.58836812848315,1.759539218732949,1.0,-0.017399776196013,0.0,0.0105168378760807,-0.2857142857142857,-0.2321992209531759,0.0203103874040297,0.3094341987139922,-1.1819389993197535,0.2333825719554934,0.2515395552864118,0.3168137581931097,1.5552960324864546,0.8302932769992597,-0.1956023918357813
2021-04-05,49159.3203125,50028.671875,48580.80078125,50020.91015625,12700,45.292251008501,35.20592665878949,40.24163956312717,88626000,920.918225268772,50083.4459375,43148.00482421875,-221.8644963171828,1.8733339261295792,1.0,0.0008557952435583,0.0,-0.017399776196013,0.4941176470588235,-1.257511246914716,-0.8302616027971483,-0.2597492118544504,-1.2330048377113356,1.0317458774954096,1.242472526926604,-0.1412825086090797,1.5565470543143671,-1.0956320198846152,-0.1627150760610221
2021-04-06,49201.390625,49582.26171875,48936.3515625,49441.12890625,9600,45.59351289357526,36.81066607860989,40.67900671099603,88635600,901.2747917674312,50071.631328125,43222.9715234375,-241.26765448420335,1.8318075573040395,1.0,0.0093568715823263,0.0,0.0008557952435583,-0.2440944881889764,-1.1350112685938734,-0.7364087403122345,-0.1292314840969127,-1.2615399610313394,0.5577125771650215,0.8182872888682633,0.1316088461965768,1.5550278226524057,0.1501279143802781,-0.1941831944974808
2021-04-07,49661.76171875,49900.12890625,49093.8984375,49277.08984375,9800,48.9090673584678,61.314041546457055,44.443544761285466,88645400,894.4859115519004,50072.371328125,43297.6216796875,-216.99531047564236,1.8011562228050877,1.0,0.0017004877762545,0.0,0.0093568715823262,0.0208333333333332,-0.4810679035991455,-0.0253171906785938,1.0147254536769283,-1.162055565702702,0.3331097371970708,0.441156230377595,0.4332688145198664,1.5544651289788958,0.6960607969264786,-0.1828728051312615
2021-04-08,49746.2109375,50118.078125,49581.609375,49885.26171875,21800,49.51681668477375,73.29414441747574,57.13961734751422,88667200,868.913257155336,50089.724765625,43371.7961328125,-188.7689458908644,1.7466923425525187,1.0,-0.0031136165364353,0.0,0.0017004877762545,1.2244897959183674,-0.367577726154801,0.0860344973388216,1.4812919353856118,-1.0262881876509369,-0.5107031169331894,-0.310022170178942,1.435920611470083,1.5551599280348445,0.1157676892522788,-0.1318290760740519
2021-04-09,49591.3203125,49906.91015625,49461.01171875,49743.390625,8900,48.38007605851868,66.67832846677445,67.09550481023574,88658300,838.6979128942406,50114.599375,43442.6005859375,-176.85900701799255,1.691219164178693,1.0,-0.0344403293860174,0.0,-0.0031136165364353,-0.591743119266055,-0.5667872295595585,-0.1574750017096769,1.1100408534220878,-0.9326660023741816,-1.6723823956604251,-1.1616087619311706,1.1319406017142517,1.5536894337169185,-0.2232674304610577,-0.2106615426427774
2021-04-12,47883.37890625,48956.6484375,47693.44140625,48956.6484375,19100,38.01643109030708,7.376191213012096,49.11622136575408,88639200,914.3536981339377,50124.068359375,43507.672578125,-301.7584091743702,1.9095429750772897,1.0,0.0137976830915281,0.0,-0.0344403293860174,1.1460674157303372,-2.4611348971283302,-2.0850526950702624,-1.6650292981607449,-1.3373327351461624,0.937842075996779,1.8333428925536728,-0.2436396045283328,1.546999790501104,-2.220859312957757,-0.1331203277681899
2021-04-13,48544.05859375,48627.4296875,47775.3203125,47991.53125,10000,43.0945462053891,33.03357696123495,35.69603221367382,88649200,909.907675052942,50157.46234375,43576.18236328125,-343.4714311296484,1.8743955520235216,1.0,0.0053481538476765,0.0,0.013797683091528,-0.4764397905759162,-1.5448332201844253,-1.023884484919782,-0.4405139913735965,-1.4349483250456887,0.7622276289841216,1.3422323834726255,0.4776693205891585,1.5467547164245274,1.0307832133495736,-0.2038970144588157
2021-04-15,48803.6796875,48887.8515625,48010.55078125,48512.76953125,16100,45.00137414041716,43.11591894442068,27.84189570622256,88665300,907.5786112098748,50207.820546875,43644.3444140625,-351.52785474270786,1.859652011941081,1.0,0.0005809308372143,0.0,0.0053481538476765,0.6100000000000001,-1.2067615285528317,-0.6502848060538666,-0.0300906283071416,-1.3761360035285222,0.6642030126682608,1.094303739905852,1.5495791168357056,1.5483308188186822,0.4122317562058475,-0.1576803658635522
2021-04-16,48832.03125,49089.55078125,48694.48828125,48935.73828125,11900,45.21725944260336,44.21694715732052,40.1221476876587,88677200,870.9703175520266,50212.448984375,43713.69697265625,-351.5721890008936,1.7836045219847916,1.0,-0.0180743940484761,0.0,0.0005809308372144,-0.2608695652173913,-1.1080635757936088,-0.5791747866797734,-0.0050808519294333,-1.2862592910102948,-0.8702614653200635,-0.1052137688839566,2.135557117137735,1.553246832810995,0.0917738049753499,-0.1957576506274317
2021-04-19,47949.421875,48020.7890625,47362.7109375,47940.80859375,10500,39.95878537389755,20.191458442279487,35.84144151467355,88666700,913.7096029054532,50175.483046875,43778.865078125,-418.0079886162712,1.905569592241206,1.0,-0.0050807931404282,0.0,-0.0180743940484761,-0.1176470588235294,-1.9120931716952516,-1.5303466666076313,-1.147068350558576,-1.4451963256111753,0.946164213704108,1.7066680258748863,1.3770475529335768,1.553734237858615,-1.256448514666829,-0.1893771625147209
2021-04-20,47705.80078125,48478.33984375,47438.5,48473.0390625,11600,38.62360677502758,11.807320912687585,25.40524217076252,88655100,922.7189058229208,50124.4840625,43840.3218359375,-484.7293662936572,1.9341859704943485,1.0,0.0078579771770089,0.0,-0.0050807931404281,0.1047619047619048,-2.018394240030176,-1.7112946913227802,-1.4496918837271602,-1.5974535297757126,1.3132990748625089,1.928056304117616,0.6912525519350694,1.5500768109022582,-0.2136901732080061,-0.179935845235138
2021-04-22,48080.671875,48143.16015625,47204.5,47501.7109375,15800,41.84375026918486,30.072022695461445,20.690267350142825,88670900,923.857566567712,50073.81171875,43901.50669921875,-501.5757217668943,1.9214739115325887,1.0,-0.0042059032946905,0.0,0.007857977177009,0.3620689655172413,-1.5046083545933782,-0.9899027306763774,-0.5273978704355328,-1.5616851715902915,1.3349008464959893,1.6096753003282136,1.6561490069190885,1.5473862502968043,0.7790747163379295,-0.168632975213364
2021-04-23,47878.44921875,48265.390625,47669.55078125,47863.80859375,11200,40.606100715698254,23.131324777845112,21.67022279533137,88659700,900.4277292235898,50016.748125,43960.7918359375,-525.1901925448765,1.880653496335398,1.0,0.0106115070201779,0.0,-0.0042059032946906,-0.2911392405063291,-1.5822432812538676,-1.1641363388070225,-0.823661977059595,-1.5518570731891688,0.3558717997897687,0.995036249566944,0.8591364986411945,1.5435316589060586,-0.2083023760508003,-0.1969982376448579
2021-04-26,48386.51171875,48667.98046875,48152.23828125,48197.37109375,15200,45.00704770131826,40.56907582493605,31.25747443274752,88674900,892.5065521361905,49957.50296875,44020.28798828125,-497.177282840501,1.8445358436333408,1.0,0.0115244700732149,0.0,0.0106115070201779,0.3571428571428572,-0.9898586388175652,-0.2180366564122434,0.0245017539244861,-1.3561444711526438,0.0141694282534696,0.4738444536277358,1.7029468509751455,1.5411089912005844,0.9522383772649234,-0.1695202887589449
2021-04-27,48944.140625,49009.26171875,48399.53125,48424.078125,10100,49.43560187779256,59.70804798652859,41.1361495297699,88685000,873.2382269836055,49909.80421875,44081.63609375,-425.0807908887509,1.784152741947557,1.0,0.0161347039434304,0.0,0.0115244700732148,-0.3355263157894737,-0.3600873184003477,0.7917652099090332,0.9840290975337372,-1.0096851652392524,-0.7946430927081741,-0.3808056854123844,2.107500972902125,1.5416641057487304,1.0255101491006582,-0.1995836019308132
2021-04-28,49733.83984375,49801.48046875,49066.640625,49066.640625,14300,54.96645556545816,86.81215108141299,62.3630916309592,88699300,872.1026281812052,49878.293203125,44148.660234375,-300.75476075972983,1.7535397043966665,1.0,0.0006454672030322,0.0,0.0161347039434303,0.4158415841584157,0.6110431812250738,2.078823810867426,2.3541544156161143,-0.4313122632498897,-0.955768192883473,-0.9447131531994656,2.569319062600416,1.5502141688993292,1.326612814387086,-0.1676383622679895
2021-04-29,49765.94140625,50375.76953125,49535.98046875,50093.859375,13200,55.181069522948434,80.77022091655427,75.76347332816528,88712500,869.7945163468333,49842.981640625,44213.801484375,-197.36011381237768,1.7477706474926598,1.0,-0.0197641600551833,0.0,0.0006454672030322,-0.0769230769230768,0.7308945474958635,2.0383678048081806,1.941315847246991,0.1311230802972414,-1.052750428574493,-1.07036251876828,2.7126101896317776,1.5557573276309034,0.0975959931191022,-0.188650503846003
2021-04-30,48782.359375,49569.421875,48698.078125,49360.890625,19400,47.68292481804999,49.754817729985405,72.44572990931755,88693100,883.9422852684881,49787.7428125,44274.741640625,-192.5661779412403,1.812012162989991,1.0,-0.0013086665870186,0.0,-0.0197641600551833,0.4696969696969697,-0.462292784796618,0.4126014695541766,0.4637536116533204,0.2560509627468095,-0.4141037660917987,-0.1018694855465564,1.6874972909325276,1.555321221322861,-1.42344409687016,-0.1647328133969279
2021-05-03,48718.51953125,48863.23046875,48028.0703125,48356.01171875,14700,47.23429610663035,47.74174873282462,59.42226245978808,88678400,880.4578474814533,49719.030625,44334.86578125,-191.70839602862543,1.8072344068597823,1.0,-0.0095447853706171,0.0,-0.0013086665870186,-0.2422680412371134,-0.4957308422891601,0.3346850272526195,0.3722144959053184,0.3781817856592349,-0.6191812329838093,-0.2415027320421369,0.9967443979318242,1.5544724995923531,-0.0217320317993077,-0.1970849219595344
2021-05-04,48253.51171875,48996.53125,48149.44921875,48881.62890625,13200,43.987837241885934,33.07860490610892,43.525057122972974,88665200,878.0738606077781,49642.017421875,44395.968046875,-225.94627392012623,1.8197097565161928,1.0,0.008787734765742,0.0,-0.009544785370617,-0.1020408163265306,-1.0613655441889358,-0.380651472024231,-0.3335668414490076,0.2589870019515651,-0.7852784572204037,-0.0886808753693537,0.4071247781461885,1.5562407637138391,-0.6525625243121941,-0.1907825619480098
2021-05-05,48677.55078125,48742.71875,48254.3203125,48569.12109375,12700,47.5294293683008,46.44987651583738,42.42341005159029,88677900,850.2976585107939,49581.491875,44459.0967578125,-216.36945789300808,1.7467963052042426,1.0,0.0055921247706828,0.0,0.0087877347657421,-0.0378787878787878,-0.4540959827115512,0.3737544626427017,0.2598497026510941,0.4075490659389693,-1.9158779177498064,-1.2867251801636506,0.8830384482889708,1.5623230250104274,0.6926340539157142,-0.269015646566426
2021-05-06,48949.76171875,49011.30859375,48614.109375,48877.78125,9500,49.726963881250136,55.0335347264564,44.85400538280089,88687400,817.9334842421657,49533.99328125,44521.48716796875,-184.6856730239815,1.6709652008966975,1.0,0.0112901149687989,0.0,0.0055921247706829,-0.2519685039370078,-0.0413121737034281,0.8411212680538414,0.6547919991162933,0.7288675653371983,-2.8524141719213016,-2.254209985075845,1.2029379626997023,1.5678860198048228,0.4745470022201236,-0.7018109258049412
2021-05-10,49502.41015625,49617.46875,49412.05078125,49496.05078125,12200,53.94423904376336,72.46026027135721,57.98122383788365,88699600,807.2030233141539,49506.24625,44583.898515625,-113.6715995736231,1.6306337828123696,1.0,-0.0068805046345202,0.0,0.0112901149687989,0.2842105263157894,0.7552369870257989,1.643605202998831,1.403726125751161,1.345220952264916,-2.725506605706165,-2.462966779719722,1.5846237083003087,1.574214950956358,0.8705466677288525,0.4608287685131201
2021-05-11,49161.80859375,49304.46875,48988.1796875,49066.44921875,15000,51.09916855717887,61.72003276487507,63.07127592089622,88684600,786.2764122738572,49494.596015625,44642.6126171875,-83.9088849093896,1.5993642926591138,1.0,-0.0095807665741548,0.0,-0.0068805046345202,0.2295081967213115,0.3273796258995447,1.0080737916903817,0.8558648807496163,1.606740422031632,-2.822748662499417,-2.496474273353357,0.9065945430890416,1.5755204646031429,-0.4862871175898421,0.3305469465994886
2021-05-12,48690.80078125,49171.28125,48550.71875,49171.28125,17400,47.37790865123238,46.867690261072,60.34932776576809,88667200,774.439704254296,49473.383828125,44696.41498046875,-97.20756490283384,1.590525708816273,1.0,0.000857451496589,0.0,-0.0095807665741548,0.1599999999999999,-0.3456179029792829,0.1956073806996197,0.117228564978378,1.459843733195289,-2.6494068442418377,-2.2726344173872133,0.1552928868090568,1.5706149055248464,-0.7276449795364248,0.1391948118704994
2021-05-14,48732.55078125,48898.9296875,48473.4296875,48898.9296875,18200,47.7411946829418,39.27989930599661,49.28920744398121,88685400,749.5154396647033,49432.401015625,44750.72013671875,-103.18849578199296,1.5380180754935604,1.0,0.0174047874347332,0.0,0.0008574514965891,0.0459770114942528,-0.3005329608514974,0.2173606579011396,-0.321868967216237,1.3263135994032498,-2.720231068772388,-2.4439913552667463,0.8650093655030876,1.5689199919881225,0.0464188519600824,-0.0857090575807491
2021-05-17,49580.73046875,49628.421875,48923.12890625,48990.69921875,20600,54.59868356639695,66.13539519243407,50.76099491983422,88706000,759.9694149565103,49403.229453125,44807.9214453125,-39.03741532228014,1.53279188864615,1.0,0.0123555593162571,0.0,0.0174047874347331,0.1318681318681318,0.9220141037941392,1.610623871416834,0.990007980872987,1.67771084436047,-2.187264769181166,-2.190565680800486,1.64233074257929,1.5732137533615662,1.33058576358648,0.0861801930126996
2021-05-18,50193.328125,50313.25,49959.19921875,49986.6796875,14400,58.80342147261104,92.2289275903436,65.88140736292475,88720400,758.0087089774739,49425.09625,44868.24359375,60.53646263416158,1.5101782194831774,1.0,-0.0057913573548277,0.0,0.0123555593162572,-0.3009708737864077,1.809956134430136,2.261754911893779,2.093161826462329,2.1521334222733834,-1.9963089968615424,-2.115222915176832,2.034674986567602,1.5826792754215635,1.0022534413663593,-0.905101071135571
2021-05-19,49902.640625,50279.01171875,49831.3984375,50088.80859375,13300,56.14620695830403,79.84712426228472,79.40381568168745,88707100,735.83760699694,49426.152265625,44928.08314453125,114.67156402300316,1.4745464323751705,0.0,-0.0067688051327444,0.0,-0.0057913573548277,-0.0763888888888888,1.3373593858031187,1.5971284867967206,1.391091755027425,2.220195352151363,-2.1326147805523874,-2.127157496475849,1.4061030515396262,1.590896374084985,-0.5088531046665421,-0.3624468914280828
2021-05-20,49564.859375,50099.171875,49496.78125,49971.51953125,8300,53.141175375911565,65.4593676322064,79.17847316161156,88698800,726.3056797114443,49411.511640625,44983.4426953125,128.8327937262511,1.4653641488545923,0.0,0.0196837256486213,0.0,-0.0067688051327444,-0.3759398496240601,0.9012697327019634,1.0003859998475677,0.694546913187076,2.067976945320254,-2.0431297149678755,-1.9700759323856447,0.9976746929346272,1.5911868825086866,-0.5463066614357064,-1.047656989126052
2021-05-21,50540.48046875,50591.12109375,49832.71875,49833.98046875,18100,59.82882458054483,98.02420516321948,81.11023235257018,88716900,747.7311110713412,49393.42828125,45045.789453125,216.2869179954432,1.479469732254871,0.0,0.0022045292746849,0.0,0.0196837256486213,1.180722891566265,2.0890255311542414,2.0064469919707983,1.962076060709048,2.252045292409843,-1.5673122895345446,-1.708187871794028,1.6888960355228513,1.6028693373111245,1.5536519366549983,2.299202246494953
2021-05-24,50651.8984375,50857.58984375,50465.8984375,50727.28125,16800,60.52176917935005,92.73051823893466,85.40469701145351,88733700,722.2997035841025,49389.5446875,45110.36859375,291.2283414343183,1.4260071702452712,0.0,-0.0002836455876916,0.0,0.0022045292746848,-0.0718232044198895,2.013769152789598,1.9103199948722185,1.5905174428580249,2.2985550432111803,-1.7854868453727204,-1.867075152251436,2.214694499349084,1.617153107720689,0.096846638208076,-0.3772128138056687
2021-05-25,50637.53125,50961.3515625,50474.33984375,50922.3203125,10800,60.3771394033221,88.48394172650578,93.07955504288662,88722900,705.4934189530952,49394.18890625,45175.521796875,345.4781899527079,1.393222381774576,0.0,0.0075040838656604,0.0,-0.0002836455876915,-0.3571428571428571,1.8512856115511729,1.725110240490215,1.3348218862130317,2.2354178152032085,-1.8418143733284376,-1.8708274549241548,1.6359239926013258,1.630727516657981,-0.0839608637530544,-0.9458864377452656
2021-05-26,51017.51953125,51072.609375,50620.44921875,50899.578125,9400,62.90223035695483,98.04527347875624,93.0865778147322,88732300,687.3981859028742,49405.717890625,45245.91138671875,414.3570146186466,1.3473767290505352,0.0,0.0019150131101563,0.0,0.0075040838656603,-0.1296296296296296,2.092615698730012,1.907445623644772,1.6197009577847328,2.2186916119816678,-1.887882694359799,-1.926905462488157,1.837564187047661,1.6508590551144522,0.549700443878327,-0.4148796806889444
2021-05-27,51115.21875,51282.8984375,50891.66015625,51128.80078125,12300,63.54549251824779,94.03162297142477,93.52027939222891,88744600,666.2439069990975,49407.51265625,45313.0479296875,471.3935583498824,1.303415936176733,0.0,0.0060189541153044,0.0,0.0019150131101564,0.3085106382978724,1.99579433364775,1.811833369419027,1.3842711341371912,2.152624570347004,-1.946694687277731,-1.9527509464022408,2.082994959986573,1.6628797728395877,0.0698366134076655,0.5654153694054964
2021-05-28,51422.87890625,51529.3203125,51258.69140625,51381.26953125,15200,65.57009990343224,96.51684502778956,96.19791382599016,88759800,648.2337395348762,49410.38,45381.84568359375,535.250993300564,1.2605940260884323,0.0,0.0100064895420987,0.0,0.0060189541153043,0.2357723577235773,2.080615805983377,1.920603369309352,1.4056703816154552,2.1048333124558023,-1.958199690967733,-1.967112627172657,2.389869426322667,1.6761225597435607,0.3614121004713552,0.5282521319953577
2021-05-31,51937.44140625,52013.21875,51179.94140625,51476.21875,15300,68.70101568656806,97.8592695097916,96.13591250300196,88775100,661.4511398359565,49433.287265625,45451.40564453125,620.2297415576395,1.2735535712322543,0.0,-4.93382024724005e-05,0.0,0.0100064895420988,0.006578947368421,2.2577798851071837,2.0832357690561847,1.354495151038237,2.110941897091968,-1.6571273974891172,-1.73982346598853,2.5581614952644074,1.688273343929204,0.7854045825397719,-0.162128517532647
2021-06-01,51934.87890625,52228.6484375,51808.87890625,52067.51171875,13400,68.66752705085027,92.17703279602551,95.51771577786889,88761700,644.1881677941025,49464.08328125,45520.8771875,679.5359717697938,1.240376759050417,0.0,-0.0016443368945589,0.0,-4.933820247243759e-05,-0.1241830065359477,2.0107573974181463,1.8771272833524508,1.0653267666301611,2.0425964616430017,-1.7019905588148565,-1.7361502859866556,1.9136393771246945,1.6977861339427376,-0.2214578021843031,-0.4909484789111115
2021-06-02,51849.48046875,51913.921875,51450.578125,51749.1015625,13500,67.48686852317074,89.90290595587807,93.31306942056504,88748200,632.7676401838095,49493.793671875,45589.21419921875,711.4445563033005,1.2203934050316712,0.0,0.0073857869989807,0.0,-0.001644336894559,0.007462686567164,1.7608553825571196,1.596563815049433,0.9180139968088324,1.9205755701320089,-1.6713813293835185,-1.6707565189570484,1.3806806420835482,1.702855994872305,-0.3758259648484414,-0.1212930720759384
2021-06-03,52232.4296875,52273.23046875,51942.19921875,52121.578125,15000,69.97954607350044,98.7821031545219,93.62068063547515,88763200,617.8378087421088,49542.40984375,45658.3412890625,758.8851849258208,1.1828624715307214,0.0,-0.0025344198430363,0.0,0.0073857869989808,0.1111111111111111,1.8804229434650424,1.7413335635013891,1.1826276793339217,1.8592985141774565,-1.6885472338331573,-1.696696218744494,1.68741901677251,1.707399086872044,0.4935439279050835,0.1743250888595409
2021-06-04,52100.05078125,52389.01953125,51952.69921875,52367.51953125,16700,68.0376808337958,90.00881940214448,92.8979428375148,88746500,604.8722732962439,49600.08046875,45726.9933984375,776.845363719236,1.160982118493305,0.0,0.00438504251098,0.0,-0.0025344198430363,0.1133333333333332,1.6578214390681951,1.4435292722058486,0.8078981146373369,1.7519537426052936,-1.6916613644751248,-1.6692094314695487,1.1243631709606308,1.7097447232823093,-0.6106394857266175,0.180269220438637
2021-06-07,52328.51171875,52378.69140625,52054.76171875,52231.37890625,19800,69.60524203451551,97.90792436113358,95.56628230593331,88766300,584.8049457393693,49649.4859375,45797.083515625,800.2885943839428,1.1175646440749545,0.0,-0.0010117124395691,0.0,0.0043850425109799,0.18562874251497,1.6904454184587918,1.5192304465794322,1.0739414612324472,1.6774010377449142,-1.761669468595498,-1.7282234573832749,1.5898996935314411,1.7131816540190985,0.1690904766012129,0.4268220614644774
2021-06-08,52275.5703125,52432.4296875,52135.0390625,52428.71875,12300,68.76362754711488,94.65673842288888,94.19116072872232,88754000,564.2753514008429,49699.5715625,45869.07466796875,805.3124538718621,1.079424572563515,0.0,-0.0063878726813268,0.0,-0.0010117124395692,-0.3787878787878788,1.5476972827028834,1.3522404793915257,0.8961938199491521,1.5806828874208283,-1.813455439910972,-1.7532778767578994,1.1576914285781537,1.7184151091626123,-0.4464798903357824,-1.3123478859707016
2021-06-09,51941.640625,52446.921875,51717.0703125,52401.41015625,15200,63.54454939042792,80.67169130172316,91.07878469524852,88738800,576.1022236222112,49737.375546875,45938.52896484375,773.4329105490397,1.109133667497071,0.0,0.0069082940138647,0.0,-0.0063878726813269,0.2357723577235773,1.2192520364322958,0.6867290964077883,0.2031594716580673,1.4152604644999576,-1.5789354930645636,-1.5206106874793863,0.6480900890440315,1.7181725532923,-0.9814228428820884,0.6046268142881708
2021-06-10,52300.46875,52346.3515625,51957.921875,52143.8984375,8600,66.48796725245596,92.60719877273031,89.31187616578076,88747400,563.8599888991961,49799.77875,46007.38970703125,768.2664759166364,1.0781165109522963,0.0,0.003332531675445,0.0,0.0069082940138647,-0.4342105263157895,1.3801886098414238,0.9758246768700906,0.7248759276460297,1.3213249896651087,-1.5775894198994342,-1.5347417583206528,0.8531132988273695,1.716064452935914,0.5270879016431219,-1.4554732243545436
2021-06-11,52474.76171875,52641.53125,52388.94921875,52477.19140625,8500,67.84597686832976,92.30480839075632,88.52789948840325,88755900,547.9458825492535,49880.4715625,46076.6895703125,769.3672385873651,1.0442084243966456,0.0,0.0014629800829103,0.0,0.0033325316754451,-0.0116279069767442,1.396185905772921,1.0693762681121204,0.697889228668174,1.2422701768047593,-1.6095242851021343,-1.554543213730382,1.0443460845278127,1.7132629733388207,0.1786504479843806,-0.11386276062323
2021-06-14,52551.53125,52590.921875,51936.30859375,52492.33984375,9900,68.45238129292915,95.54693977738565,93.4863156469574,88765800,555.5649824564497,49951.3321875,46148.3452734375,767.5860068355032,1.0571813403752144,0.0,0.0042152821427063,0.0,0.0014629800829104,0.1647058823529412,1.3459540739457665,1.070131079717638,0.8197492753378278,1.1588148296700076,-1.439373692480883,-1.4019048512052346,1.2571881415590958,1.7128830742214216,-0.0460321858112376,0.4162745354900247
2021-06-15,52773.05078125,52869.51171875,52671.2890625,52751.828125,16300,70.19887687598889,95.12294353484882,94.32489723433024,88782100,538.5946600488461,50004.061640625,46220.03693359375,775.1141097298023,1.0205865533174865,0.0,-0.0051365291277856,0.0,0.0042152821427063,0.6464646464646464,1.3969446364029388,1.1962493722085668,0.7454120684550085,1.104746948019576,-1.513016739581554,-1.4643741652662658,1.5993726439452272,1.7113906847681222,0.2116188044289746,1.857220718476166
2021-06-16,52501.98046875,52816.30859375,52425.5703125,52782.2109375,12900,65.42573713751992,78.24705800753705,89.63898043992383,88769200,528.0334901346429,50063.91828125,46288.5514453125,750.5551442227152,1.0057401366962464,0.0,-0.0034027734221633,0.0,-0.0051365291277856,-0.2085889570552147,1.1379369901707448,0.5823393171703988,-0.1261235522901798,0.9782173450943386,-1.5320230037485765,-1.448028323363437,1.1541850313749733,1.7041987834767132,-1.0218587602133868,-0.7601015305853862
2021-06-17,52323.328125,52523.87890625,52040.51171875,52122.25,8900,62.41366667408689,67.6732249786142,80.34774217366667,88760300,524.843039946454,50109.78828125,46355.94869140625,708.5089854867038,1.0030765602153753,0.0,0.0004036649522664,0.0,-0.0034027734221633,-0.3100775193798449,0.9625284026144376,0.1500416903572399,-0.7989623431171032,0.8144736717244475,-1.4941913057070595,-1.401184250325337,0.8476447754136761,1.6952189787987604,-0.8474605182088062,-1.0330395718870349
2021-06-18,52344.44921875,52586.41015625,51601.109375,52568.0703125,11800,62.63269518329671,62.99597794338288,69.63875364317802,88772100,557.732878610993,50173.490859375,46422.301328125,669.1775354315687,1.0655052960442857,0.0,0.0043941950327678,0.0,0.0004036649522665,0.3258426966292134,0.9233426029237736,0.1196182956390994,-1.151145167445602,0.6578163412119852,-1.101600486588676,-1.073525438557952,1.1456321732004615,1.6846850769080937,-0.2858459939725922,0.8373978214979024
2021-06-21,52574.4609375,52629.1796875,51740.19140625,51887.55078125,12500,65.02309375973222,79.20615999581553,69.95845430593752,88784600,581.3939787994935,50240.952265625,46489.6062890625,649.0848551412928,1.1058486733523507,0.0,0.0002710441485446,0.0,0.0043941950327679,0.0593220338983051,1.036541651084519,0.405581633344716,-0.2511719350204341,0.5508129638553083,-0.7950501611792791,-0.8346462227401079,1.4444331589548836,1.6759158390458206,0.2781515747185235,0.0127137838260462
2021-06-22,52588.7109375,53057.109375,52520.55078125,52885.0390625,7700,65.1717420381481,67.82977764423077,70.01063852780972,88792300,578.1914512959582,50299.49125,46555.21330078125,627.0825004393264,1.0994592584387937,0.0,-0.0053744008450007,0.0,0.0002710441485447,-0.384,0.9832998791659928,0.3817147409667478,-0.9406677849215676,0.4339131272107002,-0.7807968532806573,-0.8145028850275341,1.563699497809037,1.6648138818157954,-0.2548191485772719,-1.235262026467744
2021-06-23,52306.078125,52912.3515625,52264.12109375,52912.3515625,13600,59.748054534171246,48.41818337912088,65.15137367305572,88778700,583.1942382569612,50350.68859375,46623.60224609375,580.1517417646901,1.114964568483333,0.0,0.0075119735427497,0.0,-0.0053744008450007,0.7662337662337662,0.7101623472833853,-0.5169560324433776,-2.0141830946261208,0.2306145828654821,-0.6711502182869978,-0.6855267373281945,1.0841582573895372,1.6587368161616698,-1.0843073803837917,1.978706514052024
2021-06-24,52699.0,52830.6796875,52385.05078125,52514.5703125,7900,64.20763528415976,75.40457589285714,63.884178972069584,88786600,579.009047131464,50412.8421875,46692.5932421875,568.1154081390923,1.0987097423698058,0.0,0.0042892476612459,0.0,0.0075119735427497,-0.4191176470588235,1.0051557850327286,0.1259070413626133,-0.5231718172743068,0.1261271578692985,-0.6723421925161183,-0.7241873290583591,1.3341331863075134,1.6544254548133832,0.7364232360479943,-1.2147177970109944
2021-06-25,52925.0390625,52973.0703125,52614.48828125,52877.16015625,10700,66.50658048178383,90.92923677884616,71.58399868360804,88797300,563.264260282788,50513.675390625,46761.78828125,570.2425886815545,1.064268010492388,0.0,-0.0035795763613188,0.0,0.0042892476612459,0.3544303797468353,1.2040769688564574,0.5126106414764264,0.4216535921555368,0.0586001005400418,-0.8209450619161983,-0.8674196660784042,1.6646219489640626,1.651244158308713,0.2298866834217833,0.8326617989780861
2021-06-28,52735.58984375,53126.73046875,52673.5,53126.73046875,6200,62.86221510827307,74.36187618259981,80.2318962847677,88791100,555.4047037447317,50597.506015625,46830.5115234375,550.2979338936711,1.05318762033446,0.0,-0.0035256965561756,0.0,-0.0035795763613187,-0.4205607476635514,0.9772578088588608,-0.3664654521122438,-0.866969745354813,-0.1118433943017339,-0.8755482766583251,-0.8855695062170137,1.35852026078372,1.648005269402894,-0.9315539049483784,-1.1545701796163577
2021-06-29,52549.66015625,52816.421875,52477.76953125,52795.76171875,9200,59.4208050141348,62.17472904221897,75.82194733455498,88781900,539.9223923165366,50672.425625,46901.47392578125,513.568580468469,1.0274517298706467,0.0,-0.0012740181106963,0.0,-0.0035256965561756,0.4838709677419355,0.7278257992082113,-1.1883773565748548,-1.6513450335735955,-0.3813539707645927,-1.044890351417133,-1.0000964269700987,0.9426010764798536,1.6485054095591445,-0.8698069300638536,1.1187856719802676
2021-06-30,52482.7109375,52875.921875,52448.640625,52651.08984375,9500,58.1855869759934,57.786403590750695,64.77433627185648,88772400,531.876596436784,50745.43921875,46971.801328125,473.59870970264456,1.0134320177747278,0.0,-0.0031269226011482,0.0,-0.0012740181106963,0.0326086956521738,0.6098562460144323,-1.5419741664931943,-1.8087862915285435,-0.707928122835009,-1.109210926762744,-1.0450435480043163,0.5208957009500039,1.6482735647252331,-0.5219900060323659,-0.0528422127981548
2021-07-01,52318.6015625,52638.5,52281.01171875,52638.5,5800,55.15872991240898,47.029514106703466,55.66354891322437,88766600,519.4202882091565,50832.8228125,47041.567578125,423.7948014422145,0.992802316378153,0.0,0.0031742116100257,0.0,-0.0031269226011482,-0.3894736842105263,0.3552516959911142,-2.402143468574019,-2.325615880465832,-1.1608156495938269,-1.2426003383115345,-1.147199260451676,0.2079703387189104,1.6481481269171274,-0.8923257911423909,-1.1391507840085084
2021-07-02,52484.671875,52527.8984375,52177.6796875,52434.55078125,6400,57.56447374002971,57.91493730780753,54.24361833508723,88773000,507.3344640513597,50928.400234375,47113.021328125,393.1928492274383,0.9666335825813136,0.0,0.0075322586743331,0.0,0.0031742116100257,0.1034482758620689,0.5597593555992937,-1.7189431182346848,-1.5018308807867495,-1.4976257466146692,-1.4154759981563327,-1.3262413285292447,0.4656448959947896,1.6508823641282588,0.4319907773327003,0.2669862212489877
2021-07-05,52880.0,52919.171875,52604.3515625,52682.890625,7600,62.69528038355614,83.8275395010741,62.92399697186169,88780600,502.1320023334054,51024.386796875,47183.2197265625,396.27227727309946,0.9495688395109784,0.0,-0.0003559060608925,0.0,0.0075322586743331,0.1875,1.2005075281685975,-0.4717051334692396,0.1396256687968537,-1.5717749956378724,-1.4713327958515952,-1.439566244729421,0.811908453011458,1.6517526134652536,1.3360084423194143,0.4975979828216426
2021-07-06,52861.1796875,53129.37109375,52804.1796875,52874.8515625,7000,62.30903713846717,82.45121218704871,74.7312296653101,88773600,489.4933883274479,51124.04140625,47253.25287109375,392.6676757160167,0.9259978517717372,0.0,0.0036620830710627,0.0,-0.0003559060608926,-0.0789473684210526,1.1972794884286877,-0.5931183149176974,0.0657036480438203,-1.641161291279417,-1.6557035735302637,-1.6160351147839178,0.3757002394594926,1.652587472767663,-0.3949262963892158,-0.3567289608232277
2021-07-07,53054.76171875,53105.41015625,52751.76171875,52919.7109375,8000,64.71681660226321,95.11802369419914,87.13225846077398,88781600,479.79017755405874,51217.40640625,47324.74353515625,400.81115361897537,0.9043300959440496,0.0,-0.0091569596537893,0.0,0.0036620830710627,0.1428571428571428,1.618444606202953,0.004904304642675,0.8789931660715848,-1.5719549262532524,-1.7712754624611184,-1.7612213424313454,0.820838427638895,1.655223206841587,0.5293855236871283,0.3122441087084748
2021-07-08,52568.94140625,53103.03125,52428.83984375,53065.69140625,6400,55.1883653902413,59.65750920900936,79.0755816967524,88775200,493.6759796037688,51289.902421875,47392.366484375,363.8688261512725,0.9391019990086292,0.0,-0.0034763872946901,0.0,-0.0091569596537893,-0.1999999999999999,0.4413664212267097,-2.1582631694627668,-1.2824788494324777,-1.7435514104213596,-1.4288665951038424,-1.375227477429131,0.3514330198785015,1.652094751828416,-2.0941507109402906,-0.7167073959612197
2021-07-09,52386.19140625,52555.73046875,52228.01171875,52508.23828125,6400,52.08195489139028,21.909593527970348,58.89504214372627,88768800,482.7655301677853,51342.949453125,47457.78318359375,316.2004063272834,0.9215511133916644,0.0,-0.0002577014980018,0.0,-0.0034763872946901,0.0,-0.1849624382548203,-2.463469051539402,-2.9508236786603503,-1.896469663511391,-1.5673769070255437,-1.4850392766498377,-0.1078886673453372,1.64621339115579,-0.8569687915631639,-0.0602608473296494
2021-07-12,52372.69140625,52700.51171875,52208.9609375,52634.328125,24900,51.849777845820576,20.49106648114172,34.0193897393738,88743900,483.3930481022291,51395.084453125,47524.7473828125,274.17300724777306,0.922986837458085,0.0,0.0075810322486619,0.0,-0.0002577014980018,2.890625,-0.2904653875470446,-2.214014363132654,-2.577005916363448,-1.945808251129244,-1.5100463738143968,-1.4321388015145613,-1.6683211711097052,1.6432965564876958,-0.1224855492618624,4.542323392244276
2021-07-13,52769.73046875,52806.859375,52545.6796875,52694.890625,7900,57.80715343310504,62.21037379993679,34.87034460301627,88751800,479.8769710056413,51474.831875,47594.36693359375,269.793710877806,0.909379234540192,0.0,0.0025454045587658,0.0,0.007581032248662,-0.6827309236947792,1.0182574886427036,-1.0036353506588882,-0.5646424541427171,-1.7866977295839153,-1.5305754384663148,-1.5320941758190407,-1.1082211509847746,1.644596909661969,1.5145974586677216,-1.2429071398550666
2021-07-14,52904.05078125,52978.578125,52611.96875,52801.44140625,9300,59.62702435620808,76.3242253717682,53.00855521761556,88761100,471.78642843380976,51558.5425,47668.716484375,274.0030767033022,0.891777513190007,0.0,0.0048162811256847,0.0,0.0025454045587658,0.1772151898734177,1.461539312165551,-0.6086818100284151,0.1280897521403612,-1.614973350800513,-1.646365758062749,-1.673817993931622,-0.5515368695797056,1.652664851524054,0.4014351623272656,0.1198422513804099
2021-07-15,53158.8515625,53266.12109375,52948.4296875,52968.890625,8100,62.89637738644933,90.14466643458788,76.22642186876426,88769200,463.9495630099663,51656.649296875,47745.8403515625,294.5044589545796,0.8727606962398178,0.0,-0.0003535247319612,0.0,0.0048162811256846,-0.1290322580645161,2.1599102690746297,0.0696736414574597,0.8162367071640758,-1.3955382639545202,-1.7335204877344816,-1.7968423498488812,-0.0281368123487468,1.6636625977826698,0.9301791867548548,-0.3551552197562188
2021-07-16,53140.05859375,53290.80859375,52997.08984375,53244.3984375,6700,62.49440932581296,86.45709412867024,84.3086619783421,88762500,451.7902192235401,51745.899453125,47823.19853515625,305.7114651035372,0.8501876572576397,0.0,-0.0110398853854293,0.0,-0.0003535247319612,-0.1728395061728395,1.925453213489479,0.0268639658457131,0.6454199773761091,-1.2479606374927912,-1.885941969278628,-1.92833903681923,-0.5291343213041325,1.6734792293186946,-0.2270764020121232,-0.4084872685654943
2021-07-19,52553.3984375,52821.171875,52405.890625,52606.98828125,23800,51.44194377470051,33.75339081488344,70.11838379271384,88738700,471.9600584754301,51817.9721875,47903.19751953125,264.20889090282435,0.8980581132858924,0.0,-0.0067528785825726,0.0,-0.0110398853854293,2.5522388059701493,-0.1408583554896437,-2.026789498781007,-1.766682426262898,-1.373660340266264,-1.3066176249679575,-1.255661930207941,-1.962489012297138,1.685400031225286,-2.273328808194192,3.0833466630074686
2021-07-20,52198.51171875,52465.03125,52013.51171875,52432.87890625,8000,46.12741287998168,14.483711940499346,44.89806562801766,88730700,476.8119627807565,51871.89421875,47977.24677734375,200.3716498948197,0.913458922641051,0.0,0.0122359660787143,0.0,-0.0067528785825726,-0.6638655462184874,-1.366437831404552,-2.6277443054834904,-2.341060882587295,-1.596127885180321,-1.1101993934318684,-0.996319329328112,-2.237891302691418,1.6865424392378263,-1.3220100021349055,-1.0440141975175423
2021-07-22,52837.2109375,52867.26171875,52471.23046875,52494.55859375,8300,55.11494833660854,64.48768762156409,37.57493012564895,88739000,490.5218225821311,51945.402265625,48051.5246875,199.0236449039876,0.9283643361917016,0.0,0.0026229591095172,0.0,0.0122359660787143,0.0375,0.8240448567321347,-0.9769752552303193,-0.1485693216449184,-1.4964278669880269,-0.7242850871208425,-0.757698034423603,-1.7476290403570227,1.6873001995945538,2.155776747700806,-0.1401837470655458
2021-07-23,52975.80078125,53114.69921875,52653.76953125,52967.87109375,12100,56.79911524356,75.33793289050362,51.43644415085567,88751100,488.40809864769307,52031.102265625,48126.53759765625,206.7550399834945,0.9219456647091552,0.0,-0.0023318429958254,0.0,0.0026229591095172,0.4578313253012047,1.263104718800626,-0.6342525196448003,0.356198092019003,-1.3670833276994931,-0.7231738300335824,-0.7831931635046303,-1.0464016066896382,1.6884598074854935,0.4126218667115083,0.361110485786889
2021-07-26,52852.26953125,53103.421875,52783.62890625,52985.26171875,20900,54.824474947002585,65.66662996807223,68.49741682671329,88730200,476.3641607978578,52113.496640625,48200.459296875,200.6018732796001,0.9013125926715364,0.0,-0.0051749492486464,0.0,-0.0023318429958254,0.7272727272727273,0.7442771685003534,-0.9206103332809854,-0.0347770424472608,-1.3209072444605456,-0.9593577310915588,-0.9815169567398744,-2.0855706976367823,1.6873212309929244,-0.4892905604227808,0.6712242103607703
2021-07-27,52578.76171875,53024.69921875,52433.1796875,52995.71875,6300,50.62773100666578,44.253611753336514,61.75272487063745,88723900,484.5895444015823,52173.457265625,48269.8678515625,171.67666790440853,0.921645030352196,0.0,-0.0025685424463284,0.0,-0.0051749492486463,-0.6985645933014354,-0.2953794292398167,-1.5618802747873972,-0.945006961691121,-1.397943088097734,-0.7024059990863422,-0.6704721051915928,-2.154430792294112,1.6791550548660237,-0.9699189578949052,-1.089211664573565
2021-07-28,52443.7109375,52673.69140625,51802.73046875,52673.69140625,8000,48.647523179901086,43.07438285540284,50.99820819227052,88715900,512.1875010514692,52218.464921875,48337.21791015625,136.2847590018646,0.9766423693050073,0.0,0.0039920778155745,0.0,-0.0025685424463284,0.2698412698412697,-0.7605621041907978,-1.8050077883781803,-0.9383673048101768,-1.516545829054518,0.0139467222515612,0.0603934233469631,-2.2436179450752176,1.6683663667643032,-0.4454958575069554,0.1376490322900656
2021-07-29,52653.0703125,52777.1796875,52561.390625,52693.53125,8800,51.795216695040665,57.14349465018848,48.15716308630928,88724700,499.4218759763643,52273.473515625,48402.61041015625,123.70398554259008,0.948514251898811,0.0,-0.0012578652746538,0.0,0.0039920778155746,0.1,0.0089108346973325,-1.1584381636419163,-0.2442383854438166,-1.5149377684424947,-0.2859007818618392,-0.2816520785695224,-1.6761224282255,1.6558147477750338,0.733056409200355,-0.0891554218945538
2021-07-30,52586.83984375,52910.23046875,52533.91015625,52792.359375,9900,50.735731076760565,52.69275596669362,50.9702111574283,88714800,490.628907156624,52333.913125,48466.14986328125,107.15417993440497,0.93298800348988,0.0,0.0069178726765273,0.0,-0.0012578652746538,0.125,-0.2825161593610814,-1.2562597657645689,-0.4310532747422401,-1.5315694565736708,-0.4793100127902943,-0.4536086443358038,-1.9091216458957017,1.6420997070783,-0.2734175646924894,-0.0764032490210558
2021-08-02,52950.62890625,52986.76953125,52804.078125,52901.28125,7900,56.05324587996248,77.13966210611422,62.32530424099877,88722700,484.1503914668651,52382.11609375,48529.9896484375,121.9868878774505,0.9143430426937168,0.0,0.0164819660649391,0.0,0.0069178726765273,-0.202020202020202,1.06081853752812,-0.2761123308629771,0.6995091660326614,-1.3724255524086664,-0.5936693147266158,-0.645386802377027,-1.462129640984129,1.630616503655749,1.2065028414111014,-0.4678671662819358
2021-08-03,53823.359375,53887.98046875,53088.3515625,53125.96875,8100,65.63608997504335,96.90103854453902,75.57781887244893,88730800,516.5219036835176,52445.5453125,48596.55900390625,201.83731596243888,0.9596612134236884,0.0,0.0101519147558782,0.0,0.0164819660649391,0.0253164556962024,3.3510094701684148,1.435087637035902,1.5482117634065764,-0.834349041560348,0.3214401814874644,0.0259120317510655,-1.0661044897639411,1.6245301186012897,2.563968828032156,-0.1785912027985852
2021-08-04,54369.76953125,54465.91015625,54034.30859375,54071.21875,14600,70.04083374444778,96.39000607239348,90.14356890768222,88745400,525.5239663668378,52520.190078125,48665.43884765625,305.68632688700745,0.966573834867524,0.0,0.0022635798084312,0.0,0.0101519147558781,0.8024691358024691,3.57477617880161,2.085448965310609,1.4280924930959302,-0.0994600940688679,0.6657116020478375,0.2034663994890075,-0.4388082602758164,1.6228665406756544,1.4211641727113806,0.7538295933614072
2021-08-05,54492.83984375,54717.23828125,54230.890625,54576.640625,15300,70.94421265686779,92.30064038471332,95.19722833388194,88760700,522.7256585013495,52589.696484375,48734.77548828125,393.3834820058255,0.9592556746908152,0.0,-0.0039476946763433,0.0,0.0022635798084313,0.047945205479452,3.06833469696838,2.0157861721625583,1.165242745832455,0.5844731704550268,0.7128571302792088,0.1933228252623295,0.2147488144871409,1.6223295325578506,0.1410386005264261,-0.1708937700736881
2021-08-06,54277.71875,54633.578125,54210.328125,54492.171875,7200,67.13360220978937,84.91959673722782,91.20341439811156,88753500,515.6202543226816,52652.946484375,48802.190390625,440.44841962591454,0.949966701249178,0.0,0.0023054176811732,0.0,-0.0039476946763432,-0.5294117647058824,2.312762533344952,1.374775684492313,0.826114339525615,1.0085116323686842,0.6225067743157778,0.1353524179700354,-0.0395177970970062,1.6194508914852703,-0.7994037439961624,-0.8984505426513847
2021-08-09,54402.8515625,54584.73046875,54124.26953125,54385.7109375,11500,68.20347020784008,89.21304251092997,88.81109321095703,88765000,511.6803031210615,52712.5459375,48875.56259765625,482.2854079934914,0.940539490900076,0.0,0.002790452878662,0.0,0.0023054176811732,0.5972222222222223,2.216569406708377,1.5123633424346663,1.0146257420662284,1.4098758225110248,0.6016687825891662,0.0317350572694463,0.5290480312027016,1.6256045747179333,0.2219304999596537,0.5193996777152337
2021-08-10,54554.66015625,54779.66015625,54308.76953125,54461.30859375,8700,69.50058792740023,92.44187724873836,88.85817216563203,88773700,508.76675468384286,52764.8903125,48948.42099609375,521.6776324781385,0.9325816588842896,0.0,-0.0005266363802416,0.0,0.0027904528786619,-0.2434782608695652,2.1563068988256098,1.6111458386241786,1.105096533204237,1.7595423226294895,0.6093062950650721,-0.0665967052979193,0.9868330118916198,1.6306509563724418,0.2683868456713776,-0.5538959340355715
2021-08-11,54525.9296875,54758.73828125,54167.19921875,54730.6484375,6500,68.92749741846376,91.47677320645484,91.04389765537438,88767200,514.6790623849969,52816.711328125,49018.89263671875,544.3035529293265,0.9439161612369288,0.0,0.0058330189521355,0.0,-0.0005266363802416,-0.2528735632183908,1.9030384311460555,1.4262673281898617,1.005429208331194,1.905858345445664,0.9883030811783112,0.339579349432658,0.7216467979803578,1.63187123514009,-0.2929766478633617,-0.5332143391380978
2021-08-12,54843.98046875,54874.1015625,54536.6484375,54641.21875,9300,71.7086618443826,99.01929487415916,94.31264844311744,88776500,502.7856918574971,52876.601328125,49090.39068359375,581.199096483062,0.9167563833992384,0.0,0.0108181169324146,0.0,0.0058330189521356,0.4307692307692308,2.065770500216384,1.66668166387976,1.2286801902583144,2.067644536276904,0.4695132319452947,-0.4048792595404124,1.156337821067395,1.63458248251612,0.7129083420555417,0.3161217364595238
2021-08-13,55437.2890625,55487.7890625,54905.48828125,54911.94921875,14100,76.02047442194173,98.62960116602623,96.3752230822134,88790600,512.8587562783902,52940.698515625,49164.0405859375,650.8119703187986,0.9251151435276592,0.0,0.0026207822380383,0.0,0.0108181169324146,0.5161290322580645,2.4184337673002534,2.0030332450158057,1.132477691126102,2.3162839959214496,1.0317573649198368,-0.0622960319161971,1.7125797662343216,1.640229688874044,1.415793114578327,0.3885603362956628
2021-08-16,55582.578125,55680.75,55281.01953125,55479.73828125,6000,76.94702745955648,97.46850488480248,98.37246697499596,88796600,504.77816431207657,53010.3490625,49239.16103515625,709.5253212406024,0.9081589615668382,0.0,0.0037726102912755,0.0,0.0026207822380384,-0.574468085106383,2.25995532524134,1.90472241091898,1.0187645396274796,2.3800632162806914,0.6021986654332512,-0.6153168824262722,1.855077123437345,1.6472797394101657,0.1099695505574162,-0.956872908763211
2021-08-17,55792.26953125,55854.87890625,55386.48828125,55565.640625,6800,78.25307773144469,98.11472556012458,98.07094387031776,88803400,502.1790543612139,53079.62421875,49314.6948828125,764.1675707948234,0.9000871600678239,0.0,-0.0029176309077877,0.0,0.0037726102912754,0.1333333333333333,2.1749003452373,1.869916882004534,1.0107970520001888,2.3720485465487533,0.4613865013065012,-0.8526155044762129,2.008443690372085,1.654114012835229,0.3179836823735285,-0.0670921634377791
2021-08-18,55629.48828125,56118.5703125,55514.890625,56073.30859375,16100,74.71436350314458,86.35625108290208,93.97982717594304,88787300,509.4290995854129,53146.702578125,49392.11482421875,785.2845888695592,0.9157537042401966,0.0,-0.0053958427090398,0.0,-0.0029176309077877,1.3676470588235294,1.827887815791848,1.3879652413150532,0.5494614731876977,2.2015119835165087,0.8090226722657083,-0.2634750012755281,1.2984239422663266,1.6627684254880986,-0.7446874528426987,1.3740990365687566
2021-08-20,55329.3203125,55543.16015625,55013.98046875,55159.12890625,6800,68.55770602262697,76.1879058585049,86.88629416717718,88780500,517.0061505078835,53214.456171875,49466.15091796875,768.9351258783136,0.93441623281803,0.0,0.0040931055852648,0.0,-0.0053958427090398,-0.577639751552795,1.4445398393822728,0.719447193439633,0.1838713027514358,1.9178957484548536,1.1339941377301856,0.3876614566860718,1.026359133381884,1.6654051839435713,-1.0731706735582904,-0.9418201994331996
2021-08-23,55555.7890625,55781.171875,55240.2890625,55695.83984375,7500,70.5307577897255,81.42770220796766,81.32395304979154,88788000,518.7116263644632,53279.562578125,49544.31755859375,765.4288072854251,0.9336770030948802,0.0,0.0072574148086783,0.0,0.0040931055852648,0.1029411764705883,1.5103914246467358,0.8679724651821219,0.3610264156032288,1.7359320822504791,1.1519841249401728,0.3682077664954575,1.2888133428615705,1.6736499767741868,0.3692953250691418,-0.1417151072483602
2021-08-24,55958.98046875,56023.21875,55536.83984375,55647.109375,7600,73.6955236428494,92.34309960623796,83.31956922423684,88795600,516.4021463562873,53349.246953125,49625.363203125,786.122273190871,0.9228226497883916,0.0,-0.0002639349596129,0.0,0.0072574148086783,0.0133333333333334,1.6921756834489354,1.1197257076647995,0.743258957498518,1.6710697787242523,0.967063375155334,-0.0358023825339049,1.499354968346452,1.6852302724574135,0.8349708965474061,-0.2497139505227036
2021-08-25,55944.2109375,56198.12890625,55899.9609375,56067.05859375,5400,73.38462571471374,87.7562590882036,87.17568696746973,88790200,500.81399081298105,53417.100546875,49707.01390625,792.1982479949511,0.895202528412605,0.0,8.741967967809448e-05,0.0,-0.0002639349596129,-0.2894736842105263,1.554492091234297,1.018242649702182,0.5039513753866031,1.5587435235122242,0.1403629733787775,-1.006900063535464,1.2057325974614754,1.6963602624572345,-0.4114749429420732,-0.6056745577655107
2021-08-26,55949.1015625,56112.390625,55854.0703125,55988.41015625,8300,73.42460534524915,87.9920814905784,89.36381339500666,88798500,483.4930137906253,53480.6215625,49787.9715234375,788.3208621805534,0.8641658226638754,0.0,0.0031388741301559,0.0,8.741967967806907e-05,0.537037037037037,1.4423000189636792,0.958403759940527,0.4771782462393621,1.42623202841859,-0.7651163443469415,-1.9447316473024805,1.4074745818232268,1.704965957566667,-0.3157754287515328,0.580903977684018
2021-08-27,56124.71875,56188.23046875,55675.87109375,55862.9296875,6000,74.88359119268878,96.46021532920956,90.73618530266386,88804500,485.55489673415207,53553.076328125,49867.28947265625,790.3086590532548,0.8651355544372364,0.0,0.0136311234299058,0.0,0.0031388741301558,-0.2771084337349397,1.458438138630795,1.0402205257344013,0.8271608889592951,1.3309708036032433,-0.6997991887708184,-1.8020380760903825,1.5072501383658936,1.7094840385788286,0.1928715111890024,-0.6334169223925926
2021-08-30,56889.76171875,56958.26953125,56309.859375,56329.25,6600,80.02763204317452,97.54546446955553,93.9992537631145,88811100,510.4117456281412,53644.405,49948.657578125,843.8887520127391,0.897194381216607,0.0,0.0116475950369749,0.0,0.0136311234299058,0.1,1.838769396222615,1.4492433550452302,0.858436469728578,1.4225179352757122,0.576385304489517,-0.810912286313014,1.6101038118772883,1.7150815957918717,1.797578744214532,-0.0740294019463522
2021-08-31,57552.390625,57625.26171875,56859.1015625,56995.1484375,11200,83.2311017893618,97.8927190081151,97.29946626896005,88822300,528.6794892439882,53748.563828125,50029.71873046875,929.1097774566442,0.9186056104754348,0.0,-0.0037214733423595,0.0,0.0116475950369749,0.696969696969697,2.058124981569428,1.6165796825751977,0.8477686765978957,1.5972251150926071,1.6292662085384872,-0.1869475041081787,1.8006327129147386,1.71812462914507,1.3755468298713942,0.7833773222071374
2021-09-01,57338.2109375,57918.7109375,57263.8984375,57763.53125,7300,78.8298678502675,82.83591743204036,92.75803363657032,88815000,537.6889900122748,53843.838828125,50106.9444921875,968.20468240606,0.9377498551504656,0.0,0.0089700762648599,0.0,-0.0037214733423595,-0.3482142857142857,1.7579600814869736,1.131745923948308,0.1084218428714566,1.5949917320948723,2.0411960677027494,0.4913326107584124,1.4536262861823477,1.7137167437981706,-1.08806827203046,-0.8676334732300763
2021-09-02,57852.5390625,57892.37109375,57287.7890625,57423.6484375,5100,81.3766577064496,97.8039500379188,92.8441954926914,88820100,542.467064386398,53949.115390625,50183.2200390625,1028.8299463133662,0.9376720074469902,0.0,0.0047951249978899,0.0,0.0089700762648599,-0.3013698630136986,1.919618690458451,1.3147938312104648,0.866306817233958,1.658200681303743,2.1366548136552765,0.457380496983547,1.4889332003773967,1.7072997546333195,0.9318788761042998,-0.8216351559699387
2021-09-03,58129.94921875,58194.7890625,57764.0703125,57983.44921875,6100,82.59301159866669,97.96152953442706,92.8671323347954,88826200,534.4850419302267,54065.5928125,50257.48154296875,1086.7333997727835,0.919465867618248,0.0,0.0028722016747633,0.0,0.0047951249978899,0.196078431372549,1.903378649967942,1.3397351972527776,0.8180475554567628,1.7005748932790758,1.5262631501962909,-0.2262219597619436,1.538775247760069,1.697695309680777,0.2796701801861448,0.2032997924060899
2021-09-06,58296.91015625,58515.8515625,58200.2890625,58411.62109375,5600,83.29997455410277,93.74787362559525,96.50445106598036,88831800,523.8719920602105,54177.551015625,50330.997734375,1133.0337483546973,0.898627372627649,0.0,-0.0002989813259962,0.0,0.0028722016747633,-0.081967213114754,1.82880796388686,1.3146761667608673,0.5251928904776693,1.7007135262611666,0.8410062252949018,-0.9749275789248992,1.5615751350374318,1.6869897663254865,-0.0595392852687329,-0.3407652004381588
2021-09-07,58279.48046875,58553.0703125,58005.0703125,58418.69140625,7400,82.92135866448123,92.26948577659996,94.65962964554076,88824400,525.5954211987669,54284.63984375,50405.6091796875,1155.0064823051362,0.9018533057798894,0.0,-0.0005013557047006,0.0,-0.0002989813259962,0.3214285714285714,1.679685073230719,1.2021864871129986,0.3902672852249055,1.6348620795048785,0.9004274576690665,-0.8551146221096605,1.268385576647041,1.6778863955427354,-0.634791153616098,0.5495998998726688
2021-09-08,58250.26171875,58372.94140625,57924.48046875,58350.55859375,5300,82.24647644841016,91.44388509139554,92.48708149786358,88819100,520.0858152202835,54394.93328125,50479.64548828125,1156.7282797614098,0.8928471733421838,0.0,0.0009409158368185,0.0,-0.0005013557047006,-0.2837837837837837,1.5568494442600815,1.0890524908507002,0.2762722187538847,1.5288356778221492,0.4988453208417828,-1.130675790229246,1.056968197742593,1.668381779886457,-0.7213746075082703,-0.8184997769339329
2021-09-09,58305.0703125,58334.58984375,58084.98828125,58172.98046875,5300,82.5336441478209,92.51384316425964,92.0757380107517,88824400,500.76551145454897,54510.041484375,50551.40728515625,1149.2673732270196,0.8588712933036119,0.0,-0.0021834909565782,0.0,0.0009409158368185,0.0,1.5015484248679505,1.1006224019173945,0.2930153683023339,1.4186498645251258,-0.762065273402616,-2.1860356744198035,1.1527876668180588,1.656583165757663,-0.4870872735612091,-0.1615089654676797
2021-09-13,58177.76171875,58314.640625,57944.62890625,58262.109375,5600,79.32405331383444,87.55703194306842,90.5049200662412,88818800,491.4259548327954,54623.9425,50621.39583984375,1120.1691982558914,0.8446972525490178,0.0,0.0011916602315357,0.0,-0.0021834909565782,0.0566037735849056,1.3557768300188136,0.6994004830863604,-0.2806792040285748,1.2627361165965734,-1.336827686333356,-2.349008323490138,0.9356786241297582,1.643796744828413,-1.0126768838350488,-0.0307978047601291
2021-09-14,58247.08984375,58482.62109375,58214.2890625,58482.62109375,6700,79.78508106812153,89.36533602692505,89.81207037808436,88825500,478.0997705590244,54742.512265625,50694.631484375,1090.1364705918386,0.8208131459297708,0.0,0.0081739598712516,0.0,0.0011916602315358,0.1964285714285714,1.3401438068382507,0.7570916163159797,-0.3279622272958469,1.1196485564557714,-2.074516291408294,-2.6273459272345545,1.1155490191226378,1.6370886572059706,-0.4135084296513875,0.2783938146874067
2021-09-15,58723.19921875,58777.05859375,58272.8203125,58354.109375,9600,82.64677864563512,98.2632660875874,91.72854468586029,88835100,481.8046976619512,54867.2828125,50768.83623046875,1092.1635831559906,0.8204673860958747,0.0,0.0071174755984096,0.0,0.0081739598712515,0.4328358208955223,1.560192848977611,1.2245731959259625,1.0417475673097265,1.0914525958674453,-1.823962077397064,-2.2957848904548124,1.4100980561546586,1.6328651356432058,0.8648733486948269,0.7598506485428843
2021-09-16,59141.16015625,59204.2890625,58700.5,58881.0390625,24700,84.69509076680697,98.21084387368188,95.2798153293981,88859800,483.3750094360976,54992.506015625,50844.1562890625,1114.6470813682972,0.8173241920838693,0.0,-0.0021181446376608,0.0,0.0071174755984095,1.5729166666666663,1.7009207280790462,1.5008094430662455,1.0181973606202988,1.1374299577901037,-1.5861069231886369,-2.1289938024464847,2.1841333071481066,1.6309519090036813,0.8065577379812309,2.739236807732873
2021-09-17,59015.890625,59737.3203125,58871.73046875,59409.98046875,13100,81.58673980638241,78.95148330920985,91.8085310901597,88846700,510.67606902994777,55115.600234375,50916.62064453125,1109.5668158637636,0.8653196005714736,0.0,-0.0088952472281697,0.0,-0.0021181446376608,-0.4696356275303643,1.508261966056331,0.8811289933904936,-2.0028959966145603,1.0738648749245936,0.0463787314507617,-0.9015358458524312,1.6253468868209402,1.6258231213762404,-1.0101310624546804,-1.1064095402138037
2021-09-20,58490.9296875,59202.55859375,58389.69140625,58634.69140625,17400,69.99370789715297,56.695764524499744,77.95269723579715,88829300,532.2611489206658,55224.32359375,50989.93478515625,1051.0646890056378,0.9099892098901182,0.0,0.0087934974960727,0.0,-0.0088952472281697,0.3282442748091603,1.1057159850407332,-1.20864899182642,-3.758469383497481,0.783681951817032,1.28692268656451,0.2687747237823123,0.9115997189920548,1.6228223154485009,-2.140369957910043,0.4159275203729882
2021-09-21,59005.26953125,59084.51171875,58232.5390625,58630.05859375,9500,73.90595848475917,70.40331903549612,68.68352228973522,88838800,555.0976851584754,55353.05015625,51063.66244140625,1034.2817032021994,0.9407595110882224,0.0,-0.0013209228068811,0.0,0.0087934974960728,-0.454022988505747,1.3498267521457128,-0.5721684899032455,-2.0253509286054574,0.6620334516179559,2.2957499501238035,1.0881909795448594,1.2370279883171746,1.621440911949069,1.1409415305990085,-1.1024339874574334
2021-09-22,58927.328125,59178.44140625,58878.37890625,59166.1484375,19200,72.36619914609292,66.93276774893155,64.67728376964247,88819600,536.8808862185844,55483.872890625,51137.55048828125,1003.1284060974868,0.9110898174098816,0.0,0.0162578430158545,0.0,-0.0013209228068812,1.0210526315789474,1.2282321403272876,-0.9227778795164584,-2.115963995064212,0.4646963473322215,1.2547583913152085,0.3407564155395467,0.3909793148820734,1.6207660132596944,-0.754112450745933,1.6669812835731126
2021-09-23,59885.359375,59957.25,59243.1484375,59358.1796875,44600,78.33975446727011,96.72208230772245,78.01938969738336,88864200,572.0980997029712,55634.12625,51213.700078125,1043.7130347921047,0.9553221449678764,0.0,0.0027236936824343,0.0,0.0162578430158546,1.3229166666666663,1.7324137699904258,0.2007079474639697,0.6960390431933002,0.6205874891573594,2.5779258996309338,1.468615288783365,2.130292292145953,1.62357145930033,2.241809918060901,1.9937590297109615
2021-09-24,60048.46875,60333.0,59946.55078125,60158.76171875,10900,79.16552386261552,88.18646698487304,83.947105680509,88875100,563.2082800813304,55779.701015625,51290.8522265625,1076.6275169911169,0.9379228010395024,0.0,0.0004897736255764,0.0,0.0027236936824344,-0.7556053811659192,1.7249228299296666,0.3165130435799949,-0.0990116802840724,0.75380318208451,1.9583167547294675,1.0251809908430425,2.352012470585574,1.6280704024691488,-0.0883068402928926,-1.5520801754869438
2021-09-27,60077.87890625,60412.3203125,59887.19140625,60303.7890625,6200,79.31862482210856,86.55695594351903,90.4885017453715,88881300,560.4883248076638,55923.177578125,51368.07837890625,1092.4920665972822,0.9329362737361144,0.0,-0.0068290916926382,0.0,0.0004897736255764,-0.4311926605504587,1.6359664190229548,0.3035121879699511,-0.2167707600575685,0.804102129777971,1.6829584105668138,0.8713237663142887,2.3286755593075017,1.63283788979832,-0.4417930825710288,-0.9444122658905084
2021-09-28,59667.6015625,60288.44140625,59045.53125,60285.890625,21100,71.43262400273402,70.06564743824258,81.60302345554487,88860200,609.2327413392593,56053.352578125,51441.0186328125,1059.7428279941669,1.021044461961667,0.0,-0.0042624812224703,0.0,-0.0068290916926382,2.403225806451613,1.2817655782644122,-1.3717432472254292,-1.6468612117601915,0.5520707197756869,2.913955395825519,2.679536842052181,1.4101540160524908,1.631989612566411,-1.5773513864560027,3.0324347227259456
2021-09-29,59413.26953125,59678.66015625,59111.41015625,59296.5390625,16100,66.98654257145508,59.51476028486898,72.04578788887684,88844100,606.2339741007407,56178.816796875,51510.95013671875,1001.7191561912332,1.02036797315434,0.0,-0.0048290585337858,0.0,-0.0042624812224704,-0.2369668246445497,1.0466620266782034,-2.0780657785761774,-2.291502387970468,0.11003867440608,2.4173699403103237,2.3194961219754884,0.7440674598796803,1.6278219197764243,-1.079944329524463,-0.6230439634551905
2021-09-30,59126.359375,59557.23828125,59019.28125,59549.5703125,8900,62.277410198130994,47.88809758614849,59.15616843642001,88835200,601.357049611402,56310.276015625,51578.539375,921.9559916739236,1.0170709916323204,0.0,-0.0061018681652932,0.0,-0.0048290585337857,-0.4472049689440993,0.7969539245526435,-2.548424399958526,-2.7310200041744777,-0.5065902505470495,2.025566563236876,2.010807086939176,0.365638502519811,1.6216559956857286,-1.1029722206288304,-0.8770998101651409
2021-10-01,58765.578125,58890.078125,58551.140625,58889.76953125,10200,56.86397125643055,25.0810384292762,44.16129876676454,88825000,599.4900282105875,56441.61734375,51641.849765625,820.1765922182167,1.020138059282621,0.0,0.0090825650751649,0.0,-0.0061018681652932,0.146067415730337,0.4960750255253148,-2.85803832440757,-3.3204135614591856,-1.2742765471478923,1.7884229554668267,1.8737633612322897,-0.081223666393615,1.6110568554619682,-1.2692533783086652,-0.005386842063596
2021-10-04,59299.3203125,59548.8203125,58952.109375,59143.0,10000,62.111155512608114,48.9398305449228,40.63632218678248,88835000,612.6151824455455,56570.85953125,51708.54697265625,773.6658800552614,1.0330897204506564,0.0,0.0075137217661511,0.0,0.0090825650751649,-0.0196078431372549,0.83968701143871,-1.9569719883935277,-1.7906565340780802,-1.6226682092190596,1.9137192997854144,1.9107648586069443,0.2658585045608104,1.6071993741760056,1.0811999379152375,-0.2767177984012208
2021-10-05,59744.87890625,59778.87109375,59127.0390625,59320.140625,12900,65.84610219300845,69.38034923229108,47.80040606883001,88847900,615.4163859315779,56706.24109375,51776.77630859375,763.9522939013259,1.0300738694228038,0.0,-0.0092919836421649,0.0,0.0075137217661511,0.29,1.140974585290137,-1.3798861403385831,-0.6559280956161683,-1.6932138668530003,1.7951950593556925,1.7131866081978508,0.7716617993071209,1.606563833195228,0.8034360050811387,0.169745243890939
2021-10-06,59189.73046875,59963.5703125,59079.859375,59942.0,7000,58.15405360759682,43.91226900635098,54.07748292785494,88840900,634.5802824721795,56832.9903125,51841.45765625,703.3505798901169,1.0721121340588204,0.0,0.0082463233467112,0.0,-0.0092919836421649,-0.4573643410852713,0.6383658813488942,-2.156914851113643,-1.8303126005195225,-2.044210783426204,1.995329184428818,2.103064634518277,0.4046319587195985,1.6016503844253405,-1.697258249696899,-0.8946622120008011
2021-10-07,59677.828125,59914.91015625,59597.05859375,59632.80859375,5700,62.32165391824405,66.30431666021533,59.86564496628578,88846600,641.0516685455952,56974.971640625,51908.5309375,686.791778472325,1.0741873300128502,0.0,0.0063881424764903,0.0,0.0082463233467111,-0.1857142857142857,1.0331208670620484,-1.525580415614653,-0.6539092272069283,-2.045277168450921,1.9209985250921808,1.9150673029220409,0.6270394429621057,1.6009182298034186,0.9089506004767728,-0.5068665593845381
2021-10-08,60059.05859375,60212.30078125,59830.9296875,59960.390625,5700,65.23406172392716,83.79370779751409,64.67009782136012,88852300,633.4388819530528,57127.27859375,51975.49392578125,696.4032189886202,1.0546933248450403,0.0,0.0012774535273515,0.0,0.0063881424764902,0.0,1.383862785864253,-1.1196665979787808,0.237402147628285,-1.89209784060076,1.6321303683738568,1.5245123204331326,0.8658295820383949,1.600488853842332,0.5964259460554155,-0.2113535377260018
2021-10-11,60135.78125,60476.12890625,59811.421875,60099.6796875,42500,65.80688380167828,82.31949463978069,77.47250636583668,88894800,635.6723211885491,57276.9328125,52041.7211328125,702.117656712333,1.0570617159622402,0.0,0.0024698663701155,0.0,0.0012774535273516,6.456140350877193,1.4775226908141048,-0.9990396745229004,0.1891117402206761,-1.7803524933680073,1.5549043295687757,1.4396234251561002,2.6913571554311675,1.5995596770381162,-0.1561769490249104,4.558868655065261
2021-10-12,60284.30859375,60331.73828125,59885.390625,60045.75,6500,66.94242843097165,90.03524777951165,85.38281673893546,88901300,622.1491308357955,57430.8821875,52108.33921875,710.44177458177,1.032024991823987,0.0,0.0075101166134455,0.0,0.0024698663701154,-0.8470588235294118,1.6024246509021594,-0.8146776356683779,0.604352046775181,-1.6377207777971683,1.203650571843343,1.0492368751484946,2.581814759887545,1.5994796878186832,0.0812115444766479,-0.8754767008909222
2021-10-13,60737.05078125,60836.62890625,60452.2890625,60619.91015625,8500,70.19201005719245,95.64302622695848,89.33258954875025,88909800,617.1613580975245,57586.610625,52184.25466796875,744.9835026893779,1.0161200620693407,0.0,0.0093665798747611,0.0,0.0075101166134454,0.3076923076923077,1.986106039984362,-0.4004218730349425,0.9026203772337316,-1.3433183046998736,1.0369944254414147,0.8013811465458597,2.5183714772760006,1.6124403739074695,0.9205511050755713,-0.0123631853132993
2021-10-14,61305.94921875,61353.25,60978.0390625,61088.8203125,12600,73.69161592870527,98.3119580673042,94.6634106912581,88922400,617.0926338584156,57736.262421875,52260.75095703125,808.9384812330682,1.006578711727511,0.0,0.0074974881044566,0.0,0.009366579874761,0.4823529411764706,2.4246036766642587,0.0264804038106485,0.9975570510491611,-0.915286968550698,0.9725025812157032,0.6495024809036133,2.5705863251865946,1.6249543118140224,1.1395680349879282,0.096823491459268
2021-10-18,61765.58984375,61963.0703125,61624.6484375,61817.3203125,11800,76.13002598442439,94.21205924982884,96.05568118136382,88934200,619.9518095649574,57884.178828125,52337.3580078125,886.493474607938,1.003717136245708,0.0,-0.0008020495331675,0.0,0.0074974881044567,-0.0634920634920634,2.5682637292054102,0.3367739341513656,0.7982796163348116,-0.43040765301597,0.9644868228713892,0.5837833533684111,2.5433844787794557,1.6362940115486508,0.8547816348743645,-0.3155415881805801
2021-10-19,61716.05078125,62245.4296875,61594.2890625,62156.48046875,8600,75.31974532934322,85.67034421795465,92.7314538450292,88925600,622.1795820960318,58028.643046875,52411.07056640625,933.2016100200708,1.008132526660401,0.0,-0.0073901333279828,0.0,-0.0008020495331675,-0.2711864406779661,2.232694006016994,0.2751039241812305,0.3854345741365232,-0.1267294466013146,0.9428437770095176,0.6000371996046144,2.031041900558532,1.642430243643834,-0.454661010268608,-0.4570933076794587
2021-10-20,61259.9609375,61880.359375,61109.2890625,61800.0703125,48400,68.13012465799659,73.32453597085028,84.40231314621123,88877200,632.8146342677438,58168.287890625,52480.60162109375,922.7782914253548,1.0329987557670304,0.0,-0.0054923465890432,0.0,-0.0073901333279828,4.627906976744186,1.6401603347831912,-0.5466867589820429,-0.2267434689140647,-0.1499984436498188,1.0636098265362257,0.8473187800803456,0.5834462255649275,1.6421882950652904,-1.4100667200051216,2.6554223955032463
2021-10-21,60923.5,61621.19921875,60485.6484375,61557.94140625,7300,63.32770799676762,64.2169395752312,74.40393992134535,88869900,668.7243590521906,58298.700859375,52547.15373046875,877.2556930514329,1.0976459971147268,0.0,-0.0016722431615058,0.0,-0.0054923465890431,-0.8491735537190083,1.2311181861135885,-1.0709431609593676,-0.6605384679589298,-0.3797384933891427,1.578899504643751,1.5083742318509847,0.3316198092144245,1.6378951941430722,-1.0673613865000458,-0.8336880245865463
2021-10-22,60821.62109375,61420.12890625,60551.1484375,61044.5390625,9400,61.904792106124354,56.76677460294868,64.76941671634337,88860500,683.0283668877483,58424.040078125,52612.5307421875,823.4655315128766,1.123002568173797,0.0,0.0023910853555816,0.0,-0.0016722431615058,0.2876712328767123,1.063832368328084,-1.1708889987025348,-0.9875154117466588,-0.662547640649791,1.6786512023807123,1.656362608051621,0.0136243035640078,1.6326297588514425,-0.4771890067438588,-0.1236427844323612
2021-10-25,60967.05078125,61404.98828125,60449.6796875,61398.75,10500,63.17671693834904,59.61615822583312,60.19995746800431,88871000,702.4769545207663,58552.8625,52678.60935546875,783.5392486092969,1.1522239398478633,0.0,0.0062855416588045,0.0,0.0023910853555815,0.1170212765957445,1.1330593381347709,-0.9496220427213938,-0.7824609491727397,-0.860086434367546,1.8454175490557208,1.8242307278385557,0.2901612459033224,1.6294127496181148,0.1341176872488308,-0.2351747410394465
2021-10-26,61350.26171875,61497.7109375,60791.2890625,60997.8984375,6700,66.36362672753145,71.7217474141952,62.70156008099232,88877700,702.7587345549973,58682.988125,52746.01576171875,773.8982840995523,1.1454861232323297,0.0,-0.003372986323981,0.0,0.0062855416588045,-0.3619047619047619,1.4237898926906774,-0.4937093600322436,-0.1160533819865048,-0.8645371301655211,1.7254013392461829,1.6333436480212744,0.4490705655775813,1.629136719942352,0.6821575234122319,-0.5300841615136087
2021-10-27,61143.328125,61576.8515625,60989.390625,61499.69921875,8900,63.1836094253181,58.385682236870245,63.241195958966166,88868800,694.5231776224975,58797.10890625,52810.8483984375,741.0179450637224,1.1358936435429725,0.0,-0.0189493922195619,0.0,-0.0033729863239809,0.3283582089552239,1.1529991442944545,-0.8513715075650911,-0.7726433110625199,-1.016170744739057,1.5193867094835556,1.4596542911688126,0.1236599825416393,1.6256549638616378,-0.7534756270345929,-0.0938320591265617
2021-10-28,59984.69921875,61081.0,59777.578125,61081.0,8600,49.02008151201879,8.392769520553365,46.16673305720625,88860200,742.4679506494621,58885.151328125,52868.58298828125,614.3861091944636,1.2377622299010906,0.0,-0.011299040256555,0.0,-0.0189493922195619,-0.0337078651685393,-0.0846732728637325,-2.4328929210140835,-2.8567663256390188,-1.7233648647453206,2.1775758901888294,2.402397975400345,-0.1873335459094046,1.6128101602991367,-2.617323256895618,-0.3137922917311677
2021-10-29,59306.9296875,60132.80859375,59089.37109375,59857.328125,9000,42.954186675890575,6.893363582692515,24.557271780038693,88851200,763.965775603072,58955.44453125,52924.24734375,454.1044961579319,1.2881560040766895,0.0,0.0140208109639379,0.0,-0.011299040256555,0.0465116279069768,-0.8153341471001336,-2.781028000472295,-2.5267865631193938,-2.4470019921417427,2.3531404165061165,2.66889297530332,-0.4748279630656316,1.5987830929297524,-1.4773185827211783,-0.2323688106345588
2021-11-01,60138.4609375,60220.2109375,59355.12109375,59577.48046875,7200,50.97025958558162,33.24050592177001,16.17554634167195,88858400,774.631166631424,59045.623984375,52984.473046875,389.6857310021514,1.2880794662112716,0.0,-0.0018191743194708,0.0,0.0140208109639379,-0.1999999999999999,0.0340645125670844,-1.7320680220194573,-1.315531710210174,-2.4893575973403688,2.299950928147138,2.394575179310391,-0.2511154191189618,1.5936216402713133,1.6451006129857333,-0.3971185508412701
2021-11-02,60029.05859375,60421.140625,59881.75,60360.609375,6000,49.97525375769566,29.774082834231283,23.302650779564587,88852400,757.828270800608,59139.61875,53040.70578125,326.0470729769368,1.2624357078948265,0.0,-0.0042835374196051,0.0,-0.0018191743194708,-0.1666666666666666,-0.1502189670923991,-1.684001121104309,-1.375230509336901,-2.4694213396586027,1.8731230252021236,1.9474555629635355,-0.4873581139503648,1.5839032839390386,-0.3421846615520936,-0.3642737402615464
2021-11-03,59771.921875,60361.8203125,59552.48828125,60275.2109375,8500,47.62215591011952,21.62668280625929,28.213757187420185,88843900,761.5071108327074,59223.94140625,53093.2187890625,251.95975852155243,1.2740214584788394,0.0,0.0049471258322325,0.0,-0.0042835374196051,0.4166666666666667,-0.4919630992299756,-1.7672158781874967,-1.5629499467010326,-2.465730626303087,1.7753003354168386,1.8747107076543632,-0.7865163665384256,1.570491175065347,-0.6046875731769487,-0.0091632979197367
2021-11-04,60067.62109375,60207.96875,60011.4609375,60207.96875,1800,50.50811227526858,30.99593911016881,27.46556825021978,88845700,738.2599511303712,59306.11421875,53145.97134765625,214.63134717021603,1.2290480922794305,0.0,0.0079575031031108,0.0,0.0049471258322326,-0.788235294117647,-0.1921736407376369,-1.3588425909029325,-1.1351258938862658,-2.3104341501915417,1.3399256597139555,1.3652287854431506,-0.7838742468766444,1.559639239088057,0.5429535532592663,-0.741059882224433
2021-11-08,60545.609375,60609.16015625,59779.19140625,60385.76171875,7500,54.83973277521878,46.14104073143049,32.921220882619515,88853200,744.810579621059,59398.1421875,53201.23779296875,221.06961886453064,1.230164478167099,0.0,-0.001852490335927,0.0,0.0079575031031107,3.166666666666667,0.3751237506150905,-0.8587044647814037,-0.5241410172472348,-2.053372109972825,1.3484069901207845,1.285685879782838,-0.5022116236638408,1.554288952839025,1.015886928930955,1.6705460057028625
2021-11-09,60433.44921875,60670.46875,60213.640625,60609.71875,6200,53.6530975899394,48.15778461090592,41.76492148416839,88847000,724.2404042909833,59487.829140625,53255.48423828125,214.6472879969442,1.1984098436438102,0.0,-0.0013341768059299,0.0,-0.001852490335927,-0.1733333333333333,0.2196272777327833,-0.9296589037088996,-0.4037589341879333,-1.90196308830511,0.964002591339414,0.925706024706668,-0.6835925679805431,1.5484195867279842,-0.2810711621131881,-0.3842893134654894
2021-11-10,60352.8203125,60506.5,59967.44921875,60295.26171875,7500,52.76912533593522,49.9026456920333,48.06715701145655,88839500,711.0125740737702,59572.391171875,53312.07498046875,200.7374888072736,1.178093368946519,0.0,-0.0071766141831866,0.0,-0.0013341768059299,0.2096774193548387,0.1079401706723112,-0.9773379271298014,-0.2944564841668578,-1.80903686705986,0.6992815400597978,0.6774277881409475,-0.8897000569748892,1.5471052978531374,-0.203132419656665,-0.1626284726524224
2021-11-11,59919.69140625,60293.25,59656.26171875,60291.69921875,6200,48.17718402736255,33.37997314677408,43.81346781657109,88833300,709.9801469077867,59632.989765625,53368.85208984375,153.00029761813494,1.184886187237158,0.0,0.012800466457676,0.0,-0.0071766141831866,-0.1733333333333333,-0.4448487708542468,-1.4010535873303591,-0.8913188043881081,-1.8376648303333536,0.6324257052803373,0.6954385831540477,-1.0533404641845034,1.5469263657327803,-0.9843166676429326,-0.3546079218084499
2021-11-12,60686.69140625,60750.71875,59997.9609375,60248.0390625,6900,55.553170310872346,64.21438610541854,49.16566831474197,88840200,718.626375253659,59695.67578125,53425.2941015625,175.0409564002257,1.1841581055111683,0.0,0.0005276203152294,0.0,0.0128004664576759,0.1129032258064515,0.4714920355438857,-0.5204072125750827,0.3107894916362691,-1.626197982397197,0.7267180111176783,0.638772550058365,-0.8106560188422722,1.547227984895695,1.5554084914300308,-0.1812189914520921
2021-11-15,60718.7109375,61036.55859375,60597.359375,60837.3984375,7100,55.835771528897176,65.50161354910136,54.36532426709798,88847300,698.6672926462549,59763.28578125,53479.92705078125,192.8687746750802,1.1506622618609588,0.0,-0.0065274746059409,0.0,0.0005276203152295,0.0289855072463767,0.4623594804908734,-0.4622367216143451,0.3381548498671263,-1.448262273598819,0.3333693811742895,0.2522956447340457,-0.5894868183564809,1.5459110091336483,-0.0503822446053996,-0.245520068161774
2021-11-16,60322.37109375,60802.7890625,60199.55859375,60755.37890625,6300,51.473113919883765,49.56822839375309,59.76140934942432,88841000,691.8503766536652,59812.682421875,53533.41509765625,173.02165017902735,1.146921720929083,0.0,-0.0052060779948773,0.0,-0.0065274746059409,-0.1126760563380281,-0.1442105612940475,-0.927080786149872,-0.3259371689024592,-1.4089060576265646,0.1623520644071992,0.1722320008115404,-0.8421109138073143,1.544714293004381,-0.9648297026726396,-0.3297854818257371
2021-11-17,60008.328125,60426.609375,59944.76953125,60179.9296875,19900,48.25579504042721,46.140976783686405,53.73693957551361,88821100,676.8496243034034,59850.25,53589.06404296875,130.4482913125612,1.127926148673057,0.0,-0.0062044122521535,0.0,-0.0052060779948773,2.1587301587301586,-0.6600358370735748,-1.2063886405431865,-0.4592074019900689,-1.4436516408537514,-0.1612246939513452,-0.0677179657680098,-1.492811979349528,1.5486845725955325,-0.7392112538291079,1.0488868217938776
2021-11-18,59636.01171875,60177.51953125,59376.5,59968.75,7800,44.6894264267013,28.07334296260632,41.26084938001527,88813300,685.7189033710174,59877.03203125,53645.50615234375,65.90605134524958,1.1498403122679353,0.0,-0.0196210487594043,0.0,-0.0062044122521535,-0.6080402010050252,-1.2087708648937587,-1.4742475015549024,-1.1083803555978415,-1.5365794052292578,-0.0372969039911747,0.1322797392476409,-1.6457207445833784,1.555034474589801,-0.8132960478516298,-0.6546360199791267
2021-11-22,58465.890625,59778.37109375,58011.921875,59710.48046875,10600,35.74758804240231,15.009033884492844,29.741117876928516,88802700,762.9139258980875,59880.760234375,53700.78595703125,-78.75529002624535,1.3048872047317548,0.0,0.0033940729864662,0.0,-0.0196210487594042,0.358974358974359,-2.6951025732018588,-2.1453657145984817,-1.5243782188635655,-1.831771907560801,1.3863845387424705,1.7101589246942204,-1.8476705959067512,1.560797288846496,-2.3382457762611204,-0.0727409676754747
2021-11-23,58664.328125,58834.94921875,57718.33984375,57983.94921875,12000,38.01276392758577,28.50891856511871,23.86376513740595,88814700,788.1778865482241,59889.0415625,53759.73580078125,-175.36667953353026,1.343538589360132,0.0,-0.0055116943138092,0.0,0.0033940729864661,0.1320754716981131,-2.200963586817196,-1.7485582902512329,-0.9524272554326692,-1.9226057641313088,1.717681792635896,1.912561723336284,-1.3960070867457013,1.573786918788934,0.4854793097311967,-0.2211881557885571
2021-11-24,58340.98828125,58968.12109375,58143.44140625,58839.3203125,8800,35.79817299560405,18.764538579621973,20.76083034307783,88805900,790.7851580447796,59889.759921875,53820.01189453125,-274.85437475110666,1.355453826446281,0.0,0.0077835767935721,0.0,-0.0055116943138091,-0.2666666666666667,-2.296968098710787,-1.7731147133396965,-1.2294559093647817,-1.9864750331777052,1.6289146956252327,1.8448550828286856,-1.546139354858838,1.589430508805361,-0.5690468897112653,-0.4635905353714186
2021-11-25,58795.08984375,58901.578125,58143.859375,58363.9296875,6800,40.997123788897554,32.44963883107465,26.574365325271767,88812700,788.4232717558667,59902.106484375,53870.984296875,-313.4437050526103,1.3409678832894532,0.0,-0.0287088838665909,0.0,0.0077835767935721,-0.2272727272727273,-1.637156363420249,-1.2266984152583826,-0.6688375255122523,-1.8878734163435456,1.4727228631932008,1.5711934916556134,-1.258055387816276,1.5896432325776442,1.0381724718293024,-0.4211453691244644
2021-11-26,57107.1484375,58254.7890625,56993.890625,58254.7890625,8400,30.96088928736961,2.8015610823220665,18.005246164339553,88804300,860.7644108268762,59879.30765625,53907.5314453125,-474.75609931957297,1.507279621515205,1.0,0.0026866984554117,0.0,-0.0287088838665909,0.2352941176470588,-2.8483243063215298,-1.894831845064879,-1.662785223663929,-2.061945448393548,2.44612828721657,2.6691331350420837,-1.3968397719958552,1.5670292114235105,-2.8004127158932604,-0.0492610272181484
2021-11-29,57260.578125,57626.51171875,56382.9296875,57028.0390625,8400,32.576604260816424,18.859441850236166,18.03688058787762,88812700,888.1085265713851,59850.055234375,53942.5555859375,-583.4907226134092,1.550994690679933,1.0,-0.0034178319126078,0.0,0.0026866984554116,0.0,-2.341761813439833,-1.6306544714800335,-1.00940705461527,-2.077453674065714,2.541279150798746,2.612928054009381,-1.09450344830477,1.544633739324477,0.4846286004351896,-0.2489698035045663
2021-11-30,57064.87109375,58183.76953125,56867.51171875,57272.078125,8100,31.561956751934133,14.653970481705723,12.104991138087977,88804600,918.6906184234292,59808.529453125,53974.80849609375,-677.6441567739603,1.6099057104924368,1.0,0.0108633903287288,0.0,-0.0034178319126078,-0.0357142857142857,-2.2121217301132283,-1.6084526940067552,-1.1326390744262969,-2.0578864968413604,2.617261622695599,2.63560033961452,-1.2853058611663923,1.5199632848779705,-0.1158162827959379,-0.265162493379388
2021-12-01,57684.7890625,57846.44921875,57346.78125,57365.8515625,11700,38.13500530905672,27.97514372604041,20.49618535266076,88816300,908.8968688931842,59781.907421875,54009.574296875,-694.2365061815217,1.575626579666292,1.0,0.0134610876215336,0.0,0.0108633903287287,0.4444444444444444,-1.60919350108548,-1.0295212391898416,-0.5315020904057643,-1.909710246510106,2.2307213629346947,2.1640115525663552,-0.9210782631232624,1.50248826604444,1.392330933075262,0.1459214276891385
2021-12-02,58461.2890625,58513.9296875,57680.41015625,57781.48046875,8100,45.23074982847341,44.66104661264856,29.096720273464893,88824400,903.5127733472424,59781.314609375,54045.13689453125,-637.3816630543224,1.5454889685742508,1.0,-0.013082642159709,0.0,0.0134610876215337,-0.3076923076923077,-0.9533716075779496,-0.3611032725209889,0.3122433467820448,-1.664468240893005,1.9814878771929287,1.8174465040552297,-0.6161308632464909,1.4887087002704409,1.5479112495547551,-0.5206583368958558
2021-12-03,57696.4609375,58757.08984375,57640.5703125,58555.578125,8500,40.324707514374246,28.22595605412107,33.620715464270006,88815900,918.727541768868,59755.1384375,54076.97380859375,-646.5855917945009,1.5923464400426302,1.0,-0.016453700921593,0.0,-0.013082642159709,0.0493827160493827,-1.4461371156476046,-0.7762163907597044,-0.4463123476629309,-1.5761561717498604,1.9963229968049736,1.9409954319455525,-0.9177484064453744,1.4702265881096734,-1.1138222844439485,-0.0997221840922455
2021-12-06,56747.140625,57781.4609375,56687.62109375,57778.01171875,7200,35.21846402179578,8.240328630365077,27.04244376571156,88808700,931.2355633389489,59711.5346875,54104.16255859375,-722.1574060006824,1.6410264078199073,1.0,0.0156220701648789,0.0,-0.016453700921593,-0.1529411764705882,-1.9676952241072887,-1.2103873547962414,-1.389715948772325,-1.6214641127282794,1.9514557329081417,2.021600322505302,-1.1577443479770453,1.4457613918792347,-1.3694087312946193,-0.4026477836815668
2021-12-07,57633.6484375,57905.62890625,56992.26953125,57125.98046875,10900,42.536235529927,30.93021323786542,22.465499307450514,88819600,947.4679003325954,59666.50046875,54134.673203125,-702.4178063787404,1.643949196379722,1.0,0.0176291329378847,0.0,0.0156220701648788,0.5138888888888888,-1.2259683983848078,-0.4204715675123544,-0.1683898445553381,-1.4849009432929745,1.9407147306174783,1.851251709916338,-0.6269605718117065,1.4312715637546694,1.6022210530888086,0.4734468330285988
2021-12-08,58649.6796875,58702.6484375,58122.26953125,58158.55859375,13400,49.56769678880862,59.73636396390832,32.96896861071293,88833000,956.1487645945527,59638.5246875,54170.20009765625,-597.8966208472557,1.6302710768228403,1.0,0.0026845708209989,0.0,0.0176291329378848,0.2293577981651375,-0.4366372405239881,0.3868530880607662,1.3643843519713743,-1.19682619591928,1.8481596880384308,1.6275017910615923,0.0319692075191897,1.4294767408637916,1.6574124584850047,0.0909632324494554
2021-12-09,58807.12890625,58889.9609375,58340.8515625,58831.41015625,7900,50.57694782699351,71.39570172784512,54.02075964320628,88840900,927.0745224806562,59613.1096875,54203.46509765625,-496.6331147801684,1.576466220547161,1.0,-0.000347866519425,0.0,0.002684570820999,-0.4104477611940298,-0.2672354835610691,0.611697040612629,1.987794117299665,-0.926206877879614,1.415048218033268,1.241167621008123,0.50423803551965,1.4245251455172872,0.3564222189745574,-0.7544678051886373
2021-12-10,58786.671875,58859.91015625,58414.76171875,58696.7109375,5600,50.43572157848698,92.98120756895116,74.70442442023487,88835300,892.6512306963238,59595.49109375,54236.87759765625,-413.2678733198554,1.5184585250792848,1.0,-0.0085606138934021,0.0,-0.000347866519425,-0.2911392405063291,-0.2318340884177898,0.7008509162877783,2.7215073957782843,-0.6903419702942459,0.9760812981813228,0.8640699277052076,0.2936193518296247,1.4217202522700942,0.0795285224872718,-0.5663341480502038
2021-12-13,58283.421875,59203.37109375,58242.80078125,59103.71875,5900,46.96170028358696,67.38279275323981,77.25323401667869,88829400,897.5025936823006,59572.894140625,54269.77556640625,-383.3889192034403,1.5398934462138607,1.0,-0.0028538480737581,0.0,-0.0085606138934021,0.0535714285714286,-0.599927826089151,0.251705089372345,1.411724786145464,-0.5690334242313696,0.963805523237386,0.9206232919164232,0.0259743899095808,1.4203562941381014,-0.7027169960432158,-0.1158875850950046
2021-12-14,58117.08984375,58322.421875,57803.87109375,58059.76171875,6800,45.83788331984506,61.48541687152803,73.94980573123966,88822600,870.4346070799935,59552.70875,54303.73755859375,-368.8790297908199,1.4977257282155558,0.0,-0.0056619936516898,0.0,-0.0028538480737581,0.1525423728813559,-0.6986754833059762,0.090012466571517,1.0681237840855424,-0.482434960129711,0.6322243000067307,0.6481771640896358,-0.3232300246089046,1.4241240495007343,-0.2082377005719805,0.0099949498306043
2021-12-15,57788.03125,58218.25,57671.609375,58122.0,7600,43.61425469592442,49.81849860047948,59.56223607508244,88815000,847.3064655028511,59533.1578125,54338.22890625,-379.5568215781968,1.4662317562563634,0.0,0.0019573149067956,0.0,-0.0056619936516898,0.1176470588235294,-0.90470064804395,-0.1744925061772444,0.4855935345321076,-0.4605246398805812,0.3582327659429106,0.4437210015220142,-0.7293885186647326,1.43094046291603,-0.4217479486698428,-0.0501975588129677
2021-12-16,57901.140625,58337.19921875,57683.109375,58243.4296875,5200,44.60894387981211,53.82884161804239,55.04425236334996,88820200,833.5052782347902,59505.19421875,54379.0130078125,-374.57420891498623,1.4395317073855836,0.0,-0.0153607050595128,0.0,0.0019573149067957,-0.3157894736842105,-0.7582114393042615,-0.0171881254273216,0.6355897189287827,-0.3978029147377984,0.1840650177571988,0.2669362463064659,-0.3496292725128327,1.4543229890196625,0.2982718052533404,-0.6153867552415967
2021-12-17,57011.73828125,58062.28125,56950.98046875,58021.62890625,8600,38.8111945962356,12.88352131571102,38.84362051141096,88811600,853.3478141644481,59450.53140625,54415.3146484375,-437.3512753165778,1.4967931866148638,0.0,-0.0208680983665301,0.0,-0.0153607050595128,0.6538461538461537,-1.379564692778686,-0.7560092484154725,-1.2663121376606024,-0.5252608336687916,0.3667302084092841,0.5430335553711346,-0.8596794665542014,1.4688603026098757,-1.29080603888847,0.6501142399407677
2021-12-20,55822.01171875,56538.1484375,55132.6796875,56517.26171875,13300,32.6905959826276,16.934028214264124,27.882130382672504,88798300,926.6128698491304,59383.17703125,54440.51625,-576.4584887330129,1.6599417350233032,1.0,0.0089032979052072,0.0,-0.0208680983665301,0.5465116279069768,-2.0840689644069013,-1.4574685527395017,-1.0387607465821551,-0.8703827729082806,1.0849374909234988,1.3421493919531744,-1.627384845138694,1.4590903456081532,-1.649112655963871,0.4620373821104646
2021-12-21,56319.01171875,56900.73828125,56047.21875,56320.01953125,7400,37.14960944981444,29.14325633794167,19.653601955972263,88805700,937.4781336099068,59316.000703125,54466.914765625,-639.2295705979413,1.6645855546818782,1.0,0.0108586222722441,0.0,0.0089032979052072,-0.443609022556391,-1.5923770347094348,-0.8190743192627912,-0.4528359293342237,-0.9944843009726804,1.1223247472696565,1.2734690473593688,-1.0912901305243807,1.4557811098125018,1.0007605127931922,-1.053832434945239
2021-12-22,56930.55859375,56989.01171875,56471.03125,56599.46875,6100,42.2216876106641,44.16642596610488,30.081236839436883,88811800,918.3725526377706,59253.430703125,54506.0676171875,-632.3401595736213,1.6131451637268708,1.0,0.0067577530548283,0.0,0.0108586222722442,-0.1756756756756756,-1.0692249378100074,-0.0911514802723334,0.2401958536771266,-0.9171671898296282,0.858904115312134,0.9341016461171942,-0.6135334014033238,1.4881191495526822,1.1116874997582904,-0.517086162699902
2021-12-23,57315.28125,57490.51953125,57146.28125,57251.1484375,6000,45.2168975926252,53.6174655526309,42.30904928555915,88817800,892.7717229850726,59197.020703125,54543.39482421875,-589.0461907844947,1.5576504267525908,1.0,-0.0033319675326551,0.0,0.0067577530548283,-0.0163934426229508,-0.7233958952712828,0.3718861085435513,0.6649895046156195,-0.7306949953973578,0.5333266405050205,0.5820264566138295,-0.1190146572042431,1.5162605490080263,0.7247359619245148,-0.1831568529166859
2021-12-24,57124.30859375,57623.69140625,56813.421875,57567.109375,6400,43.99762785883524,48.926059666230685,48.90331706165548,88811400,886.8787092897103,59133.820703125,54577.5319140625,-563.6479235333609,1.5525416956849507,1.0,0.0051804511036546,0.0,-0.0033319675326551,0.0666666666666666,-0.817330084748503,0.2191891468761166,0.4263884489147531,-0.5972372092560908,0.418185837620732,0.5033058096072844,-0.5648774812519944,1.5362265523764536,-0.156126720472721,-0.0329197491788115
2021-12-27,57420.23828125,57512.01171875,56543.078125,56948.328125,5700,46.409152411395446,56.195824381031706,52.91311653329776,88817100,892.7397724654453,59067.484453125,54607.40986328125,-513.7187314017501,1.554747592813387,1.0,0.0083113933655659,0.0,0.0051804511036546,-0.109375,-0.5300930431268771,0.6517522851861939,0.7789417426967766,-0.3717788423002028,0.4358703842168307,0.4654427953214983,-0.0614213424994108,1.54507815159133,0.6148560987990784,-0.3713754537123269
2021-12-28,57897.48046875,57952.48046875,57650.2890625,57751.2109375,5500,50.13812224426658,67.91968501972465,57.680523022329,88822600,866.9899449679135,58999.315078125,54642.666875,-430.67547210888006,1.4974571223973534,0.0,-0.0015716087602311,0.0,0.008311393365566,-0.0350877192982456,-0.0368035227598349,1.3252192960361473,1.3092445598258406,0.0119355548837966,0.0633580602143826,0.0488108417683305,0.5167073013648489,1.5699661943212528,0.8576649290705678,-0.2178033975944888
2021-12-29,57806.48828125,58097.0703125,57684.578125,57892.30859375,5300,49.431877367472666,65.68438446708896,63.26663128928177,88817300,834.5258194344912,58920.133046875,54679.67271484375,-367.9637429237628,1.4436542406350883,0.0,-0.000210494861594,0.0,-0.0015716087602312,-0.0363636363636363,-0.0486105949730125,1.2411950112979069,1.1579806698736363,0.3832349942429378,-0.4545882640386847,-0.4092105163630683,0.1091213369899926,1.5993609370404789,-0.0189021647108748,-0.2258234810974026
2021-12-30,57794.3203125,58010.03125,57578.98828125,57755.3984375,7300,49.33180528960465,65.38546795547823,66.32984581409728,88810000,805.7056158141704,58841.6984375,54716.43896484375,-315.6079669334358,1.3940913422939052,0.0,0.0079506082520814,0.0,-0.000210494861594,0.3773584905660376,0.0198797090886343,1.2103416127325646,1.093211900811524,0.7909087201812501,-1.045769794878833,-0.9542318111402716,-0.5964436380193328,1.6258792918628528,0.0858205561331901,1.154649204402233
2021-12-31,58253.8203125,58409.30078125,57846.51953125,57849.76171875,7000,53.18600021176496,95.25485357319552,75.44156866525424,88817000,792.0823910238726,58781.575625,54752.5806640625,-234.33654167682107,1.3597089199897656,0.0,0.0159542916243824,0.0,0.0079506082520814,-0.0410958904109589,0.6853695226180249,1.7068315190351542,2.1266455942974924,1.4374785650648063,-1.5257585607792097,-1.507195380386184,0.1035842648957444,1.6473276325994164,0.7549646258234856,-0.2646136782516011
2022-01-03,59183.21875,59266.390625,58306.44921875,58310.08984375,8200,59.84013500195581,97.98796102926585,86.20942751931318,88825200,807.8315282721675,58746.77,54792.09919921875,-93.8517999039468,1.3649672074859354,0.0,0.011366582482471,0.0,0.0159542916243824,0.1714285714285714,1.7931579163293967,2.3831347295104286,2.0119425290476323,2.2907679029912416,-1.327199656726871,-1.5305037434920998,0.8798717371351078,1.6749076052620262,1.370767945419758,0.4998110075109201
2022-01-04,59855.9296875,59937.328125,59084.3984375,59343.7890625,9100,63.84589308189769,98.30583988487712,97.18288482911282,88834300,811.0528253598698,58727.456171875,54837.41845703125,70.94767997398594,1.3550083167937927,0.0,0.0061350437946115,0.0,0.0113665824824709,0.1097560975609757,2.3701444837864343,2.513266180178717,1.8296826817086975,2.879994274486229,-1.309776145944601,-1.6450979678382038,1.669346431311473,1.7125933040433703,0.9277001544766916,0.2858119533916907
2022-01-05,60223.1484375,60332.71875,59661.37890625,59921.98046875,8600,65.84844593260854,97.89289443438676,98.06223178284324,88842900,801.0733266734505,58712.578125,54886.55880859375,228.54936443704355,1.330175102859011,0.0,-0.0103167736969912,0.0,0.0061350437946114,-0.0549450549450549,2.433231376286894,2.3982472780177546,1.6652547301369207,3.0343791527986794,-1.5325856761600325,-1.8583631660611872,2.225986493665975,1.750874009328857,0.4381853164620563,-0.3243991526051699
2022-01-06,59601.83984375,59781.859375,59290.578125,59731.75,6000,59.81199300180171,85.94474200163761,94.04782544030049,88836900,810.465968518204,58677.6096875,54932.748203125,299.8588377834676,1.3598002522118309,0.0,0.0023960433792712,0.0,-0.0103167736969912,-0.3023255813953488,1.701138311989314,1.567388652613411,1.1620925207043773,2.790525931937701,-1.3923233295273918,-1.5875611963536904,1.5407413469198044,1.770309310312971,-0.937965512782688,-1.1899199579928028
2022-01-07,59744.6484375,60130.1796875,59401.44140625,59776.1015625,8300,60.703694859881566,86.27767325866293,90.03843656489578,88845200,804.6282765704752,58649.63609375,54982.46333984375,363.7030270829928,1.3467788289225804,0.0,0.010896046520903,0.0,0.0023960433792711,0.3833333333333333,1.6824547755689017,1.5602904619592048,1.1130574000361728,2.5628897233600365,-1.4230664728334563,-1.5882265477013835,2.050552340871464,1.794092511054425,0.0827655224861942,1.2039316173256789
2022-01-10,60395.62890625,60427.359375,59987.1796875,60070.390625,7600,64.56355564176445,99.19798187239589,90.4734657108988,88852800,795.9198952082985,58657.8546875,55038.35888671875,461.50870535660215,1.3178435420281438,0.0,0.0036635386162375,0.0,0.0108960465209031,-0.0843373493975904,2.046978699665475,1.8311955454862645,1.465214674044285,2.4691345596354406,-1.4758773761364916,-1.700148117393152,2.3324877217286297,1.8281785268015045,0.8810181700301147,-0.4157243046715044
2022-01-11,60616.890625,60689.25,60281.51953125,60342.69921875,6500,65.7934073411244,98.25479075201146,94.57681529435676,88859300,768.1920790327058,58684.05390625,55092.1521484375,550.5282347834291,1.2672904715371252,0.0,0.0087953775260144,0.0,0.0036635386162375,-0.1447368421052631,2.0070690566441183,1.8279210628597888,1.3465101491051927,2.3714097164264967,-1.8190488069808275,-1.9441652205824411,2.459648296302881,1.8478332106136408,0.1559261387813483,-0.6096812512870682
2022-01-12,61150.0390625,61218.19140625,60850.9296875,61014.37109375,6200,68.61951558881243,98.54223117922444,98.66500126787724,88865500,756.2712720482268,58704.28546875,55149.0458984375,656.5294139949547,1.2367469974553245,0.0,0.0013943035860182,0.0,0.0087953775260143,-0.0461538461538461,2.156213362660154,1.927943731839773,1.2667690727979777,2.320364499019509,-1.840605127487199,-1.975027554113504,2.469022254687907,1.8682828315386453,0.6669877171062029,-0.220246837260712
2022-01-13,61235.30078125,61348.5703125,60949.80859375,61259.98828125,9300,69.05975942931921,97.6429150890176,98.14664567341782,88874800,730.7348753840678,58728.4103125,55204.9651953125,738.8984588729872,1.1933229135175831,0.0,-0.0002003669630664,0.0,0.0013943035860182,0.5,1.9930131206413584,1.7875099539228454,1.1525936582100402,2.219131436925104,-2.032503221969621,-2.063324561831088,2.570804276234212,1.877917592430825,-0.0201029126065441,1.6041533400930894
2022-01-14,61223.03125,61324.58984375,60757.03125,61040.3203125,6900,68.90993795196172,96.66968217008476,97.61827614610893,88867900,719.0794266959201,58757.4325,55265.17880859375,794.0333495594969,1.1745243775330385,0.0,0.0014027222190178,0.0,-0.0002003669630664,-0.2580645161290322,1.7967523970469104,1.6281241786273457,1.049047711940366,2.0868991141674478,-1.992612210979502,-1.9770269480432516,1.966640721143668,1.8922980510932084,-0.2322764368119149,-0.9978218859144488
2022-01-17,61308.91015625,61385.48046875,61107.6015625,61219.640625,7600,69.41016748695063,97.98842848669317,97.4336752485985,88875500,687.5651038069258,58782.25828125,55329.52275390625,835.0321270966815,1.1214766370085825,0.0,-0.0090370352341603,0.0,0.0014027222190178,0.1014492753623188,1.7024695090954731,1.5643576259863807,1.0543158459169937,1.962165462663934,-2.195310613815694,-2.1074138738924333,2.0953428515429824,1.910327922095356,-0.1363636374377932,0.2114564405743965
2022-01-18,60754.859375,61475.1484375,60662.5703125,61430.76953125,12500,62.43111328668595,81.51284768557183,92.05698611411658,88863000,696.4946053207168,58786.44328125,55388.25455078125,813.439857693098,1.1464014771587423,0.0,-0.0107981331740182,0.0,-0.0090370352341603,0.644736842105263,1.251290432804442,0.8540521649033648,0.3855998139070406,1.7551300493437827,-1.8972251375601985,-1.7845914829640666,1.392268539731988,1.9071645056546216,-1.2288462052727225,2.020096480857754
2022-01-19,60098.8203125,60870.171875,59949.21875,60845.58984375,7000,55.33619232162359,62.07029816056986,80.52385811094494,88856000,712.5273567263799,58779.750703125,55438.06576171875,734.9192671895071,1.185592916834976,0.0,-0.0105526067808371,0.0,-0.0107981331740182,-0.4399999999999999,0.796523511769423,0.1726859073677785,-0.3766729505701704,1.481350947815075,-1.575074088721154,-1.4289595051839583,1.016410549383163,1.8789346034987475,-1.3574155414820133,-1.5033299138856515
2022-01-20,59464.62109375,60045.48046875,59068.30859375,60045.48046875,11800,49.4819104592514,36.55038850474675,60.044511450296135,88844200,735.2405254423528,58761.98671875,55487.843125,614.4337470121754,1.2364335497626335,0.0,-0.0071881632874799,0.0,-0.0105526067808371,0.6857142857142857,0.3850058510428341,-0.371986357971086,-1.2885680433988869,1.1677049877842482,-1.1835803204214144,-1.0312261959150266,0.4787419877938874,1.8517214188948683,-1.2427113514424506,1.962830139686017
2022-01-21,59037.1796875,59329.62890625,58620.9296875,59039.37109375,7600,45.95320255430355,14.583675480374444,37.73478738189701,88836600,742.9870169286133,58744.336484375,55532.8798828125,478.93627575344726,1.2585069626656415,0.0,-0.02618126368725,0.0,-0.0071881632874799,-0.3559322033898305,0.1130524567937163,-0.6834647336021212,-1.9106390783351643,0.8540921190032332,-1.0055581656112942,-0.8319763210931341,0.1350199451328282,1.8152235912707253,-0.8253103110590027,-1.2820138311932645
2022-01-24,57491.51171875,59023.96875,56984.01171875,59023.96875,10800,35.965247038127856,11.300034529816104,20.811366171645755,88825800,836.571370630141,58680.432890625,55574.54083984375,244.01817653929172,1.4551215398938722,0.0,0.006377232182441,0.0,-0.02618126368725,0.4210526315789473,-0.8264202465636357,-1.5206507328097545,-1.839170048947148,0.3760951766157209,0.3458485014881361,0.4580683139389522,-0.3446046718329718,1.7747223236582186,-2.568652694144387,1.0706662289842304
2022-01-25,57858.1484375,57966.9296875,56409.62890625,57158.62890625,10400,39.33356972779612,28.595675573134237,18.159795194441585,88836200,888.0520428172738,58623.221640625,55617.82462890625,86.43207435966178,1.534878088566164,1.0,-0.010045379033825,0.0,0.0063772321824411,-0.037037037037037,-0.5929553840190775,-1.1779690198454646,-1.1907307469424862,0.0491650442348423,1.0685829229649513,0.9636013524000616,0.102316978061401,1.741950457805785,0.6413743899590116,-0.3033937092893302
2022-01-27,57276.94140625,57508.609375,56439.359375,57317.37890625,10300,36.0924580320328,17.121886405716342,19.005865502888884,88825900,925.9618299374686,58562.313046875,55655.90052734375,-84.38189507576317,1.616639798151702,1.0,-0.0013392987756785,0.0,-0.010045379033825,-0.0096153846153845,-0.9324679774790416,-1.405529514948287,-1.4764361690713153,-0.3004438312032613,1.5126077088453729,1.414599094092644,-0.382326937221667,1.7012164399044258,-0.9596338980864724,-0.2070698811823879
2022-01-28,57200.23046875,58084.328125,57119.28125,57795.109375,13000,35.67462652560965,15.607511877560682,20.44169128547041,88812900,928.7536188705064,58506.15109375,55693.170625,-223.36827759553853,1.6236885957617062,1.0,0.0142296875306241,0.0,-0.0013392987756785,0.2621359223300972,-0.9544244687392144,-1.3782557943503533,-1.4313418232012645,-0.5838867511797672,1.4511701521968203,1.3739153573071146,-0.9546626521859944,1.6626036574298213,-0.096420565441165,0.5704316793110054
2022-01-31,58014.171875,58257.62890625,57746.1484375,57845.91015625,7400,43.189686419277805,31.675782885670817,21.468393722982608,88820300,937.9425344868988,58473.714296875,55735.2848828125,-264.7854363065271,1.6167472604932345,1.0,0.0146239860034199,0.0,0.0142296875306242,-0.4307692307692308,-0.4910432767251802,-0.7719356822486892,-0.9854232148297184,-0.6826769947396818,1.4796114270191307,1.2772353927403923,-0.6409212225163252,1.638351173089664,1.3417688748477925,-1.489531070898793
2022-02-01,58862.5703125,59032.19921875,57737.66015625,58672.859375,14000,49.776139776603976,48.42428088801972,31.90252521708373,88834300,963.4137150592632,58481.647890625,55790.18083984375,-226.5387714925528,1.636717034177275,1.0,0.0118200379087463,0.0,0.0146239860034198,0.8918918918918919,-0.0345212117224063,-0.2768866512635793,-0.512329566848696,-0.6452275432592315,1.74477498233884,1.4100750873699643,-0.0595498456788136,1.6443326368755458,1.334934720049711,2.456542576442002
2022-02-02,59558.328125,59618.51171875,59193.05078125,59293.44140625,8500,54.44102822631776,62.15945273382466,47.41983883583839,88842800,948.59426443003,58499.527890625,55845.2521875,-138.48974966971582,1.592714729062133,1.0,-0.0129336839699947,0.0,0.0118200379087463,-0.3928571428571429,0.3689250928713557,0.0897543104282512,-0.1065724566579884,-0.51941354893131,1.5451823629464214,1.1859372833169834,0.2999974849772745,1.650221836286777,1.0231447462751546,-1.320559894988176
2022-02-03,58788.01953125,59557.87109375,58653.94140625,59528.16015625,7100,49.013093433735335,46.95255067772077,52.512094766521706,88835700,945.4365825957422,58508.468515625,55895.17388671875,-129.37636113707413,1.6082130170981104,1.0,-0.0024358571676985,0.0,-0.0129336839699947,-0.1647058823529411,-0.2128000484139601,-0.4383628705637428,-0.6138472299549154,-0.5569388840666532,1.4726714465603987,1.2831295059442505,-0.0959743009638898,1.6438773322039062,-1.4196197839030873,-0.6491262305670512
2022-02-04,58644.8203125,58943.62109375,58446.94921875,58918.6484375,7300,48.05391876350983,44.125610264865166,51.07920455880352,88828400,913.3819606246176,58505.463125,55944.23783203125,-132.18516693187848,1.5574810456532897,1.0,-0.017454719799556,0.0,-0.0024358571676985,0.028169014084507,-0.3566555958559578,-0.540359475227586,-0.6929648487812795,-0.6195029087650743,1.066158168058256,0.9735598601622044,-0.4950764056344657,1.6361619451457206,-0.3293786759908124,-0.0842089338911003
2022-02-07,57621.19140625,58707.76171875,57299.05078125,58549.671875,11500,41.76237335208304,23.91783295919949,38.3319979672618,88816900,948.7626018300022,58515.743984375,55992.5966796875,-214.53642135023256,1.6465515180706465,1.0,0.0032520451968592,0.0,-0.017454719799556,0.5753424657534247,-1.140902276759013,-1.1179323361309494,-1.2973363231582866,-0.8609804109906996,1.4275534128316216,1.4631611015948396,-1.1159562448647329,1.6282141970470088,-1.7131584893651275,1.427187285969128
2022-02-08,57808.578125,57925.8203125,57058.76953125,57799.671875,8900,43.22773787710965,31.362756250771746,33.13539982494546,88825800,942.9260432171448,58526.703984375,56043.11056640625,-261.6635471469417,1.6311178613980917,1.0,0.0113718525229684,0.0,0.0032520451968591,-0.2260869565217391,-1.0222420687960685,-0.9628030724947352,-1.0138671011416172,-1.0176829116065924,1.3117545796088406,1.3324274986046132,-0.6723949173865611,1.626699982980388,0.2871134814962214,-0.8350420139292307
2022-02-09,58465.96875,58507.609375,58105.1796875,58163.01171875,5900,48.15616675716127,56.55731012121043,37.279299777060544,88831700,925.5049865587772,58554.7259375,56095.03705078125,-243.1631708093628,1.582980674648921,1.0,0.0078688938169693,0.0,0.0113718525229684,-0.3370786516853933,-0.5450383591006739,-0.4982321764912253,-0.2069180909519831,-1.0073015301911494,1.0706157598740906,1.0198978782642871,-0.3775976511078489,1.6290150216019852,1.0510512264509606,-1.0973248782108471
2022-02-10,58926.03125,59060.23828125,58332.28125,58810.53125,6700,51.33980801837557,78.4198891261318,55.44665183270465,88838400,911.394418322436,58579.55078125,56150.2749609375,-189.1973412478983,1.5466753809632072,1.0,-0.0131199973695835,0.0,0.0078688938169693,0.1355932203389831,-0.2257082930080774,-0.2099532387351194,0.467414687821125,-0.904880596557294,0.8705705465125567,0.7822051387120623,-0.055610245201846,1.6385076247755577,0.6807723907616515,0.1942308791344802
2022-02-11,58152.921875,58447.1484375,57914.1015625,58447.1484375,5700,46.20499391839804,54.32709982300109,63.10143302344776,88832700,918.5755089779764,58573.3834375,56199.10701171875,-206.4328683293934,1.5795861658550174,1.0,-0.0300428933735326,0.0,-0.0131199973695835,-0.1492537313432835,-0.8462777724191287,-0.6726101499587274,-0.277594596163061,-0.9668069252218706,0.8969692293545977,0.9209820271588632,-0.4317394680292623,1.635262156658244,-1.2348818498091991,-0.5498794290747852
2022-02-14,56405.83984375,57191.91015625,56295.69921875,56720.3203125,8300,37.16008456009042,3.3146807109940752,45.35388988670898,88824400,985.6217337831208,58547.571015625,56236.4155078125,-356.9523422584389,1.7473753365137272,1.0,0.0307806947349686,0.0,-0.0300428933735326,0.456140350877193,-2.0293549222555374,-1.404996188654839,-1.7170565183741873,-1.318858228584591,1.504641463725943,1.7014685353423522,-0.9420374877175692,1.6112215677452038,-2.408059930883021,1.071349842896732
2022-02-15,58142.05078125,58211.37890625,56438.46875,56731.55859375,10000,48.04482314606093,55.56592683156212,37.73590245518575,88834400,1044.1872572628977,58575.46921875,56278.4565625,-332.3117146557415,1.7959243666713482,1.0,-0.0025002746170226,0.0,0.0307806947349686,0.2048192771084338,-0.7203947500580595,-0.4040635016927503,-0.0968904603865525,-1.2144495784751463,1.908396448554772,1.7784346703588507,-0.3761496879801689,1.6013971157049822,2.399149637927503,0.3805282735625291
2022-02-16,57996.6796875,58569.21875,57780.28125,58310.6796875,7300,47.305969179181616,51.1909856108342,36.69053105113012,88827100,1025.9551317441194,58582.72984375,56319.61025390625,-320.81590603931545,1.7689894271055024,1.0,-0.0018047234654462,0.0,-0.0025002746170226,-0.27,-0.7765732735429518,-0.4272014849777663,-0.1887329038726995,-1.1290771939719533,1.5856256650589764,1.5127398454732637,-0.789712886806768,1.5924526225513933,-0.1189777081381704,-0.8703879868727682
2022-02-17,57892.01171875,58346.0,57635.4296875,58217.69140625,6400,46.748526319873214,48.04100442020126,51.59930562086584,88820700,1003.4276446552536,58567.576484375,56365.158515625,-316.5027782083416,1.733274790190552,1.0,-0.0010198811027131,0.0,-0.0018047234654462,-0.1232876712328767,-0.7970243726542481,-0.4308598080390364,-0.2432250120261771,-1.054526242324829,1.276706110617209,1.2468980394178046,-1.0997507534939135,1.5947412847767486,-0.0445005225478556,-0.4676309579959115
2022-02-18,57832.96875,58175.3515625,57488.390625,57488.390625,9800,46.41625444818043,46.2641070252986,48.49869901877801,88810900,980.8228798584498,58548.09328125,56410.73076171875,-314.2266581475051,1.6959580340728224,1.0,-0.0025829368520875,0.0,-0.0010198811027131,0.53125,-0.7909091882584723,-0.423553693593498,-0.2625058816013285,-0.9864360653982548,1.001785888856313,1.003084787151452,-1.5461411466089987,1.598738959884843,-0.0074075482812579,1.2053751036127396
2022-02-21,57683.58984375,58141.9609375,57167.01953125,57551.6484375,6600,45.53445152322159,41.768550738267656,45.35788739458917,88804300,980.4027746007034,58526.031640625,56457.88115234375,-320.7787086480166,1.6996216380713514,1.0,-0.0066381124560244,0.0,-0.0025829368520875,-0.326530612244898,-0.8432686726263149,-0.463989315782335,-0.3696444923017132,-0.9394721210251904,0.9358123059174064,0.9561327727419168,-1.7377340088211422,1.6071467689307102,-0.1178294779019888,-1.0081464214654503
2022-02-22,57300.6796875,57505.8515625,56394.8515625,56438.640625,14100,43.26544913446391,30.80709745711973,39.613251740228655,88790200,1002.4267393613676,58506.376796875,56500.996796875,-352.80202325784194,1.7494150939016602,1.0,-0.0011975616017861,0.0,-0.0066381124560244,1.1363636363636362,-1.0452442945402225,-0.6277242240570505,-0.6901569880348121,-0.947400134480761,1.060779374688241,1.1088614529310876,-2.1813084143485297,1.6068895194349857,-0.3974343137192014,2.446868882903074
2022-02-23,57232.05859375,57733.37109375,57109.23828125,57632.94140625,6200,42.85332805132288,33.870361526135966,35.48200324050777,88784000,975.4057445855556,58488.676171875,56542.40828125,-379.3450262483602,1.7042995980788889,1.0,-0.0472138955664804,0.0,-0.0011975616017861,-0.5602836879432624,-1.0272333296613874,-0.6168708384752867,-0.531639981646517,-0.9430986505913584,0.7646230507908994,0.8426677514690628,-2.198890464746296,1.6039709142496987,0.0515090908024348,-1.458675460067948
2022-02-24,54529.91015625,55996.08984375,54383.19921875,55418.44921875,15600,30.52355709085208,3.136833700541709,22.60476422793246,88768400,1109.22386104373,58423.51375,56567.54578125,-611.3738067822633,2.0341567735310035,1.0,0.0243647820286701,0.0,-0.0472138955664803,1.5161290322580645,-2.6171108215484,-1.764101246808386,-1.5819160474522762,-1.3805623640341649,1.8000328013157396,2.1271488013266104,-2.520891006762801,1.5671726189243125,-2.944446130512843,2.7049575400445938
2022-02-25,55858.51953125,56183.69921875,55299.28125,55321.71875,9900,39.708919832638216,31.543895460034975,22.850363562237543,88778300,1148.1213754334635,58382.661328125,56601.0293359375,-680.209581482246,2.055409604601404,1.0,0.0069597569361376,0.0,0.02436478202867,-0.3653846153846154,-1.6333799398871949,-0.7821337852406429,-0.4584553853776116,-1.4534233146973985,1.954048269367342,2.025051027172365,-1.964555792557156,1.552684957357939,1.7479635232713284,-0.9145440862922612
2022-02-28,56247.28125,56324.5390625,54833.5,55329.4609375,7700,42.12024769787624,39.85602870405789,24.845585954878185,88786000,1172.6154959382163,58367.3721875,56638.81173828125,-695.3767370137721,2.0847505334992813,1.0,-0.013838585531634,0.0,0.0069597569361377,-0.2222222222222222,-1.3158412441004623,-0.4656467438345597,-0.0488665799743955,-1.4260695729808794,1.9848697728917235,1.9803300112286295,-1.552684225303908,1.5489755593566548,0.6146203849522659,-0.6394384911673275
2022-03-02,55468.8984375,55755.08984375,55020.1015625,55629.30078125,12400,38.77626797175887,23.213387877279462,31.53777068045743,88773600,1176.5129381926292,58360.309921875,56672.4934765625,-761.428530669371,2.121031733698974,1.0,-0.0066022358531716,0.0,-0.013838585531634,0.6103896103896105,-1.81208814708619,-0.9026381894934664,-0.7653855901590881,-1.544097323271424,1.8989451974667717,1.99696003170883,-1.9527577197806976,1.5356690079138775,-0.6715886959694529,0.9347224100592116
2022-03-03,55102.6796875,55996.62109375,54931.48046875,55921.44140625,9900,37.27677951856303,17.187699755790526,26.75237211237595,88763700,1168.5577729645845,58335.98328125,56700.10322265625,-833.7152945799535,2.120691370350308,1.0,-0.0139534247356107,0.0,-0.0066022358531716,-0.2016129032258065,-1.9748980574791803,-1.1296285700494804,-1.0316623443407769,-1.7053424150967078,1.7478916498261268,1.887126731194404,-2.1604147688759583,1.5097282390032565,-0.2198505082382022,-0.5753087257556366
2022-03-04,54333.80859375,55013.26953125,53887.71875,54653.58984375,11000,34.27961429006507,9.528780171953434,16.64328926834113,88752700,1171.872284717114,58284.04828125,56720.805625,-942.1836407967276,2.1568012901122384,1.0,-0.0274425561605397,0.0,-0.0139534247356107,0.1111111111111111,-2.312986677092701,-1.557019263741696,-1.3528157790700317,-1.9740101964373036,1.7029600033926569,1.9249093251969576,-2.322383753567397,1.4713937099494223,-0.6756837987326703,-0.0039667156178718
2022-03-07,52842.75,53203.87109375,52367.1015625,53172.51171875,17100,29.351036623141184,7.669130123156029,11.461870016966657,88735600,1228.646195183749,58194.59765625,56735.506171875,-1135.3736729090597,2.32509889281642,1.0,0.0110013169971282,0.0,-0.0274425561605397,0.5545454545454545,-2.839131145503857,-2.143973205077312,-1.3549000285863144,-2.419850379343448,2.0717909981165774,2.398325120361492,-2.5490700038363103,1.423475534695134,-1.4397217838908505,0.8906271041809746
2022-03-08,53424.08984375,53484.26171875,52260.8203125,52430.05859375,16300,33.373156231603886,18.440013622712776,11.879307972607402,88751900,1228.2744245456238,58120.59328125,56754.80232421875,-1227.4199649724617,2.29910219928495,1.0,0.0228967547192215,0.0,0.0110013169971283,-0.0467836257309941,-2.18770739953481,-1.3823860646805222,-0.8039185099648021,-2.502652175914468,1.971028770634483,2.1243015266111094,-1.806904777579128,1.391907516024208,0.8533929498661406,-0.3358333637604137
2022-03-09,54647.328125,54893.73046875,53367.51953125,53793.98828125,14100,40.98635680587546,39.21836223509217,21.775835326986986,88766000,1249.5556040423648,58065.135078125,56775.3365625,-1187.9680521022165,2.2865813332797136,1.0,0.0149515544132561,0.0,0.0228967547192215,-0.1349693251533742,-1.3574453240512503,-0.2152308408829672,0.2454409574801921,-2.184599245197243,1.982053187297513,1.8902399996759172,-1.252445958786797,1.368166774057009,1.463828855604032,-0.4781407813059321
2022-03-10,55464.390625,56242.46875,54982.8203125,56242.46875,9800,45.46858245603021,54.16439912292289,37.27425832690927,88775800,1274.2402483964818,58016.47328125,56799.3990234375,-1078.3415613679535,2.297402412679048,1.0,0.0015489245492814,0.0,0.0149515544132561,-0.3049645390070922,-0.8339620334846387,0.4685474150082037,0.9888715810236166,-1.7298716869753206,1.9863957410057205,1.7639845960282896,-0.8779315148749282,1.3574545746638558,0.9588574535623522,-0.7971097888361343
2022-03-11,55550.30078125,55833.94921875,55049.94921875,55218.78125,9700,45.93357167585353,55.932695347681815,49.77181890189895,88785500,1239.223087796733,57971.34953125,56823.96287109375,-973.3098360904768,2.2308125615316388,1.0,0.0168445307557332,0.0,0.0015489245492814,-0.010204081632653,-0.7450590917613523,0.4977827738859154,1.0126427547520664,-1.3317761717503918,1.558090536800281,1.4003569195576069,-0.5254911055900522,1.3526379891105946,0.1443308522312545,-0.2045627672261024
2022-03-14,56486.01953125,56545.828125,55556.46875,55614.3984375,9100,50.84954117792221,77.20712676118669,62.43474041059712,88794600,1221.816248936252,57945.183515625,56851.30537109375,-805.2839420857272,2.1630418625272423,1.0,-0.0125547520366108,0.0,0.0168445307557332,-0.0618556701030927,-0.2019336244460009,1.2109295886933638,1.9340584088136004,-0.8021650209672554,1.3168587478884717,1.0751847808154202,-0.2123864981484137,1.360132647357563,0.998378376708315,-0.2868605678667748
2022-03-15,55776.8515625,56720.6015625,55418.94921875,56663.87109375,8100,47.336629025843465,64.2484901564841,65.79610408845086,88786500,1227.5188271372338,57895.644140625,56874.61353515625,-721.0345019300366,2.2007675097289314,1.0,0.018642086203716,0.0,-0.0125547520366108,-0.1098901098901099,-0.5623411325673169,0.6155119396580844,1.1967797922167114,-0.5238090658544244,1.2689518354243148,1.1328033457518405,-0.439308620001942,1.361143483479754,-0.6672874765673961,-0.4116105386866541
2022-03-16,56816.6484375,56860.890625,56389.26171875,56555.328125,6900,52.51637215735843,99.03822801621578,80.16461497796217,88793400,1217.2702725202887,57848.312734375,56901.5823828125,-563.863429136487,2.1424534990995148,1.0,0.018432647451073,0.0,0.0186420862037159,-0.1481481481481481,0.067868110530051,1.4080106102812415,2.4998453798797446,-0.0469787021116442,1.1091575582419628,0.8616124276705771,-0.1750741260554149,1.3750905606265624,1.1435121225380052,-0.4389972516347566
2022-03-17,57863.9296875,58095.83984375,57518.05859375,57620.28125,7200,57.09377731437004,96.0255461869839,86.43742145322791,88800600,1221.6932106438394,57808.472734375,56931.21482421875,-350.7541022567966,2.111320847446271,1.0,-0.0098756066056371,0.0,0.0184326474510729,0.0434782608695651,0.7408089167303689,2.0607275778414174,2.150426606892529,0.5971913645689966,1.0696300049542191,0.6959577846598799,0.1147466679464814,1.3986400360847082,1.104955745166741,-0.0606814618994844
2022-03-21,57292.48828125,58127.94921875,57229.078125,58030.41015625,6400,54.03302754509665,85.76031052240867,93.60802824186946,88794200,1198.634488008565,57749.85953125,56958.00287109375,-225.37597711166015,2.0921320123581366,1.0,0.0121623710350881,0.0,-0.0098756066056371,-0.1111111111111111,0.4361302092918021,1.5170953927755393,1.6053106370232115,0.9845354619568614,0.8304274890549445,0.5763503179660135,-0.0602064353936406,1.4160226404806495,-0.5280376094420307,-0.4020551488543914
2022-03-22,57989.30078125,58052.87109375,56930.30078125,57297.5703125,7800,57.05623582384541,97.63686055453284,93.1409057546418,88802000,1193.201332615096,57717.60875,56988.70197265625,-68.99068274311139,2.057623245219229,1.0,-0.0052506318346305,0.0,0.0121623710350882,0.21875,0.8984979777509352,1.8187853995582224,1.8659045305296424,1.4290577207346793,0.7338706991975826,0.3978456619548295,0.2549039409649385,1.447880921915581,0.7075558944737448,0.303494806216652
2022-03-23,57684.8203125,58416.55859375,57568.58984375,58198.640625,9100,55.343398253774325,88.1129078622652,90.50335964640222,88792900,1168.5418624283034,57676.4121875,57015.96392578125,30.03058665097342,2.0257354640230827,1.0,-0.0015453047182446,0.0,-0.0052506318346305,0.1666666666666667,0.7034777737102467,1.4579112045405174,1.4093378727972503,1.6419171904855403,0.4852828063619641,0.2304060034496115,-0.0483220650430628,1.4707232563812282,-0.3151996820518068,0.2242064543842979
2022-03-24,57595.6796875,57827.98828125,57138.51171875,57190.05078125,51400,54.82449236228975,86.66481795123833,90.80486212267878,88741500,1134.3229124334246,57620.413203125,57043.4420703125,100.15819131412718,1.9694583319234735,1.0,-0.0040537844160674,0.0,-0.0015453047182446,4.648351648351649,0.653702358136493,1.2951853473139712,1.264040990926113,1.7284718566366852,0.1517142620982819,-0.0405356751388853,-1.777428012734935,1.4955830315270722,-0.0909504543955578,4.669368052941441
2022-03-25,57362.19921875,57845.37109375,57100.23828125,57801.71875,6900,53.41188885347296,82.87192653704084,85.88321745018145,88734600,1106.523619581037,57555.319375,57068.6105078125,135.33484485290683,1.9290118486589465,1.0,0.0040320815040229,0.0,-0.0040537844160674,-0.8657587548638133,0.5401828480041511,1.0669737046937915,1.0815634961219134,1.712973655100208,-0.1483507839144744,-0.2677814737448571,-1.85633409275258,1.5129598462674894,-0.2081797602090963,-1.1186666389062077
2022-03-28,57593.48828125,57638.33984375,56825.08984375,57472.71875,6300,54.65822000317329,86.62921854545016,85.38865434457642,88740900,1085.5755038966774,57484.188359375,57095.20009765625,179.80303315419587,1.8848927826621933,1.0,0.0060798567112316,0.0,0.0040320815040229,-0.0869565217391304,0.744877838773302,1.1963168675455436,1.1867101079550255,1.7222994719192373,-0.4193683033952151,-0.5421903564973145,-1.5448973807805086,1.53394655924721,0.2728059471314613,-0.3011710758728785
2022-03-29,57943.6484375,58001.53125,57639.3515625,57814.76171875,12100,56.55323272237547,90.63366017976811,86.71160175408636,88753000,1037.180322814772,57418.3553125,57125.21013671875,240.526748325814,1.7899810432777803,1.0,0.0127768938220822,0.0,0.0060798567112316,0.9206349206349208,0.9900821937333886,1.3484516628479597,1.244155088544277,1.7513161019584602,-0.9898390493813398,-1.0683379971821052,-1.0607448059667672,1.565888788847884,0.3579817943156124,0.7027518618100459
2022-03-30,58683.98828125,58727.78125,58176.0,58362.8515625,6300,60.328448888397496,98.83061614043872,92.03116495521898,88759300,1019.1055006494312,57367.574453125,57157.127734375,344.4197121545658,1.7365989096808598,1.0,-0.0019677695037795,0.0,0.0127768938220822,-0.4793388429752065,1.3887870286042625,1.6646172687468994,1.4196736122602875,1.8270611512389996,-1.208772186974748,-1.323734811594113,-0.7785851294432299,1.6052283540264332,0.7040867334121819,-0.7027142273823535
2022-03-31,58568.51171875,58890.921875,58485.7890625,58779.7109375,4400,59.46056663544928,91.60602833958276,93.69010155326318,88754900,975.2503086387576,57312.766484375,57187.596484375,412.68051686764375,1.6651444266195052,1.0,0.0120914748679414,0.0,-0.0019677695037795,-0.3015873015873016,1.2898099949973314,1.457855566404434,1.1186108330652,1.811286145179244,-1.5961064924310204,-1.603539963854138,-0.90098288379404,1.6373992726720794,-0.1536800043988544,-0.5013994819972719
2022-04-01,59276.69140625,59396.62109375,58450.0390625,58530.73046875,6400,62.97805139127643,96.98492758405315,95.80719068802487,88761300,973.2025745395604,57283.203125,57221.22228515625,517.9512589719816,1.64179638143054,1.0,0.0225222906901183,0.0,0.0120914748679414,0.4545454545454546,1.657898619682928,1.706160366265645,1.2094198229867288,1.8517689647154687,-1.560694532031898,-1.6466346933671965,-0.5974729587410844,1.6789193651361578,0.7375260031356107,0.2445409962039303
2022-04-04,60611.73828125,60845.1015625,59760.21875,59764.12890625,12600,68.52287071895752,95.69928622592408,94.76341404985332,88773900,1015.717401804592,57293.461484375,57260.41572265625,701.0252234814034,1.675776723464801,1.0,-0.007180758935347,0.0,0.0225222906901183,0.96875,2.230943599365689,2.05577884811987,1.0976161829440303,1.990428785966018,-1.146461066989837,-1.4637400950259238,0.0099843569211581,1.7346651881693511,1.325339368676842,0.7270103899060086
2022-04-05,60176.5,60786.0703125,60067.1796875,60786.0703125,6800,65.09974635226588,84.99493729699876,92.55971703565864,88767100,994.5154891756926,57307.6990625,57298.7883203125,801.7504869320182,1.652664228022056,1.0,-0.0094071580060322,0.0,-0.0071807589353469,-0.4603174603174603,1.831956557877268,1.575905196047742,0.7272646022690342,1.958033072401514,-1.3729684406252023,-1.5468028293806664,-0.2492686872526321,1.7772201267557994,-0.5452687211312496,-0.6831253157223516
2022-04-06,59610.41015625,59941.5703125,59509.83984375,59815.7109375,10600,60.84242343083031,69.28637296027783,83.3268654944002,88756500,971.0972511095716,57319.163671875,57335.22373046875,826.3713697701678,1.629073258452919,1.0,-0.0096536986743021,0.0,-0.0094071580060322,0.5588235294117647,1.4416987440177744,1.0966247430843388,0.2250124134589389,1.8173704547064635,-1.598209312564123,-1.6161686433204416,-0.7128879806278132,1.8014133858123698,-0.6670211254535847,0.3140794795170638
2022-04-07,59034.94921875,59504.921875,58977.3515625,59402.609375,8300,56.77753177448599,54.9714659958042,69.75092541769358,88748200,946.9516327267452,57350.032421875,57368.67623046875,790.3381818824491,1.6040525913182038,1.0,0.0069828207562694,0.0,-0.0096536986743022,-0.2169811320754716,1.088945795864059,0.6709960658082236,-0.238791342885591,1.6177147623712165,-1.7701325159171373,-1.6550041533386242,-1.058163557225983,1.8057958795323656,-0.6736207809128145,-0.4288551409522573
2022-04-08,59447.1796875,59654.44140625,58876.359375,59256.96875,8400,58.896062743751045,65.22592537529528,63.16125477712576,88756600,934.8895183355488,57381.813046875,57403.03982421875,785.9848306811618,1.5726389767353903,1.0,-0.0081182888328254,0.0,0.0069828207562694,0.0120481927710842,1.2279527468370814,0.8153594307795361,0.0464553031287364,1.4899313753235408,-1.833058920061292,-1.7214751526212777,-0.5917107248706884,1.806811491406345,0.348987720377737,-0.2165426972438922
2022-04-11,58964.5703125,59355.76171875,58894.3984375,59333.1796875,9000,55.46830219843744,53.22075203838608,57.806047803161846,88747600,907.5960705972956,57415.565625,57434.91912109375,735.1182397891898,1.5392227328838732,1.0,-0.0065836012488961,0.0,-0.0081182888328255,0.0714285714285714,0.9253075511699368,0.4443285435391927,-0.4082673440716951,1.3148538560518863,-1.8957861225889077,-1.698608671492307,-0.9932583477840974,1.7971820669765577,-0.8137529493821171,-0.1090670362441392
2022-04-12,58576.37109375,58794.78125,58298.5703125,58743.5,7500,52.80603665117304,43.564083204825856,54.00358687283573,88740100,890.3392084117743,57443.0884375,57466.2705859375,655.9206227537215,1.5199630700693438,1.0,-0.0040535356119958,0.0,-0.0065836012488961,-0.1666666666666666,0.683825813255877,0.1408321330841954,-0.7549426149020496,1.122644182783033,-1.850608562965272,-1.6253216789450502,-1.2704622281524425,1.7832340305329912,-0.6474421123226138,-0.3712936970634082
2022-04-13,58338.9296875,59003.8203125,58291.23046875,58910.73828125,6600,51.18773710693461,37.65759777985722,44.814144341023045,88733500,877.6428252216475,57449.58359375,57494.470234375,567.4551340051039,1.504386230468839,1.0,-0.0200927821701391,0.0,-0.0040535356119958,-0.12,0.5291629125872144,-0.0543420589156771,-0.9506237234434356,0.934655834956387,-1.7743863966357305,-1.5477870477603244,-1.4699321326626693,1.7555603547685832,-0.4199648648861661,-0.3254707077712981
2022-04-18,57166.73828125,57420.80078125,56842.390625,57338.578125,13500,44.01616597412972,8.498692576106063,29.906791186929706,88720000,921.8496993129584,57415.666953125,57515.67873046875,398.1696943558345,1.6125630515731453,1.0,-0.0123076786415286,0.0,-0.0200927821701391,1.0454545454545454,-0.088696692801823,-0.8261557033440349,-1.8679029224997992,0.6492499862085948,-1.3225809560616233,-1.0804613732508197,-1.8955579831465772,1.704537693021668,-1.6239986789568814,0.8980026160884537
2022-04-19,56463.1484375,57464.078125,56009.0703125,57381.76953125,13500,40.36093125684896,9.389478717698529,18.51525635788726,88706500,959.9324216834614,57353.763359375,57534.3165234375,204.87428037870268,1.7001043127200508,1.0,0.0101721490634862,0.0,-0.0123076786415287,0.0,-0.4794256098458212,-1.239605778678437,-1.8030073916929967,0.334845237443489,-0.9647608923728688,-0.7174838729730949,-2.19264605099515,1.6501123190908304,-1.0004805343198715,-0.2177728554183645
2022-04-20,57037.5,57216.51171875,56521.328125,56741.4296875,7600,44.41859024683429,21.2659851505302,13.05138548144492,88714100,945.1774830810712,57318.75296875,57556.75572265625,96.91447349772352,1.6571159028377316,1.0,0.0153264025860179,0.0,0.0101721490634862,-0.437037037037037,-0.2386519413349977,-0.8897062539748088,-1.4618796528026496,0.1343045354700451,-1.0086730926864635,-0.8143991517765001,-1.7364319085834623,1.6154971660065147,0.6517675382129773,-0.657682662807588
2022-04-21,57911.6796875,57991.53125,57311.859375,57458.6015625,8000,49.99512745643727,39.34237139183085,23.33261175335318,88722100,945.809895003852,57304.09015625,57583.90056640625,80.96127253971645,1.633193684085114,1.0,-0.0123382926182717,0.0,0.015326402586018,0.0526315789473683,0.1645969888412798,-0.388580008708738,-0.9473288401596258,0.0534191003229585,-0.9396160832043272,-0.8457492802449565,-1.385711908558468,1.6023696058199597,1.0169096905092625,-0.1240204678821303
2022-04-22,57197.1484375,57689.859375,57134.71875,57531.94921875,7600,45.93805426453991,24.56721355967251,28.391856700677845,88714500,933.7492551821482,57295.609296875,57608.29330078125,10.540046461050224,1.6325101524990655,1.0,-0.0107917584942977,0.0,-0.0123382926182717,-0.05,-0.4064034696243907,-1.0733762946491392,-1.4884711697503168,-0.1306945591215269,-0.9660660415729188,-0.7956016878246883,-1.5537845520136784,1.5826886639736404,-1.2016679849270335,-0.232380275196441
2022-04-25,56579.890625,56875.6484375,56356.87109375,56757.640625,7000,42.7134262418246,11.803486846781643,25.237690599428323,88707500,927.072690079852,57271.035546875,57628.76939453125,-93.9933327625331,1.6385197635398432,1.0,0.0137278234620129,0.0,-0.0107917584942976,-0.0789473684210526,-0.9622634307727024,-1.5654108256432964,-1.822019764950917,-0.4020870243421345,-0.9564057445227097,-0.7221794748630213,-1.6505158493101948,1.5535413309076318,-1.0175875050791028,-0.265108910135003
2022-04-26,57356.609375,57442.23828125,56904.51171875,57066.23828125,7300,47.68940548760844,28.208898105505547,21.52653283731989,88714800,922.4494733777196,57248.848359375,57651.15244140625,-112.86108477231755,1.608270578455405,1.0,-0.0093662919732169,0.0,0.0137278234620128,0.0428571428571429,-0.4406817197115716,-0.8635141572392394,-1.2090474754703684,-0.5431519229586227,-0.9404096798235864,-0.7988085597092743,-1.3023973823508126,1.5351360838534276,1.0662121515471383,-0.1491708307701123
2022-04-27,56819.390625,57079.03125,56584.0390625,56983.6796875,6600,44.79144260814627,20.605729497774952,20.206038150020703,88708200,911.7438190293108,57206.715546875,57670.94349609375,-169.2124023324359,1.6046349828823263,1.0,0.0123490935230352,0.0,-0.0093662919732169,-0.0958904109589041,-0.9614130628172836,-1.2746089178111364,-1.374416808130757,-0.7786595170957641,-0.9715656669446556,-0.7669229567851793,-1.4122960611108029,1.511284745190525,-0.8547337353697134,-0.2932565383641798
2022-04-28,57521.05859375,57790.8515625,56936.94140625,57296.30859375,100,49.13877547459773,41.47693725454477,30.09718828594175,88708300,916.0093274915027,57194.07828125,57693.27498046875,-155.46043536577054,1.5924764771123885,1.0,-0.0080003308570889,0.0,0.0123490935230352,-0.9848484848484848,-0.3996194412083761,-0.6295879890754658,-0.6674080755492346,-0.8621776134522011,-0.8814509997920408,-0.7724990100085567,-1.3213355028856486,1.4996623556535185,0.994820210035532,-1.175285807629514
2022-04-29,57060.87109375,57975.48046875,56902.30078125,57817.51171875,9500,46.54983259441542,28.853051011824714,30.31190592138147,88698800,927.235781777824,57207.17890625,57715.73462890625,-179.62458733929088,1.624994087900257,1.0,-0.0014875835379473,0.0,-0.0080003308570889,94.0,-0.8915922874276961,-0.9979422008838894,-1.011874168246499,-1.0396383543284036,-0.7346040326934432,-0.5707628500195971,-1.5160441477673734,1.4918863943174037,-0.7613764081793822,5.286288695813927
2022-05-02,56975.98828125,57054.23046875,56412.62109375,56429.44921875,7900,46.06770241410675,28.891757601082222,33.07391528915056,88690900,907.3082259365508,57183.85765625,57738.68361328125,-203.28088988448872,1.5924396457290295,1.0,-0.022938733853961,0.0,-0.0014875835379474,-0.1684210526315789,-0.9808637841624276,-1.0175935445861066,-0.946315691400384,-1.1939238149613374,-0.875613447208297,-0.697026099813173,-1.6509676385460763,1.488441765664891,-0.1478464350054814,-0.2013047137437136
2022-05-04,55669.03125,57184.2109375,55501.6015625,57124.91015625,50700,39.31562237611608,4.7806747508276,20.8418277879115,88640200,962.686879441083,57137.3046875,57755.1653125,-323.7571192730684,1.7293041711428794,1.0,0.0005963678189567,0.0,-0.022938733853961,5.417721518987341,-1.981669553510792,-1.7903688423446302,-1.5748658563547129,-1.5304582440712593,-0.2660043892628503,0.1570948057671476,-2.818716390708595,1.4640048753397217,-1.919234039397672,0.1138301742451692
2022-05-05,55702.23046875,56566.80078125,55613.8203125,56255.0703125,8200,39.55796585534004,5.728622926537641,13.133685092815812,88648400,961.99356439172,57093.5090625,57769.8278125,-411.8094169362157,1.7270288035079968,1.0,-0.0155586650024043,0.0,0.0005963678189568,-0.8382642998027614,-1.8033149112850797,-1.613466508057537,-1.4307812333001684,-1.7094529310100115,-0.2081564747559891,0.2445233630738653,-2.311727764045932,1.4374613688980284,0.1315997298066268,-0.2493839651978262
2022-05-06,54835.578125,55070.12109375,54586.75,54928.2890625,8000,35.56513731218921,7.308197112516406,5.93916492996054,88640400,972.9569147030256,57033.56125,57779.48544921875,-545.2379349265902,1.7743168723144118,1.0,-0.0066545528008874,0.0,-0.0155586650024043,-0.024390243902439,-2.2078838472981315,-1.9096028945174688,-1.2952194115439617,-1.908354663105469,0.01590191044165,0.7189653668607848,-2.306175092675653,1.396380402226365,-1.225213406832088,-0.2014612294296668
2022-05-09,54470.671875,54795.46875,53918.01953125,54188.2109375,9300,34.00861028846863,13.566975668836108,8.867931902630042,88631100,968.9998917778096,56969.302890625,57786.04455078125,-672.6717403614821,1.77893875442088,1.0,-0.0019427025380343,0.0,-0.0066545528008874,0.1625000000000001,-2.1864041681091138,-1.886673628592088,-1.035961166213519,-2.0143148933006536,0.0623812790956783,0.935373552199546,-2.304010831175352,1.3491466940873946,-0.4273791844512797,-0.1905622096394833
2022-05-10,54364.8515625,54857.01953125,54226.328125,54309.30859375,8000,33.55004861843065,10.969209421769262,10.61479406770725,88623100,944.8349999543946,56910.586328125,57792.168515625,-773.2887725071996,1.7379519538799335,1.0,-0.0050852881881259,0.0,-0.0019427025380344,-0.1397849462365591,-2.0199858603666074,-1.759491382417915,-1.0440046455885643,-2.0181003160502837,-0.2662398892057286,0.7292950811079703,-2.200556969556942,1.3059966515594397,-0.0072331598207293,-0.1987542036914673
2022-05-11,54088.390625,54598.55078125,53519.30078125,54544.91015625,7200,32.323794110948725,12.724966830903552,12.4203839738363,88615900,954.4360713862236,56847.71296875,57799.8434765625,-865.361236894787,1.764585820279661,1.0,-0.0214109167950493,0.0,-0.0050852881881259,-0.0999999999999999,-1.9728114614895005,-1.720856823935058,-0.9270863524645444,-1.9880360656509772,0.0147678174077109,1.192427900805529,-2.0965181459691253,1.2752504831890692,-0.2833971740235876,-0.197990600601545
2022-05-12,52930.30859375,53632.55078125,52702.30078125,53608.3515625,6900,27.748516390080667,4.323915095108354,9.339363782593711,88609000,985.2684836979216,56815.7209375,57803.5024609375,-1020.0187287295704,1.8614448127632155,1.0,-0.002582405121593,0.0,-0.0214109167950493,-0.0416666666666666,-2.303490566300765,-1.955510020430292,-1.112647108960836,-2.045674309411285,0.9259352590854116,2.369116601800163,-2.003264954157092,1.2331346099031966,-1.5899414341668474,-0.1946837210773792
2022-05-13,52793.62109375,53785.7109375,52654.890625,53565.73828125,9300,27.258100117532123,2.6074264851098072,6.552102803707228,88599700,995.6650428980702,56754.42296875,57803.28451171875,-1140.4688294123189,1.8859570953278344,1.0,0.0034136463130644,0.0,-0.002582405121593,0.3478260869565217,-2.101521408957819,-1.8132881329664443,-1.1006516983792989,-2.020666354420989,1.332164241786885,2.4308867810580126,-1.965804945639485,1.178775459909322,0.0387343907932918,-0.1708500474029999
2022-05-16,52973.83984375,53428.28125,52632.48046875,52946.3203125,4800,29.038844723886317,6.388908384802545,4.440083321673559,88604500,981.3890242089224,56688.954140625,57803.27470703125,-1207.465346136276,1.852591820988618,1.0,0.025382885405628,0.0,0.0034136463130645,-0.4838709677419355,-1.8230289278037992,-1.5300981058990564,-0.9349116502191545,-1.917028399737961,1.0177757431764534,1.910113700005006,-1.715752639088603,1.1295310264492977,0.5978530614985308,-0.2192848398252974
2022-05-17,54318.46875,54399.421875,53176.01953125,53285.19140625,7400,40.70263150514011,31.555086678832115,13.517140516248148,88611900,1013.1170961404276,56665.945546875,57810.605703125,-1138.9313613486447,1.8651429604970735,1.0,-0.0020239432835631,0.0,0.0253828854056281,0.5416666666666667,-1.126672423461018,-0.4564434390674819,-0.0214784133244093,-1.651994079311627,1.8423108408128583,1.8469411174819104,-1.4634753793125237,1.1211250643797557,2.2319180426527927,-0.161238003164728
2022-05-18,54208.53125,54786.0,54130.890625,54554.890625,5800,40.121961822303895,29.49748795152536,22.480494338386663,88606100,987.5451160589686,56648.062578125,57818.75455078125,-1081.0273121691862,1.8217522100065544,1.0,-0.0261268982684344,0.0,-0.0020239432835631,-0.2162162162162162,-1.1006890933390925,-0.4585009427108075,-0.0162103342705921,-1.445698977875924,1.079525134269863,1.32865500409908,-1.456047721130442,1.121880512013003,0.072343734128859,-0.2040426485536967
2022-05-19,52792.23046875,53356.0390625,52669.51171875,53070.30078125,9100,33.49287873985928,2.989893318360472,21.347489316239304,88597000,1026.9361457154707,56617.231015625,57820.4971484375,-1136.3227512061494,1.9452410640678623,1.0,0.0290603398005343,0.0,-0.0261268982684345,0.5689655172413792,-1.6413025537088075,-1.0458475097835611,-1.0873531354556836,-1.4222742039244496,2.1402862021864704,2.186206627571612,-1.511827420283297,1.0901035313405314,-1.816569375632533,-0.1575104217431288
2022-05-20,54326.390625,54396.4296875,53403.2890625,53513.96875,7600,44.24003746758572,37.21464106628403,23.23400744538995,88604600,1068.1692223607945,56646.903828125,57828.86375,-1044.3126952384482,1.966206865709283,1.0,-0.0006954492938946,0.0,0.0290603398005344,-0.1648351648351648,-0.8872572658364339,0.1200988658832655,0.628705034891389,-1.2093950079820088,2.8064964955710674,2.093849695859897,-1.2955089219553186,1.099810052046692,2.423045306820416,-0.2008484804102716
2022-05-23,54288.609375,54931.30078125,54191.55078125,54459.94921875,7100,44.05124961248223,36.38459960712058,25.529711330588352,88597500,1044.7107064778804,56664.19421875,57837.37259765625,-963.3379340644532,1.9243644633840475,1.0,-0.0043471365856845,0.0,-0.0006954492938946,-0.0657894736842105,-0.8515726867991913,0.1732080164123438,0.7077753548205976,-1.02732312862536,2.021024129436414,1.616622204410961,-1.3329426456033102,1.114213618374041,0.1750212312683625,-0.1938232728581226
2022-05-24,54052.609375,54524.37109375,53886.28125,54307.55859375,5600,42.82198404942313,36.09591475655937,36.56505180998799,88591900,1015.6663591401748,56652.29984375,57842.8825,-907.7441703633012,1.879032984501823,1.0,-0.0056120816322755,0.0,-0.0043471365856845,-0.2112676056338028,-0.9103360135482058,0.0869600771373248,0.7643104011677019,-0.8879250264823534,1.2783188228752331,1.1898049180709618,-1.3413473743255029,1.112793052954632,-0.1128834563113104,-0.202307235615407
2022-05-25,53749.26171875,54379.58984375,53683.16015625,54254.0703125,6200,41.22938072282663,45.814023549923405,39.431512637867776,88585700,992.8637397373052,56617.997265625,57842.51201171875,-878.041813314092,1.847213725339324,1.0,0.00936328267881,0.0,-0.0056120816322754,0.1071428571428572,-1.013002315657717,-0.04224659763744,1.5189484226821504,-0.7915750431198278,0.7343250265288201,0.8926286844101355,-1.369028703342677,1.0714324231964465,-0.1782537634865364,-0.1839546655771826
2022-05-26,54252.53125,54346.21875,53425.25,53950.83984375,7500,44.89127557479743,70.47313669715105,50.7943583345446,88593200,987.7283833274976,56592.041875,57841.9258203125,-804.617704149452,1.8206125328530132,1.0,0.0116516020853865,0.0,0.0093632826788101,0.2096774193548387,-0.6953233021437788,0.5389222921814393,2.838724728133022,-0.6197021971526441,0.5744416805332849,0.6429202607647192,-1.1639285786597793,1.0290691020994442,0.9056912628195278,-0.1782604033166778
2022-05-27,54884.66015625,54936.62890625,54449.33984375,54671.5,7000,49.17491959241799,97.74455720151494,71.34390581619645,88600200,966.0404742505334,56560.0146875,57843.884921875,-687.4960226341427,1.760128370113494,1.0,0.0189684717375706,0.0,0.0116516020853865,-0.0666666666666666,-0.287703934093149,1.2117297159587137,3.426670214606268,-0.3539383523442889,0.0417987483185686,0.1240173239527468,-0.9747424927132924,1.0080390577995102,1.0144298406586731,-0.1945574992082133
2022-05-30,55925.73828125,56082.6484375,55466.30078125,55507.75,5900,55.33296009152461,95.452100950701,87.88993161645566,88606100,982.6081747504952,56562.992421875,57852.12501953125,-504.8503417018146,1.756987399628,1.0,-0.006425093991481,0.0,0.0189684717375706,-0.1571428571428571,0.397126089125043,2.0339729027139586,2.768186532409344,0.0763379514140673,0.3707065188370678,0.0329730123030087,-0.8083218778051635,1.045755915645728,1.442199500626731,-0.1997522806062985
2022-05-31,55566.41015625,55925.62109375,55369.140625,55622.01171875,8300,52.94839154308047,85.03730004087211,92.74465273102936,88597800,952.17885200046,56537.98765625,57857.9428125,-384.6629453394344,1.7135871281282706,1.0,-0.003333637726985,0.0,-0.006425093991481,0.4067796610169492,0.2108887931248876,1.5776166026287084,2.0831496223392,0.4143174598843244,-0.4213923444672257,-0.3821629966509183,-0.9126977202061564,1.0694307088122874,-0.4080480146987546,-0.1656352992935294
2022-06-01,55381.171875,55791.48828125,55091.4296875,55588.26953125,7300,51.711206132397805,79.66833589397255,86.71924562851522,88590500,934.1702621254271,56488.3325,57862.07537109375,-300.8922504505026,1.6868011826003404,1.0,0.0078896398398034,0.0,-0.003333637726985,-0.1204819277108434,0.1165801440497727,1.3132090603025686,1.7142428722515426,0.6757336535661743,-0.8473941500512029,-0.6150556554968594,-0.9941514014922088,1.0866297504108928,-0.2058978576707332,-0.1960967766188345
2022-06-02,55818.109375,55891.921875,55135.109375,55382.44140625,5900,54.4167851950313,92.33257438779589,85.67940344088017,88596400,921.5018505450396,56458.844921875,57868.53626953125,-196.9755550195696,1.6509012233899931,1.0,-0.0008756818673599,0.0,0.0078896398398033,-0.1917808219178082,0.4355908070949018,1.560842868588756,1.944386521741708,0.9781306258351774,-1.1263111467760776,-0.9301915443428236,-0.818848216535336,1.140204837915502,0.6346375556860756,-0.2007451737741933
2022-06-03,55769.23046875,56432.6484375,55719.359375,56245.6015625,5900,54.05193718818855,82.37061211609746,84.79050746595529,88590500,906.6295085418224,56414.443515625,57873.16251953125,-117.21377698941797,1.6256805068340463,1.0,-0.0016839062590727,0.0,-0.0008756818673598,0.0,0.4778799230329767,1.4645883793444665,1.498666534161665,1.2207622596811625,-1.4152669396440656,-1.148449501274626,-0.8938588491499003,1.1795501734498868,0.0227299914083338,-0.1894704748686905
2022-06-06,55675.3203125,55832.28125,55295.73828125,55610.640625,4300,53.31236123450551,79.8750834316867,84.85942331186001,88586200,880.1947556995493,56374.253515625,57874.35267578125,-60.87799439326773,1.5809424189373391,1.0,-0.0102016560580519,0.0,-0.0016839062590727,-0.2711864406779661,0.4643542825774128,1.3046285229478407,1.3191465968454592,1.3817033339528686,-1.892448636926364,-1.498082554745217,-0.9397310509355076,1.1797647573721592,-0.0670377417196496,-0.2048158457378026
2022-06-07,55107.33984375,55387.76953125,54882.41015625,55373.1796875,3600,48.94992518809429,64.78181121757842,75.67583558845418,88582600,873.9601414531529,56324.48671875,57871.976484375,-61.35548993026168,1.5859232979330125,1.0,-0.0038987830497567,0.0,-0.010201656058052,-0.1627906976744185,0.0880496527267602,0.740976828835848,0.7923318944274408,1.3724536000573575,-1.8860424187804912,-1.4129552405063566,-0.9746729167203202,1.1330478419890837,-0.7288570241030742,-0.1983345854224539
2022-06-08,54892.48828125,55423.96875,54683.30078125,55345.51171875,6000,47.37085238866781,49.15888260203529,64.6052590837668,88576600,864.4392719743563,56275.0925,57867.477578125,-78.1695442406708,1.5747860937643607,1.0,0.0077932879733587,0.0,-0.0038987830497567,0.6666666666666667,-0.0116124615943519,0.5523631541002992,0.2819076656588238,1.3216565933071782,-1.9319883517352696,-1.4785100796360169,-1.0920035885918105,1.0475521326600628,-0.1991945989209411,-0.1512789670500866
2022-06-09,55320.28125,55366.83984375,54507.41015625,54514.171875,6000,50.77578652022302,63.01231078564062,58.9843348684181,88582600,864.0814445119023,56229.628359375,57865.93154296875,-56.32619276887272,1.5619614090662317,1.0,-0.0183809594017564,0.0,0.0077932879733586,0.0,0.3813675099638403,0.9254840345438606,0.6705178239751989,1.3511442805859408,-1.8220820689454904,-1.547608861823795,-0.908159918314098,1.0113270616172356,0.6814867878123294,-0.1902996831892326
2022-06-10,54303.44140625,54780.78125,54205.98828125,54760.25,4800,43.56156535080626,29.20103286945995,47.12407541904528,88577800,881.9536962431949,56156.82421875,57860.8021484375,-119.68599105712929,1.6241211853318882,1.0,-0.0268259644283306,0.0,-0.0183809594017564,-0.1999999999999999,-0.4028474990717887,0.0908261521654597,-0.3730280523181764,1.1855594399507097,-1.4199785007067074,-1.0549057400195825,-1.0600056000367792,0.8902466941879804,-1.2953356015728237,-0.2035444870776888
2022-06-13,52846.69921875,53207.5390625,52527.078125,53184.609375,7500,35.72952580996498,8.183723967970426,33.465689207690325,88570300,945.8400951722524,56040.0784375,57847.25669921875,-284.1702697324581,1.7897808361826095,1.0,-0.0028976058772592,0.0,-0.0268259644283306,0.5625,-1.644649767303837,-0.7994569014194146,-0.9918907111553824,0.7909229267770397,-0.2331358442337755,0.2851739579795772,-1.3737401791653985,0.5301514684389692,-1.8011905690144845,0.3681935927132325
2022-06-14,52693.5703125,53095.3203125,52459.48046875,52495.94140625,6900,35.01682488162707,5.8917681203306165,14.425508319253654,88563400,923.697220070663,55922.579609375,57830.9296484375,-422.0167225295736,1.7529600188270842,1.0,-0.0028880124576394,0.0,-0.0028976058772591,-0.0799999999999999,-1.7212816080660769,-0.8327636644336052,-1.021539717612704,0.4694779485498124,-0.6670418805694945,-0.0754981264961862,-1.8147350164289209,0.0152894046561819,-0.0284583356058074,-0.2515402691304111
2022-06-15,52541.390625,52867.73046875,52493.359375,52650.41015625,5900,34.284898945930934,2.061583021262748,5.379025036521253,88557500,884.4596396191871,55787.87359375,57813.915546875,-537.3464629258306,1.683357880517056,1.0,-0.0199005308017577,0.0,-0.0028880124576394,-0.144927536231884,-1.7147106590784549,-0.8882637241421661,-1.131015757625946,0.1954913422247208,-1.3212285678292108,-0.6699046827490305,-1.9613180988289904,-0.6017073443630856,-0.0805075131482317,-0.4333528381403668
2022-06-16,51495.7890625,53142.5,51425.48046875,53018.91015625,9200,29.69257557232225,1.4041588816033266,3.1191700077322206,88548300,943.9282033071024,55605.554609375,57791.648984375,-704.9907264793073,1.8330201760020897,1.0,-0.0026287040156954,0.0,-0.0199005308017578,0.5593220338983051,-2.3649880240950005,-1.3416453570797533,-1.1409360505640636,-0.2110302983297672,-0.2137767765672388,0.6041279432144213,-2.2842847959921824,-1.4112180667311736,-1.2999902625086197,1.711111724117362
2022-06-17,51360.421875,51652.828125,50921.21875,51181.98828125,8300,29.14823129607815,7.968950887573126,3.811564263479724,88540000,928.7625727137378,55429.233046875,57767.8275,-839.1003869388151,1.808323488802608,1.0,0.0046225860318636,0.0,-0.0026287040156954,-0.0978260869565217,-2.181411102441655,-1.3448191776540666,-0.9454464058093288,-0.5294772905994042,-0.4650798417823178,0.3786124655356974,-2.472188505092074,-2.1504105506909386,-0.0405064053378127,-0.4573189283695029
2022-06-20,51597.83984375,51714.609375,51062.9296875,51470.03125,7000,31.51948314408321,12.276689209781376,7.2165996596526,88547000,908.9709380556136,55268.981640625,57741.367890625,-915.6703355245918,1.7616453340065872,1.0,0.0181059996228342,0.0,0.0046225860318636,-0.1566265060240963,-1.8046562580394057,-1.0652236531359858,-0.8140919889784145,-0.6993209781430062,-0.7844752639228402,-0.0213003417121836,-1.9885515110435468,-2.684040508998933,0.481938269749847,-0.6141008427638593
2022-06-21,52532.0703125,52799.3984375,51808.76171875,51897.6015625,5100,40.02537150134967,29.22747188725702,16.49103732820383,88552100,929.8700563194984,55138.9240625,57716.2662890625,-890.7005389262777,1.770099771031175,1.0,-0.013506778969097,0.0,0.0181059996228343,-0.2714285714285714,-1.0408235702847926,-0.1626972844331003,-0.328134459649391,-0.6226757998614012,-0.3939175617404363,0.0427966800057699,-1.6334016240718052,-2.886321085881398,1.403513794812026,-0.966540655592394
2022-06-22,51822.53125,52272.8515625,51739.98046875,52186.359375,5800,36.33411518353874,16.353515350911387,19.285892149316584,88546300,920.028612564534,54986.43109375,57688.687890625,-917.5882811763004,1.7753447976637269,1.0,0.008552023401983,0.0,-0.013506778969097,0.1372549019607842,-1.4491115180580287,-0.5925189112903518,-0.7239993817909526,-0.6844646995981609,-0.5488792656285687,0.0852213071602808,-1.7635067670853954,-2.939359241062514,-0.8807657666128398,0.3381992138540118
2022-06-23,52265.71875,52516.7890625,51632.8515625,51972.75,5600,40.05291481446796,27.376967815009483,24.31931835105929,88551900,917.4506759527816,54852.4540625,57660.7537890625,-892.8433409884165,1.755358383840807,1.0,0.008844453492759,0.0,0.0085520234019831,-0.0344827586206896,-1.1045480475561966,-0.2324718003648675,-0.4200547444431396,-0.6382413776344694,-0.5554933624365169,-0.0583439806599928,-1.396047502060904,-2.89192425411429,0.6633217766225087,-0.2221123919356556
2022-06-24,52727.98046875,52909.87109375,52447.25,52654.23828125,5000,43.74396722905352,40.12573913164177,27.952074099187534,88556900,897.9293665097257,54735.48625,57633.7439453125,-826.4058479951927,1.702946630094996,1.0,0.0082176631344111,0.0,0.0088444534927589,-0.1071428571428571,-0.7801878362262192,0.1424460526979569,-0.0657949011148611,-0.5080829578435626,-0.8500136902237926,-0.4738054156269045,-1.0868105129819214,-2.791244618566503,0.6520468269603562,-0.4160370760671687
2022-06-27,53161.28125,53509.5,53120.7890625,53468.890625,5300,47.035892910010446,49.74876464382877,39.083823863493336,88562200,889.614378276888,54631.93328125,57608.06580078125,-730.3706461714901,1.6734253903575511,1.0,0.0003041305320307,0.0,0.008217663134411,0.06,-0.4843483651630586,0.4986848009442304,0.1984334906981693,-0.3109109852691189,-0.9375281230121356,-0.6879836396104174,-0.785968991142056,-2.6680079919852253,0.59067524639523,0.0814340158960942
2022-06-28,53177.44921875,53301.3984375,52771.53125,52846.26171875,5500,47.160142004998185,50.75174921951815,46.87541766499621,88567700,863.9181503642532,54552.1475,57582.55564453125,-645.5163264814546,1.6245949421350614,1.0,-0.0028297797461285,0.0,0.0003041305320308,0.0377358490566037,-0.4457981428282636,0.4857312173733487,0.2106472263813635,-0.1294549197699577,-1.3077720024886066,-1.0542977762059484,-0.4791034327676994,-2.5481602324753463,0.0734831111150261,0.0661328499438209
2022-06-29,53026.96875,53244.83984375,52612.6796875,52623.1484375,5200,46.07670820168052,54.55929266594335,51.686602176430085,88562500,847.3640079275208,54483.42390625,57556.4391796875,-583.6828504253644,1.597986888374646,1.0,-0.0001513822860183,0.0,-0.0028297797461286,-0.0545454545454545,-0.5212739222255364,0.3202882742410276,0.3081798877876842,-0.0016756866047125,-1.4819893345547137,-1.2053208998172338,-0.6793242929745338,-2.4429342859047285,-0.1710597576321361,-0.2985861030625846
2022-06-30,53018.94140625,53377.5390625,52883.25,52897.16015625,5600,46.01597693589399,81.04693631150015,62.11932606565387,88556900,822.1443689684121,54403.052734375,57530.00853515625,-529.2265208181634,1.550661607271351,1.0,-0.0020938124339259,0.0,-0.0001513822860184,0.0769230769230768,-0.5338463542464881,0.2662807819358482,1.1018371504007924,0.1032550809934333,-1.7870988271912265,-1.5403628627080974,-0.8967947199597734,-2.348944618699111,-0.0306995959647795,0.2756392520431956
2022-07-01,52907.9296875,53053.0390625,52094.25,52863.33984375,7200,45.130089120268366,76.7579233323272,70.78805076992354,88549700,831.9047042206683,54302.977734375,57503.659375,-489.385869535392,1.5723629881840069,1.0,0.0061775209440338,0.0,-0.002093812433926,0.2857142857142858,-0.5762162753198867,0.1439287625081333,0.9049230020160784,0.1756371143476308,-1.5975905399415682,-1.307424728144867,-1.1849724310005976,-2.262141243983285,-0.1213405486756669,1.0483917025133032
2022-07-04,53234.76953125,53301.98828125,52674.80859375,52851.671875,7000,48.28671463268296,89.38560217325687,82.39682060569471,88556700,817.2814887406206,54223.73015625,57478.5977734375,-426.52194302284624,1.535240024399576,1.0,-0.0018863229733915,0.0,0.0061775209440337,-0.0277777777777777,-0.325416259782976,0.5437025639780417,1.2288353952482909,0.3293460558747643,-1.817088695118891,-1.5968159714524095,-0.7725562007161929,-2.1755367733335738,0.645227160670648,-0.2121068957538634
2022-07-05,53134.3515625,53865.9296875,53054.30078125,53501.2109375,6800,47.38475200970637,75.15619901146918,80.4332415056844,88549900,816.8777328484333,54154.819375,57450.65353515625,-380.41948023640725,1.537381578633871,1.0,0.0116048689664481,0.0,-0.0018863229733915,-0.0285714285714285,-0.3733245894810325,0.4027635258650627,0.7299993087265713,0.4343037698421793,-1.740029738071646,-1.4949530038372283,-1.052925027976708,-2.1158605837596607,-0.1305604201784515,-0.2433856632396062
2022-07-06,53750.96875,53819.30859375,53143.28125,53170.69921875,14800,53.16943018739848,96.09601961143257,86.87927359871952,88564700,807.4548255914024,54082.7065625,57423.702578125,-290.77521688251,1.5022144611884831,1.0,0.0079531996807034,0.0,0.011604868966448,1.176470588235294,0.0539541364716576,1.0957761907970802,1.2999979042330247,0.6848005292911,-1.80518993530368,-1.7294408491641615,-0.2509488066652284,-2.053478358445279,1.0829430304094652,3.439960458097844
2022-07-07,54178.4609375,54254.7890625,53927.26171875,54146.6796875,7500,56.72191973374181,97.60866266233926,89.62029376174699,88572200,785.7666460848735,54029.88796875,57399.5154296875,-183.1254888487456,1.450330320367221,0.0,0.0055996220822879,0.0,0.0079531996807034,-0.4932432432432432,0.3521532880469327,1.448984179548048,1.2852799921334357,0.98839101924743,-2.0659994643112976,-2.050125475102054,0.1843018955476296,-1.9814651024244097,0.7476874707588209,-1.5923027953215307
2022-07-08,54481.83984375,54627.140625,54278.76953125,54574.4296875,7500,59.09349867512856,95.14740299893808,96.28402842423662,88579700,761.689006185954,53969.10359375,57379.46998046875,-72.49646736817522,1.3980603598748194,0.0,-0.0015896925516537,0.0,0.005599622082288,0.0,0.5757812449985654,1.62903068129094,1.2182666641790898,1.2752738289842571,-2.267364239791288,-2.250444484903583,0.6553935620772923,-1.897528906050739,0.5541592968948087,-0.1356495182684882
2022-07-11,54395.23046875,54527.8984375,54090.53125,54248.6015625,6100,58.11441973334541,92.25491756442602,95.00366107523443,88573600,738.5231619941002,53915.79078125,57356.41978515625,8.095852508267853,1.3576983783870185,0.0,-0.009350472263229,0.0,-0.0015896925516537,-0.1866666666666666,0.5739691584792099,1.4783376705270914,1.139025885891178,1.4359234285920264,-2.4172200556404806,-2.288811998750428,0.405713818093349,-1.8409436320749224,-0.0725961768016466,-0.6861051942052188
2022-07-12,53886.609375,54236.48828125,53824.96875,54219.78125,6300,52.60254993799952,75.26854506886808,87.55695521074405,88567300,726.5044874766645,53854.003203125,57331.21619140625,30.571960573746765,1.34820968679042,0.0,-0.0069119386396724,0.0,-0.009350472263229,0.0327868852459016,0.2538078151422703,0.8315796944040117,0.6415655230907356,1.4117332834524947,-2.321233381210896,-2.0971990897753803,0.0858019585433113,-1.8015069075321075,-0.8478738816939173,0.0017881602601017
2022-07-13,53514.1484375,54211.21875,53455.26171875,54210.1015625,5700,48.94183163424071,56.05841892600475,74.52729385309961,88561600,728.6082406033313,53810.905546875,57299.36013671875,18.121064920509525,1.3615244974967398,0.0,-0.0018312914035146,0.0,-0.0069119386396724,-0.0952380952380952,0.0204576212890356,0.4134972764666344,0.0822726707922657,1.3010184445126505,-2.0485867389604744,-1.805616263618004,-0.2379657059895055,-1.7955922405566584,-0.5859091379890586,-0.3889707314466221
2022-07-14,53416.1484375,53861.28125,53163.76953125,53688.62109375,4700,47.99540019694503,52.18932173591191,61.1720952435949,88556900,726.3870604709506,53765.18390625,57266.19853515625,0.3419180136115756,1.359864164150408,0.0,0.0064518469148564,0.0,-0.0018312914035146,-0.175438596491228,0.0068594940605024,0.3327176834200927,0.0046059373797964,1.2031912472958604,-1.8824181880369044,-1.6616522359584356,-0.5153411000312557,-1.793659843951863,-0.0421846660728164,-0.6345276142042462
2022-07-15,53760.78125,53811.37109375,53361.62109375,53637.87890625,5600,51.544111975698776,65.79562629160112,58.01445565117259,88562500,706.6272704373113,53743.68796875,57234.613046875,13.90056667043973,1.3143917443300013,0.0,0.0141435293502175,0.0,0.0064518469148564,0.1914893617021276,0.3753667534388811,0.7793716521983686,0.4571640515998965,1.213768204153434,-1.9494489292142023,-1.7912951619184332,-0.0234408167186846,-1.7836854165842055,0.7712599555038138,0.4583397841714107
2022-07-18,54521.1484375,54556.66015625,54034.96875,54069.30078125,63800,58.30447264986759,95.81536658338732,71.26677153696677,88626300,713.0023872810747,53744.6975,57208.88078125,85.02110047086171,1.3077537941050907,0.0,0.0045206798336711,0.0,0.0141435293502174,10.392857142857142,1.1569711819757345,1.5430563714242835,1.3720555582096714,1.385560737950284,-1.6964889222035675,-1.6833594035834496,3.798696072416636,-1.7508110869333118,1.4395107011294264,5.217772577132705
2022-07-19,54767.62109375,54817.51953125,54232.8203125,54251.87890625,6900,60.240851991592905,98.16770110606365,86.592897993684,88633200,703.8378752431407,53752.752890625,57185.6525390625,159.4350513774989,1.2851350144245386,0.0,0.0115015066141312,0.0,0.0045206798336712,-0.8918495297805643,1.426649024270444,1.6481227973838406,1.366958014741867,1.5381258462723473,-1.6596366568802945,-1.670624742045645,3.2972153925595764,-1.7131803364765978,0.4606090219151366,-0.655092482878499
2022-07-20,55397.53125,55630.26171875,55298.23046875,55486.12109375,6800,64.74687255453334,93.41827778692227,95.8004484921244,88640000,715.1809287972021,53778.935703125,57167.0083984375,266.16889943680144,1.2909978344877997,0.0,0.0051341271412703,0.0,0.0115015066141312,-0.0144927536231883,1.9610541404861133,1.9477389207016915,1.1501750031660027,1.7318511384841373,-1.4064279372377917,-1.515349501922722,2.9452327202064548,-1.6639910733287424,1.0772486049249637,-0.1882015866363611
2022-07-21,55681.94921875,55738.48828125,55270.75,55391.9296875,6700,66.58815197968917,98.15453741033429,96.58017210110673,88646700,697.5064539724019,53833.968515625,57151.59025390625,369.4476337489396,1.2526617041228287,0.0,0.0070091161583937,0.0,0.0051341271412703,-0.0147058823529411,2.1652601202616286,1.947865368710826,1.2232087769165825,1.870964963226002,-1.493807914454974,-1.593998452011429,2.708388313310768,-1.611722126996444,0.4728146747138999,-0.1880487886986941
2022-07-22,56072.23046875,56186.05078125,55685.44921875,55800.83984375,6500,68.9822282666597,96.36560030334478,95.97947183353376,88653200,683.6918188672304,53899.540703125,57135.4548046875,477.2873385946441,1.2193055513428583,0.0,-0.0054574557885751,0.0,0.0070091161583938,-0.0298507462686566,2.26479085211858,1.9552966374731635,1.0945794649439116,1.9612177421709769,-1.5223700367948276,-1.6220309258347112,2.511637982121889,-1.571993488966327,0.6056012036175108,-0.1989894804672926
2022-07-25,55766.21875,56018.08984375,55537.078125,55877.5,6100,65.04665920258284,86.20230592760245,93.57414788042716,88647100,673.0818563588567,53955.38828125,57115.56150390625,531.9267726493272,1.2069705844254623,0.0,-0.0089253042416471,0.0,-0.0054574557885751,-0.0615384615384615,1.8153937058351963,1.4769688307687785,0.7504509913715658,1.893696421964762,-1.5294995541482228,-1.561231792311338,2.064587169197851,-1.5538342016991142,-0.8784580411274283,-0.2045289425571013
2022-07-26,55268.48828125,55834.37890625,55203.4296875,55834.37890625,4900,59.13690073407394,69.64006907034215,84.06932510042978,88642200,670.0723822439384,53974.388671875,57095.95529296875,528.9686078329105,1.2123949886851937,0.0,0.0099121949647364,0.0,-0.0089253042416471,-0.1967213114754098,1.3191856800354915,0.8845691092402742,0.2120641088892433,1.7193198821912483,-1.454270016833977,-1.425767378200809,1.748485460951309,-1.5388477180446,-1.2440154838301116,-0.2724858221073044
2022-07-27,55816.3203125,55853.08984375,55157.98828125,55258.2890625,3800,63.10968495662637,87.76651018994345,81.202961729296,88646000,671.8601808336571,54006.544453125,57076.64775390625,564.3245255513029,1.2036984471066876,0.0,0.0186588571974846,0.0,0.0099121949647364,-0.2244897959183673,1.598774886341764,1.1711271749148402,0.7217548288093477,1.640791594375829,-1.332568780426654,-1.3626474384790863,1.6882065783277969,-1.527039758252033,0.9172088212896468,-0.2853981760787208
2022-07-28,56857.7890625,56914.21875,56236.44921875,56267.55078125,13900,69.23353772887113,98.49538857324384,85.3006559445098,88659900,702.291484881253,54087.855625,57060.64140625,668.6741103671229,1.2351719904361222,0.0,0.0125305775909935,0.0,0.0186588571974846,2.6578947368421053,2.15173376769788,1.6445207099634196,1.0310399299740254,1.694387334234951,-0.94596696595987,-1.1469526293074566,1.851558395704192,-1.5052162800662476,1.9061425502853857,1.1445772116847104
2022-07-29,57570.25,57619.26953125,57104.80859375,57258.12890625,16800,72.58614021152903,98.89979730108854,95.05389868809192,88676700,706.5192694433064,54152.7328125,57047.81375,799.6437560448467,1.227229809568842,0.0,0.0094710375584611,0.0,0.0125305775909936,0.2086330935251799,2.383228223093114,1.862415294539156,1.0064792053097025,1.786974434404519,-0.8442018890162576,-1.1250917624589107,2.030843417309458,-1.4744930284962452,1.069105055729474,-0.1001946056578516
2022-08-01,58115.5,58170.671875,57540.359375,57823.1015625,72600,74.84528087710245,98.898083661071,98.76442317846778,88749300,701.0759287687845,54229.270625,57036.96970703125,936.638278942839,1.2063493022838734,0.0,0.0003589296315096,0.0,0.0094710375584612,3.321428571428571,2.437358417280588,1.9596034898497336,0.9731817244214788,1.8780684650636192,-0.8511419755660274,-1.1651819704766408,2.986693525765208,-1.4398048225404882,0.6674181480141445,1.37146077186066
2022-08-02,58136.359375,58328.41015625,57744.69921875,58049.01953125,15500,74.9303968067047,96.28142991556165,98.0264369592404,88764800,692.6927151067284,54310.945625,57023.96625,1034.9602253279518,1.191496548035656,0.0,0.0036839574631516,0.0,0.0003589296315096,-0.7865013774104683,2.1742722426705887,1.8090587168805925,0.8190186649665785,1.890378829897392,-0.9028919060459656,-1.1834916195162029,2.733337166868655,-1.4192888357561473,-0.3933690340958348,-0.6301005106378923
2022-08-03,58350.53125,58415.62890625,57788.78125,58174.109375,7200,75.83453007488427,98.7119597225593,97.96382443306398,88772000,687.9894966169621,54402.971015625,57009.18916015625,1117.283606680081,1.1790629526050154,0.0,-0.0008865466627606,0.0,0.0036839574631517,-0.5354838709677419,2.088887662463413,1.7775861172841596,0.90835482392388,1.88183197091832,-0.916383050033607,-1.2021123928309398,2.4566558531928298,-1.4099374812053822,-0.0427794866253451,-0.4948238157412534
2022-08-04,58298.80078125,58712.66015625,57577.05078125,58571.28125,8900,75.12973074821137,91.1524865781648,95.38195873876192,88763100,719.9623450728934,54483.89640625,56991.85521484375,1164.9227585892368,1.2349522381675593,0.0,0.0015288291535263,0.0,-0.0008865466627606,0.2361111111111111,1.8823472199216784,1.601307522097889,0.5025652944263114,1.8248285287503925,-0.4391410932898402,-0.8413860946599775,2.067850355757121,-1.414590349461711,-0.6440854633984013,-0.1243549674019754
2022-08-05,58387.9296875,58649.19140625,58244.859375,58421.0390625,9300,75.55134024415122,92.75129290161917,94.20524640078106,88772400,697.4173226569725,54553.961796875,56975.214609375,1196.0814056423987,1.1944546182569638,0.0,0.0079663832488922,0.0,0.0015288291535262,0.0449438202247192,1.7675209275203276,1.527772208232376,0.5434623947471799,1.7501299301240123,-0.724786962540742,-1.048552152046346,1.9729010091344408,-1.4180840568037305,-0.2706077141942514,-0.2199413394592415
2022-08-08,58853.0703125,58934.8984375,58266.6484375,58417.7109375,9800,77.67806870186331,97.83346382056266,93.91241443344886,88782200,695.3339424671888,54612.5084375,56963.18015625,1243.9681287678975,1.1814743713031135,0.0,-0.0006079759273391,0.0,0.0079663832488923,0.053763440860215,1.830160983618968,1.5945050579627655,0.8022268672593802,1.7064912711854046,-0.7208626275993786,-1.0929468909319058,1.8963312863919508,-1.4027107494653492,0.6482557157876492,-0.2155429718223735
2022-08-10,58817.2890625,58984.3203125,58583.359375,58977.33984375,9800,77.12230153416422,95.63469012527295,95.4064822824849,88772400,674.3072992552468,54677.526015625,56952.6491015625,1264.455596985681,1.1464440303236676,0.0,0.0087612419445653,0.0,-0.0006079759273391,0.0,1.6630063289348669,1.4353065977511958,0.6188749481502867,1.6245234804639352,-1.049396603989964,-1.2849464146850935,1.624380982492751,-1.3840026420837097,-0.5686829832388972,-0.2410605506340261
2022-08-11,59332.6015625,59484.98828125,59251.140625,59320.44921875,10700,79.40740277054303,96.47823622024498,96.64879672202686,88783100,673.8352935048721,54756.554609375,56945.20400390625,1307.204831663592,1.1356914676917798,0.0,0.0021940667368659,0.0,0.0087612419445652,0.0918367346938775,1.7560686049498997,1.5297843905295596,0.6354582397334493,1.5858545452793755,-1.022335437683199,-1.3109858471815663,1.6109484468966562,-1.354035982808868,0.7127900553615996,-0.1988609492485928
2022-08-12,59462.78125,59538.078125,59113.01171875,59235.98046875,14200,79.95217823179387,98.28092852690128,96.79795162413971,88797300,656.0660872723812,54829.448046875,56937.68265625,1336.1856050532588,1.1033222353224206,0.0,0.0063809609897787,0.0,0.0021940667368658,0.3271028037383177,1.6755975207637035,1.4773149930067333,0.7256399222282154,1.531385890752793,-1.3188646248945424,-1.4827599145692396,1.6338653553287017,-1.3287963121194828,-0.2384406405554958,-0.0884295725047433
2022-08-16,59842.2109375,59923.03125,59673.9609375,59675.12109375,0,81.48927956898912,98.3038912129432,97.6876853200298,88797300,642.0792238957825,54910.90765625,56930.14240234375,1373.9320481072357,1.0729537124996578,0.0,0.0069836652456988,0.0,0.0063809609897786,-1.0,1.710551948024161,1.5203210534054905,0.677429121572717,1.498557601944318,-1.5735025509067433,-1.6618495833239328,1.5142006935400631,-1.3078166480914502,0.326052575213424,-0.707829019727682
2022-09-29,56409.9609375,57166.140625,56314.05078125,56997.8984375,11400,32.569869228286365,2.198730175787372,3.033367067588522,88769000,799.04434161765,58402.742734375,56910.69369140625,-407.5386574757358,1.416495116000806,0.0,0.0180280383215785,0.0,-0.0033273150410375,-0.5746268656716418,-2.423397556123901,-2.0690453896420853,-1.6125856761330104,-2.3110788850689,1.1396360361842253,1.5561277148724433,-2.135829604591636,0.3811624455997955,-0.1185409151470428,-1.0061615925060026
2022-09-30,57426.921875,57722.62890625,56147.23046875,56240.1484375,12300,42.59661226442583,28.256178216933645,11.047398288467049,88781300,854.4982056092465,58455.92875,56906.41119140625,-425.97138382759294,1.487974938773865,0.0,-0.011111744464364,0.0,0.0180280383215785,0.0789473684210526,-1.3627424019023997,-1.1612987559784076,-0.6872964307011232,-2.1610375490104743,2.0395129116343518,2.0932985619370448,-1.4994168915281794,0.2658738724928782,1.852576072163581,-0.1176808793315662
2022-10-03,56788.80859375,57454.83984375,56683.3984375,57403.921875,8100,38.70726627584917,14.166341784860393,14.87375005919379,88773200,848.5655770835859,58483.754296875,56899.76978515625,-486.46222737873177,1.4942478951336486,0.0,0.0224808406420856,0.0,-0.0111117444643641,-0.3414634146341463,-1.7816933477604135,-1.4571523665871715,-1.1029839130475316,-2.113568679419888,1.8232440289490832,1.9976000020873936,-1.6968688720184055,0.0763397186203019,-0.9001120572864679,-0.6639265837677992
2022-10-04,58065.46875,58099.94140625,57506.6484375,57506.6484375,6400,48.7830228153692,42.35558859958116,28.259369533791727,88779600,881.606093899044,58531.4246875,56901.15697265625,-426.4697735099253,1.518296696604286,1.0,0.0026975208479652,0.0,0.0224808406420857,-0.2098765432098766,-0.6131576059948356,-0.4191084901417052,-0.120031059318072,-1.8420202239958243,2.217046822082195,2.0208158020022866,-1.3957444437020392,0.1498998203605108,2.0445388613807545,-0.4806029705700816
2022-10-06,58222.1015625,58578.76171875,58173.69921875,58314.05078125,9600,49.8718095620569,52.4148132359573,36.31224787346628,88789200,855.2980135312553,58574.422109375,56902.76177734375,-362.1121590997791,1.4690263500933811,0.0,-0.0005292234250067,0.0,0.0026975208479651,0.5,-0.4487121719097688,-0.2714959048947952,0.2291017554463295,-1.5947500905746832,1.613291955922603,1.4656452981452164,-0.9927499131730244,0.2242318054647799,0.2779813704999909,0.458719583403409
2022-10-07,58191.2890625,58269.33984375,57851.1484375,58092.55859375,7300,49.64821491875495,51.63643647910826,48.80227943821556,88781900,824.0761130111656,58622.923515625,56908.65953125,-310.0208696433983,1.4161502972138522,0.0,-0.0034400284084615,0.0,-0.0005292234250068,-0.2395833333333333,-0.4487946139568802,-0.2534085763939047,0.2039195270605122,-1.3938227113819202,1.003501751075888,0.9394938692621466,-1.1858388542483884,0.4383668503534587,-0.0072572455560483,-0.5227496481702463
2022-10-10,57991.109375,58125.01171875,57365.6796875,57424.0703125,6800,48.13822484256743,46.579553203057856,50.21026763937446,88775100,824.1856317246538,58677.3759375,56919.50501953125,-281.6443544608337,1.4212275650652766,0.0,-0.0145503176537567,0.0,-0.0034400284084615,-0.0684931506849315,-0.5991220027287225,-0.3743415157337406,0.0226889105353036,-1.252040838442575,0.9519854130207658,0.9267832157479906,-1.3440597409682589,0.7984687490680548,-0.2745202278949166,-0.2999237742798328
2022-10-11,57147.3203125,58027.51953125,57050.3984375,58004.25,52700,42.298481035891,27.38615176769217,41.86738048328609,88722400,835.1095932978927,58703.9959375,56923.6465625,-323.5132281273691,1.4613276505901656,0.0,0.0083746681582428,0.0,-0.0145503176537566,6.75,-1.2557726814286547,-0.9213537996253812,-0.6428000238564604,-1.2601814494808494,1.1172646963488473,1.234983973573279,-2.6618191590340388,0.9006691006804669,-1.195765402025156,4.497612483335211
2022-10-12,57625.91015625,57687.640625,57085.921875,57312.48828125,7600,46.27919101631059,44.66841072442117,39.54470523172372,88730000,818.4388187766147,58719.358359375,56927.1233203125,-314.4516090982652,1.4202618519298966,0.0,-0.0067778891507475,0.0,0.0083746681582428,-0.8557874762808348,-0.8307284710733052,-0.4917108137082105,-0.0711463262871022,-1.1599103645185702,0.7235298724325531,0.7859445201041132,-2.152874593326288,0.9598385199336664,0.758315667220426,-0.8307570900671135
2022-10-13,57235.328125,57568.140625,57055.75,57512.73828125,9500,43.63357073373346,36.31725725848404,36.12393991686579,88720500,800.7046285961422,58712.659921875,56926.7235546875,-334.9260968635208,1.398969229017838,0.0,0.011961853761103,0.0,-0.0067778891507475,0.25,-1.0861502640014944,-0.7130941097252613,-0.3287497249109298,-1.1287934311555832,0.3504229713341614,0.5560336222845006,-2.1321586716452026,0.8884026312861192,-0.5488833294595232,-0.0675757003105013
2022-10-14,57919.96875,58435.12109375,57848.23046875,58162.73828125,9400,49.12381172385723,72.90625120487347,51.297306395926206,88729900,829.2109386071321,58708.749296875,56930.70185546875,-292.53533403728943,1.4316494923991685,0.0,0.0084774168451187,0.0,0.011961853761103,-0.0105263157894737,-0.4852126932315494,-0.1141406898529899,0.931820616592041,-0.9691294155539149,0.9136482160339656,0.8410466375159052,-1.7345182277461766,0.9564685835390152,1.2303923137308053,-0.2376422317064325
2022-10-17,58410.98046875,58449.0,57639.80078125,57752.5,53500,52.68338873211667,93.0997699494917,67.44109280428306,88783400,827.7815300459084,58714.24171875,56935.65556640625,-216.8204359222873,1.4171676684810544,0.0,0.0094095508984658,0.0,0.0084774168451187,4.691489361702128,-0.0630165844060022,0.2727935698616398,1.5213271862550408,-0.7459171420919861,0.8473667438502002,0.6748728494041684,-0.4284372120312562,1.0507241764785604,0.8476621649063051,2.572365531572445
2022-10-18,58960.6015625,59143.66015625,58744.12890625,58744.12890625,8600,56.36372667065631,93.89077626237476,86.63226580557996,88792000,820.9885412926293,58726.443125,56940.971171875,-111.18434090715164,1.3924358292415944,0.0,0.0024862338555791,0.0,0.0094095508984659,-0.8392523364485981,0.407625000227396,0.6751177336479586,1.458929960774194,-0.4616121376495841,0.6714987746725235,0.4134659286624986,-0.1991092439259204,1.1579793892541357,0.9278926498764306,-0.7925975818242637
2022-10-19,59107.19140625,59399.69140625,58961.76953125,59196.9609375,6800,57.31729361378262,91.00680974742684,92.66578531976442,88798800,793.7100628967272,58742.6109375,56947.4746875,-15.460183876406518,1.3428316318423483,0.0,0.0016192112833139,0.0,0.0024862338555791,-0.2093023255813954,0.534402316436663,0.7807583069347447,1.294279395288221,-0.1989663928463736,0.1010700591142974,-0.0731026063169091,-0.0278915599279869,1.312876475806113,0.2420702301871249,-0.4036429690250713
2022-10-20,59202.8984375,59273.8515625,58791.28125,58824.48046875,8600,57.96318278962187,93.94941330482928,92.9489997715436,88807400,771.4857950112466,58758.9103125,56954.517578125,67.34830841407529,1.3031216635883085,0.0,0.0017608935162195,0.0,0.0016192112833139,0.2647058823529411,0.608578491696573,0.8396345321799097,1.3047763589927983,0.0357238675488845,-0.3773373262594089,-0.4726949050205601,0.1725476690311028,1.5068975172276693,0.1433124271007121,-0.1292224660445989
2022-10-21,59307.1484375,59590.9296875,59132.94140625,59381.359375,10800,58.696363863453264,90.2397867606754,91.73200327097716,88818200,749.0931154568718,58767.991875,56959.78421875,139.77549401586293,1.26307390456699,0.0,0.0088439881627886,0.0,0.0017608935162196,0.2558139534883721,0.7137898397004339,0.9351800889349442,1.1603213109447368,0.2524535448060689,-0.8586575501959863,-0.8790949616267668,0.4260775787467319,1.661897118544502,0.1915533032290007,-0.1328092794266123
2022-10-24,59831.66015625,59994.25,59776.66015625,59804.01953125,2100,62.26265337094668,94.47696868207838,92.888722915861,88820300,744.6651473885239,58788.279296875,56963.02642578125,236.7689475469961,1.244600509903679,0.0,-0.0048084779529545,0.0,0.0088439881627886,-0.8055555555555556,1.156685034580626,1.314758314955511,1.271964608351855,0.5376096340581117,-0.9989649761269196,-1.0982642043966877,0.4810006432813689,1.746290952515759,0.8616143954561654,-0.7535614908310746
2022-10-25,59543.9609375,60081.23828125,59489.01953125,60002.9609375,14900,59.24117067109859,82.27298796873288,88.99658113716221,88805400,733.7761190036293,58792.506484375,56961.46658203125,287.11238289136963,1.232326683429464,0.0,0.0035751552785251,0.0,-0.0048084779529545,6.095238095238095,0.9473903268035156,1.031295396327229,0.9306834001714386,0.7174250627357918,-1.3124025142677016,-1.2929780299294018,0.1522111919037174,1.6458605574844405,-0.4465227307130879,2.793479298787379
2022-10-27,59756.83984375,59959.94140625,59496.80078125,59792.3203125,9500,60.75862401085819,89.29674762693406,88.68223475924843,88814900,714.4450122890843,58798.38765625,56959.1350390625,340.265102444464,1.1955870058677618,0.0,0.0033972967660409,0.0,0.0035751552785252,-0.3624161073825503,1.1994537742890123,1.2687741104142192,1.1667049570879626,0.9232857144014176,-1.8506671310981695,-1.7756644205680532,0.419976902092637,1.494716450389585,0.3942614499310876,-0.5170579304138447
2022-10-28,59959.8515625,60133.171875,59739.05078125,59746.80078125,10000,62.20378143093075,94.37777974885644,88.64917178150777,88824900,691.5647323934354,58800.74046875,56960.92509765625,394.2259730778605,1.153379660509288,0.0,0.0131210845382085,0.0,0.0033972967660409,0.0526315789473683,1.4202977810407351,1.4598778598666475,1.3129555312903216,1.145741183612308,-2.242988633580471,-2.140935909025941,0.6732952531780364,1.516859702286825,0.3530644365222009,-0.2828330309400942
2022-10-31,60746.58984375,60786.69921875,60246.9609375,60246.9609375,8000,67.23903628075723,98.92649501878216,94.20034079819084,88832900,701.22779838319,58810.4696875,56965.9348046875,494.7701537242247,1.1543492403225608,0.0,0.006169263488106,0.0,0.0131210845382085,-0.1999999999999999,2.026602847072193,1.9190280494410603,1.3957371357696835,1.4895438382206745,-1.932695750322538,-2.024664878061527,0.8530112371072883,1.643602787425389,1.2263756168256723,-0.4181876433541917
2022-11-01,61121.3515625,61289.73046875,60868.69140625,61065.578125,58200,69.334737717038,96.0231534487992,96.44247607214592,88891100,689.9358574272479,58826.93671875,56969.56341796875,597.8011998434667,1.1287967948839448,0.0,-0.0035218743245538,0.0,0.006169263488106,6.275,2.104762099677961,1.9319580525893811,1.224819872759946,1.7691604697468435,-1.974926077226215,-2.057242860531208,2.050752951135354,1.6795899042199267,0.5002092321595972,2.4826697001761664
2022-11-02,60906.08984375,61209.6484375,60794.390625,61156.890625,10800,66.69557581365467,90.93900815481884,95.2962188741334,88880300,670.3159970753017,58852.135546875,56971.0094140625,654.5391051381011,1.1005730277463994,0.0,-0.0011440512382055,0.0,-0.0035218743245538,-0.8144329896907216,1.7819867640866305,1.538965315988298,1.0101886151405608,1.8583322034645389,-2.114826327977181,-2.08314070538446,1.7505604576807074,1.605431689280212,-0.4679905739911724,-0.6869077264147648
2022-11-03,60836.41015625,60994.37109375,60485.140625,60511.5703125,25000,65.82217923301106,87.58002615632579,91.51406258664792,88855300,658.8098879092087,58893.386328125,56969.44126953125,685.9742512505545,1.0829203863560417,0.0,0.0018730431078582,0.0,-0.0011440512382054,1.3148148148148149,1.6394703042173986,1.377365926652537,0.8719364657348585,1.8567313012586768,-2.0706486491432856,-2.0094506798652785,1.227358388834759,1.4184629367384018,-0.1884736734074632,0.2642244898892368
2022-11-04,60950.359375,61004.48828125,60666.01171875,60698.26953125,13600,66.59263294308715,90.7019827008654,89.74033900400333,88868900,635.9289360942652,58931.7675,56968.0165625,711.8755227631627,1.0433555152344254,0.0,0.0038521358185182,0.0,0.0018730431078581,-0.4559999999999999,1.61734547821104,1.3625170322895082,0.9049799864411702,1.823067875481212,-2.1767641630407994,-2.083024125463526,1.5245185370058738,1.263862836090474,0.1050459446075295,-0.552884005310067
2022-11-07,61185.1484375,61401.5390625,60714.359375,61188.12890625,17000,68.18409977572195,91.85708594922512,90.04636493547208,88885900,639.5897040518176,58973.761875,56967.8271484375,742.7856120079305,1.0453348898959556,0.0,-0.0024776871531962,0.0,0.0038521358185183,0.25,1.6510608812659258,1.402925612008599,0.877092390741743,1.7838284599906191,-1.9241398451844711,-1.884816171339704,1.8169474647758557,1.18093867622261,0.2812652133879566,-0.2270299513390953
2022-11-09,61033.55078125,61447.23046875,60905.1484375,61304.2890625,9100,65.99792473604016,84.42441276438656,88.99449380482567,88876800,632.6248702802593,59018.938515625,56966.4503515625,746.4448647694007,1.0365198520853662,0.0,-0.0068790289459773,0.0,-0.0024776871531962,-0.4647058823529412,1.432753657934939,1.1285189688928845,0.6189866060334799,1.6656755172188074,-1.832020210322678,-1.767548894666128,1.539486817118066,1.0692224404712882,-0.4705109806448047,-0.5409855424700791
2022-11-10,60613.69921875,60848.73046875,60425.46875,60524.26953125,10200,60.23747308356492,68.61644627406339,81.632648329225,88866600,630.8718103495265,59054.535078125,56965.74455078125,707.3128741720429,1.040807306732362,0.0,0.0194896510025999,0.0,-0.0068790289459773,0.1208791208791209,1.0856110327963868,0.5706134261707775,0.1032970565610821,1.4596278624395724,-1.6916379344549672,-1.5949658299392382,1.257985709505684,0.98885115753213,-1.0667313445716495,-0.2694655130216546
2022-11-11,61795.0390625,61840.96875,61311.01953125,61311.01953125,14400,68.55420339658423,98.30394299355936,83.78160067733643,88881000,673.4716475567031,59130.9834375,56974.22564453125,762.8312978587637,1.089847433991503,0.0,-0.0027654424625763,0.0,0.0194896510025999,0.411764705882353,1.701185476578308,1.2543396137634963,0.9646938522254164,1.4650353082593928,-1.0715006347760054,-1.202427675665373,1.4463697985731576,1.2440959048300153,1.89089975270371,-0.1454796611399814
2022-11-14,61624.1484375,61916.23828125,61572.03125,61765.859375,20600,66.39091043835191,87.96606841678361,84.96215256146878,88860400,649.9527463919386,59172.725,56985.02328125,784.0031036206346,1.054704629389125,0.0,0.0040380248662158,0.0,-0.0027654424625763,0.4305555555555556,1.4949660497567798,1.008686955904212,0.5852825311370233,1.3999825041124705,-1.2742816147811469,-1.3156469546996452,0.9744045681946296,1.5370140893323765,-0.6494619232094434,-0.1290970454177371
2022-11-15,61872.98828125,61955.9609375,61436.8984375,61630.05078125,11400,67.97561535925345,96.63661828206423,94.30220989746904,88871800,640.6034430782287,59234.85296875,56999.20232421875,811.5066642902384,1.0353523579082688,0.0,0.0017411550943733,0.0,0.0040380248662157,-0.4466019417475728,1.5626598762788737,1.1390225368758329,0.8628646701115749,1.3592732308662228,-1.2917092207289926,-1.328859006975648,1.1180173232131907,1.8939170858096663,0.1064422373377644,-0.5374115416808731
2022-11-16,61980.71875,62052.5703125,61708.62890625,61708.62890625,6600,68.66447687166271,97.1886525126208,93.93044640382288,88878400,619.413297590498,59298.40078125,57021.648359375,832.4009823870438,0.999364496060314,0.0,-0.0037127221519998,0.0,0.0017411550943733,-0.4210526315789473,1.516437094711934,1.1450290431349268,0.8342551360534286,1.3125219182485326,-1.4400904933003775,-1.4352445301468812,1.1624926549161188,2.399503032165801,-0.1029381298050715,-0.5161920616452161
2022-11-17,61750.6015625,62050.80078125,61643.26953125,61812.359375,9100,65.4270237853023,86.94764639238444,93.5909723956898,88869300,604.2788656197481,59348.493203125,57041.110625,820.9281969086151,0.9785797228357942,0.0,-0.0014108541705755,0.0,-0.0037127221519999,0.3787878787878789,1.3023565100569634,0.7501563244656617,0.3629571516896286,1.2130890525320173,-1.5059398959082693,-1.455059788523767,0.9260375115878808,2.6640410206046834,-0.8367688906002995,-0.158663887424022
2022-11-18,61663.48046875,61929.87890625,61337.4296875,61858.19921875,10600,64.19301545845818,78.45105097828815,87.52911662776445,88858700,603.4338908433375,59397.823046875,57063.0433203125,795.6344093895241,0.9785920065753464,0.0,-0.0084108230845457,0.0,-0.0014108541705755,0.1648351648351649,1.1641129228534577,0.5554859059941425,-0.0904077095610846,1.0911255133661946,-1.4357178214904884,-1.37521167009084,0.6769848673298834,2.8420773144762284,-0.4981021705879241,-0.2641196330437357
2022-11-21,61144.83984375,61456.328125,61059.328125,61456.328125,7900,57.26828321321947,44.21181260773327,69.87016999280193,88850800,603.485208908099,59440.141640625,57082.7663671875,725.3772392889296,0.9869765142083124,0.0,0.0044831435400025,0.0,-0.0084108230845457,-0.2547169811320755,0.7695659564963331,-0.3178659599256246,-1.7123692343609211,0.8783421206870743,-1.3525589269947775,-1.248829435438394,0.4894720631491219,2.8587478825439163,-1.4059838864227687,-0.4457209780173999
2022-11-22,61418.9609375,61466.62890625,61073.6796875,61126.55859375,9700,59.740272835306456,61.059015023839365,61.24062620328692,88860500,588.4469238968062,59474.756484375,57099.7903125,683.9332503720652,0.958086745387325,0.0,0.0014916759596963,0.0,0.0044831435400025,0.2278481012658229,0.8896137354246905,-0.0554576572304556,-0.9387195535659856,0.7311773903277644,-1.4327986736900131,-1.3304062295767047,0.6275990907756256,2.7700837155758107,0.3707414320915494,-0.2302254438539116
2022-11-23,61510.578125,61780.8984375,61442.69140625,61779.7109375,9800,60.56144918492522,66.68971378361638,57.32018047172966,88870300,572.2676793327486,59509.105234375,57113.0303515625,650.977271159456,0.9303565285466884,0.0,0.0123897642605679,0.0,0.0014916759596963,0.0103092783505154,0.8917957401547278,-0.0038143498366949,-0.7265559055291168,0.6032907490664954,-1.519126765661562,-1.4022659752629951,0.7605945151660994,2.608727389875143,-0.0702270092825766,-0.3324959768396959
2022-11-24,62272.6796875,62412.328125,61600.421875,61656.0,7700,66.65436499937033,92.97139801351064,73.57337560698879,88878000,595.8021308089808,59552.25625,57126.602109375,678.5329417631438,0.9567632769279658,0.0,0.0003365992535601,0.0,0.0123897642605679,-0.2142857142857143,1.3627817789574233,0.7776385501558155,0.5742996353045802,0.6203234168295421,-1.169207741183701,-1.1831695170433882,0.8690528754391514,2.479408429825165,1.4347765259199232,-0.3863367697187233
2022-11-25,62293.640625,62447.73046875,62115.66015625,62327.87890625,7100,66.8062598160185,92.38032138366115,84.01381106026271,88885100,576.9641437869108,59586.7075,57144.13021484375,694.0616708200178,0.9262007132640768,0.0,0.0033897546223242,0.0,0.0003365992535599,-0.0779220779220779,1.3214978215539157,0.7631179968252488,0.4913777820776062,0.6117116894755602,-1.322415438104428,-1.30146762005722,0.9820831559891178,2.418502180937191,-0.348389500294252,-0.3287180213615263
2022-11-28,62504.80078125,62701.3984375,61959.73828125,62016.3515625,7000,68.36939800835195,91.36187478331314,92.23786472682832,88892100,588.7281446771314,59629.864140625,57163.4301171875,715.1632041030971,0.9418926823517472,0.0,0.0028324074357038,0.0,0.0033897546223242,-0.0140845070422535,1.4650989448578882,1.0471635120708722,0.3797602103916039,0.6257846529059277,-1.1064647368905416,-1.139708955950624,1.1478530630988508,2.3772394666325267,0.068227872832351,-0.2885071010832434
2022-11-29,62681.83984375,62887.3984375,62362.078125,62362.078125,11200,69.65944780465335,91.65050915979909,91.79756844225778,88903300,584.1990138073363,59684.820703125,57188.733359375,737.6685106171572,0.9320068065385396,0.0,0.0066655445148306,0.0,0.0028324074357037,0.6000000000000001,1.565369436740908,1.3016587460349842,0.3598422163248413,0.6550263139544831,-1.1165601545472,-1.162555201948345,1.4921162733674027,2.389584247652465,0.0292111882803102,0.0372803861228163
2022-11-30,63099.6484375,63303.01171875,62648.37890625,62743.46875,8900,72.50903501280935,90.9361871782417,91.3161903737846,88912200,589.2299994282408,59769.997890625,57215.1887109375,780.2238549872345,0.9338086883508888,0.0,0.0029246275267728,0.0,0.0066655445148307,-0.2053571428571429,1.833000720755404,1.850658804878501,0.3080673620980301,0.768302348119543,-1.013020161403697,-1.117981232880941,1.674851108334737,2.3835033192848853,0.6755588598543277,-0.3490066188896186
2022-12-01,63284.19140625,63583.0703125,63183.76953125,63357.98828125,17300,73.6846689836971,88.15731227498847,90.24800287100976,88929500,581.6722762547951,59852.857109375,57239.27982421875,819.394873240286,0.9191430961340348,0.0,-0.0065686452969192,0.0,0.0029246275267729,0.9438202247191012,1.862679963510252,1.9568430235847227,0.0964590711391365,0.894447988971092,-1.0995305921826937,-1.2045321966836038,2.048518151145519,2.3342134468383398,0.0927820310934544,0.3157616084114256
2022-12-02,62868.5,63148.58984375,62679.62890625,62978.578125,6400,66.75916671105632,71.68608124715591,83.59319356679535,88923100,583.3072922365953,59915.83234375,57258.99216796875,807.5860161224118,0.9278212335853334,0.0,-0.0005391959009678,0.0,-0.0065686452969192,-0.630057803468208,1.4216128877086944,0.3741647089168304,-1.179672445744807,0.8257819433827778,-1.0436521054110977,-1.103790100657447,1.7492042390688418,2.243179009415224,-1.41486762746774,-0.6368524577650437
2022-12-05,62834.6015625,62939.62890625,62507.87890625,62865.28125,13100,66.21264378370834,70.34289977371154,76.72876443195196,88910000,572.4817713625528,59983.38875,57282.40056640625,786.4266542366458,0.9110931829385748,0.0,-0.0033141323780475,0.0,-0.0005391959009678,1.046875,1.327815902884196,0.1930768057220032,-1.2006058059143092,0.7022962601014636,-1.194249010925615,-1.2179035570897212,1.2827761227714432,2.1898314073809075,-0.4150704114127179,0.3689766157170739
2022-12-06,62626.359375,62677.83984375,62390.0703125,62395.55078125,6100,62.81086570625895,62.09157408238634,68.04018503441792,88903900,563.3424484080847,60053.5215625,57313.5031640625,744.2747670983736,0.8995292941025835,0.0,-0.0034439122703673,0.0,-0.0033141323780475,-0.5343511450381679,1.085781767176969,-0.7012588056449415,-1.6889957670367834,0.4321232801556627,-1.3126582402856974,-1.2841835118571607,1.0304198612235105,2.190282728928734,-0.829899114998954,-0.5737402249188859
2022-12-07,62410.6796875,62759.96875,62316.6484375,62615.51953125,4800,59.40658881882064,53.54554713208002,61.99334032939262,88899100,554.7694387003643,60139.75671875,57334.84630859375,685.5628033336543,0.8889014532099014,0.0,0.0025636637960224,0.0,-0.0034439122703673,-0.2131147540983606,0.8209090273110026,-1.5009084771076162,-2.0703948667156524,-0.0270107747756828,-1.4346741235723,-1.350035226480126,0.8227481617904974,2.1099618277309973,-0.7942067914091109,-0.3941148505147984
2022-12-08,62570.6796875,62633.55859375,62320.1796875,62504.0390625,13700,61.091325208976336,59.88533892192584,58.50748671213072,88912800,537.5272578110526,60248.2659375,57357.71630859375,644.5142527677453,0.8590721093260499,0.0,-0.0062170942435473,0.0,0.0025636637960224,1.8541666666666663,0.946252489401536,-1.122496067349247,-1.5111046545290885,-0.4847405858993548,-1.7241690474819316,-1.6248795177450377,1.2593894517995925,2.049871170765392,0.1482024344637752,1.2202311354882638
2022-12-09,62181.671875,62735.421875,61889.109375,62690.859375,7300,55.10338181425676,44.15383465856377,52.5282402375232,88905500,559.5833465388345,60349.748984375,57379.164609375,573.9768534324321,0.8999168559889007,0.0,-0.000821810687283,0.0,-0.0062170942435473,-0.4671532846715328,0.4679483011680871,-2.377016927644259,-2.238797086569844,-1.3716384049334491,-1.2074209200574924,-1.1278053860871524,0.9650142004997412,1.987657530778716,-1.2243666414349443,-0.5898514861153241
2022-12-12,62130.5703125,62239.421875,61676.1484375,61770.55859375,7000,54.34975512338699,32.138183769301946,45.39245244993051,88898500,559.846924464632,60460.394765625,57400.6526171875,508.0949845408686,0.9010812578232472,0.0,0.0064820018024037,0.0,-0.000821810687283,-0.0410958904109589,0.3508033233681331,-2.2718307416566046,-2.527822519597956,-2.340083870977719,-1.142128507283357,-1.065259496061724,0.6448706863024558,1.9326274547505484,-0.3280840948201038,-0.2548963183537948
2022-12-13,62533.30078125,62567.921875,62129.5703125,62300.671875,12000,59.09755376577839,47.05215955614925,41.11472599467164,88910500,551.1686843243011,60582.8615625,57424.901171875,482.81452653988526,0.8814002738354788,0.0,0.0023125178615768,0.0,0.0064820018024038,0.7142857142857142,0.8246984560707179,-1.182703692315051,-1.5871666531805115,-2.5934141979574528,-1.303698564580664,-1.275699591283292,1.1362037476352047,1.8979107357084712,0.9408653644387702,0.3105668277667251
2022-12-14,62677.91015625,62835.109375,62591.28125,62685.94140625,5700,60.67895081006308,52.53291872536729,43.907754016939485,88916200,533.3572492832797,60687.881328125,57451.78732421875,469.04153065261926,0.8509493184339927,0.0,-0.0140221475805278,0.0,0.0023125178615768,-0.525,0.9547386384268388,-0.7987753651163374,-1.2112813816355903,-2.464845088843606,-1.6756030282033476,-1.617103640622752,1.3226784122305657,1.8783294597330604,0.2527418346127684,-0.9853372548554432
2022-12-15,61799.03125,62624.80859375,61715.609375,62530.0703125,5600,48.42494567566312,6.444040215333939,35.34303949895014,88910600,563.9960729951882,60788.08578125,57474.6221875,382.7955210611472,0.9126293108278914,0.0,-0.0074632667684414,0.0,-0.0140221475805277,-0.0175438596491228,-0.2906224250297993,-2.760175282463123,-2.9246878405167505,-2.787393787821317,-0.8391771342567927,-0.7051664888724161,1.0047998867604586,1.8371961923845428,-2.293491890498354,-0.2227203385207188
2022-12-16,61337.80859375,61893.21875,61292.53125,61534.23828125,7000,43.46429229281749,1.9767112681580823,20.317890069619757,88903600,566.6168892098177,60853.532578125,57508.6616796875,274.0688284773787,0.9237644809950922,0.0,0.0076361191121478,0.0,-0.0074632667684414,0.25,-0.997235854024634,-2.93073020464972,-2.6220326042178703,-2.9913901517163226,-0.7179770820253757,-0.4889243879551591,0.6397999669475045,1.8558557410851448,-1.194581534256458,0.3038919030435311
2022-12-19,61806.19140625,61844.921875,61265.30859375,61405.80078125,4800,49.16003053356795,23.33642876765198,10.58572675038132,88908400,567.5452029269736,60925.214375,57538.4000390625,223.12467741058936,0.918265937463317,0.0,-0.0016810992780165,0.0,0.0076361191121478,-0.3142857142857143,-0.371543616503891,-1.8760312922715157,-1.646839777668898,-2.767083544494217,-0.6403923685008951,-0.5259342535195155,0.8052767107192781,1.8473661119957847,1.0791057889728572,-0.7228403344191008
2022-12-20,61702.2890625,61780.37109375,61102.6796875,61608.8515625,4500,48.00466421470536,24.173989731960063,16.495709922590027,88903900,577.2570969143327,60995.434375,57565.675078125,172.37993131938856,0.9355521580886772,0.0,-0.0102921753941209,0.0,-0.0016810992780165,-0.0625,-0.570648668180726,-1.842322053483101,-1.491469672558536,-2.593691546899635,-0.3096858406381708,-0.1937521916294489,0.5652727448717835,1.827160637508364,-0.3001420749442027,-0.2487918362894001
2022-12-21,61067.23828125,62006.4609375,60938.37890625,61993.7109375,6600,41.57346996228038,5.830184477584506,17.780200992398836,88897300,612.3160207954518,61056.956953125,57593.66677734375,79.99888637534605,1.0026915217213228,0.0,-0.0039467894411724,0.0,-0.0102921753941209,0.4666666666666665,-1.569217160539782,-2.333978332324308,-1.93195757949776,-2.6031043887468117,0.7841591398117074,0.9897553087218656,0.2296443120681714,1.8134137132849717,-1.5045180410219643,0.6586712852121938
2022-12-22,60826.21875,61464.37890625,60637.23828125,61257.171875,9100,39.415225321771686,8.208010695404912,12.73739496831648,88888200,627.6606353814908,61130.534921875,57622.28447265625,-12.51772268480272,1.031891589318119,0.0,-0.0161267576327847,0.0,-0.0039467894411724,0.3787878787878789,-2.007465416239927,-2.267686315124422,-1.691131322663446,-2.5677759635698223,1.2658861406074022,1.5161343704288477,-0.2346256919377,1.80550163108644,-0.6020122548714261,0.4804699300082596
2022-12-23,59845.2890625,60546.87890625,59765.55859375,60205.55859375,8100,32.109158434957635,2.597463747367349,5.545219640118908,88880100,658.5891725863843,61174.9225,57649.841875,-163.11039462440385,1.1004862419472656,0.0,0.0120499511957721,0.0,-0.0161267576327848,-0.1098901098901099,-2.914921455457816,-2.5885024847971416,-1.7176382400070471,-2.669316321202461,2.3314107283932084,2.669542971142015,-0.6204866613983689,1.7936183339152465,-2.3602678502550734,-0.3778327068232565
2022-12-26,60566.421875,60833.78125,59754.1015625,59755.078125,6500,40.79723574993159,26.365409045842853,12.390294496205025,88886600,688.6670665087853,61241.544375,57688.460234375,-221.71103409703937,1.1370443311478606,0.0,0.0059605273239529,0.0,0.0120499511957721,-0.1975308641975308,-1.7933038945575568,-1.6106089323274366,-0.9143523122163616,-2.4679694378032204,2.940525563666865,2.9080618285041706,-0.3668077238083741,1.8289051687885047,1.8509086884395136,-0.5005693167517836
2022-12-27,60927.4296875,60986.6796875,60405.66015625,60861.41015625,11100,44.61813913226083,38.08260791289376,22.34849356870131,88897700,680.9779568474435,61301.69359375,57725.97693359375,-236.2982505317559,1.1176869931001774,0.0,-0.0002814567689455,0.0,0.0059605273239529,0.7076923076923076,-1.2571152242656116,-1.1750736053210742,-0.5008666597328643,-2.213062729518143,2.4746799818972467,2.3719559404527213,0.1477284946666666,1.8512513360427756,0.9399017195890996,1.0786965362538468
2022-12-28,60910.28125,61075.328125,60713.76953125,60811.51953125,10000,44.47131525689633,37.526022582910926,33.991346513882505,88887700,658.162288054769,61351.679609375,57757.29169921875,-246.4020903249766,1.080543833566306,0.0,0.0036709345558965,0.0,-0.0002814567689455,-0.099099099099099,-1.2020141386444054,-1.1107077626410098,-0.4697319356607142,-2.0105468397771284,1.7457079516553915,1.720177394105666,-0.3825102570437412,1.8403574740477555,0.0403410906196486,-0.4145337023587776
2022-12-29,61133.87890625,61210.6484375,60479.05859375,60628.2890625,7900,46.92383299349205,44.78331207574632,40.13064752385032,88895600,663.4071134615713,61395.14515625,57785.639140625,-233.67335302251013,1.0851709810184285,0.0,-0.0047950601245102,0.0,0.0036709345558965,-0.2099999999999999,-0.8954386292208762,-0.8318619231780773,-0.1883138563388135,-1.7963697217908028,1.7330446961888133,1.6515092902234816,-0.0209593391843541,1.8163323683052968,0.5800500107452266,-0.5817098939862738
2022-12-30,60840.73828125,61392.6796875,60743.7109375,61329.16015625,8000,44.16953429938286,35.268872553370066,39.19273573734242,88887600,662.3758017857447,61429.81609375,57812.091328125,-244.4221887197491,1.0887044117113824,0.0,0.0053755228895831,0.0,-0.0047950601245102,0.0126582278481013,-1.1820052145052593,-1.0112474560772915,-0.467060636605646,-1.671955800967168,1.5860577990787583,1.5769368460972777,-0.5351542544791992,1.7854741543450183,-0.6322829690613334,-0.1623289736502036
2023-01-02,61167.7890625,61222.7890625,60764.62890625,60871.23828125,18500,47.8475702297163,45.8839310392044,41.97870522277358,88906100,647.7889699617629,61469.11390625,57835.50017578125,-223.96868212962,1.0590361036261509,0.0,0.0020666131339296,0.0,0.005375522889583,1.3125,-0.8043271157759609,-0.6491630364760004,-0.1056696441119505,-1.493460003265937,1.183094729696186,1.153671925940258,0.4796857484295227,1.745605910828692,0.7829756444143284,1.992726897897466
2023-01-03,61294.19921875,61343.9609375,61004.0390625,61074.87890625,6700,49.23951480345645,53.64872275313274,44.93384211523573,88912800,625.7984631787798,61508.854921875,57863.0869140625,-195.30750430681653,1.0209750207281394,0.0,-0.0103884218754132,0.0,0.0020666131339295,-0.6378378378378378,-0.6509468598131944,-0.4936057384415796,0.1690574800297709,-1.3196493349606482,0.6516548546816372,0.6624486894326159,0.902033597602717,1.726143790487322,0.3114969294729415,-1.2717980088481398
2023-01-04,60657.44921875,61327.2109375,60593.55859375,61294.6484375,7900,43.01207599601087,40.10672836123232,46.54646071785647,88904900,633.5023117910098,61525.370703125,57882.29091796875,-221.4213108068143,1.044393260762416,0.0,-0.005014712808035,0.0,-0.0103884218754132,0.1791044776119403,-1.3159450752021675,-0.9819091084567512,-0.2668228097751359,-1.286829664125534,0.7749646701117189,0.8881819480430131,0.2595113440315287,1.678743317535483,-1.4149198397996705,0.0822466334979982
2023-01-05,60353.26953125,60877.05859375,60049.83984375,60847.5,8900,40.38449393580062,26.60179256474114,40.11908122636873,88896000,647.3392002345091,61541.556875,57894.7376171875,-263.6225723289608,1.0725834826551142,0.0,-0.0075041243170015,0.0,-0.005014712808035,0.1265822784810126,-1.5254288265587712,-1.1334476106768616,-0.681289380187913,-1.2920496343035108,1.0265259722154352,1.1495507211626772,-0.5444558979690843,1.614018780787994,-0.6011774093007065,-0.0245706710868556
2023-01-06,59900.37109375,60537.62890625,59669.91015625,60388.73828125,8600,36.7815975836512,9.863296759880766,25.52393922861806,88887400,663.0805966463298,61544.4275,57907.77703125,-329.8106432100831,1.1069724352935029,0.0,0.0141391027223263,0.0,-0.0075041243170015,-0.0337078651685393,-1.8216644235596735,-1.3499966395493466,-1.2130637344451032,-1.3475900842383408,1.276762521109539,1.4311872904477116,-1.3072323681974385,1.560628257808319,-0.922972018525708,-0.2965338197930521
2023-01-09,60747.30859375,60889.41015625,60109.94140625,60147.0703125,8000,46.41003516258561,46.1106365051316,27.52524194325116,88895400,686.3633442073062,61560.176640625,57921.5670703125,-310.34690223990765,1.1298662609028292,0.0,-0.0104009237549168,0.0,0.0141391027223263,-0.0697674418604651,-0.8955322750576385,-0.4655046947668955,0.1850367523359912,-1.2158008770290227,1.626226307213975,1.5517740526148291,-0.6231114923286543,1.517459992905213,2.0741245520722904,-0.3536811144140084
2023-01-10,60115.48046875,60809.6484375,59938.37890625,60805.140625,8500,41.35034716182781,24.83020740818139,26.93471355773124,88886900,699.5709289960702,61547.554453125,57933.72037109375,-341.96305928903166,1.1637117819589415,0.0,-0.0001660216082808,0.0,-0.0104009237549168,0.0625,-1.428182979780638,-0.8644155515842789,-0.5969171445769591,-1.2072597304272756,1.7248000239088508,1.7415194938223233,-1.283424482347566,1.4731514100004075,-1.2165718799980667,-0.1025314023271622
2023-01-11,60105.5,60364.76953125,59805.78125,60134.55859375,9700,41.27380107826078,25.284278358112505,32.075040757141814,88877200,689.5293112999224,61527.237421875,57946.26947265625,-363.63270053220185,1.147198361713857,0.0,-0.0024534984319238,0.0,-0.0001660216082808,0.1411764705882352,-1.3539684812853403,-0.8285127048206121,-0.5304162776733937,-1.1826967251000415,1.416315204910927,1.4519892137545096,-1.9034970879074165,1.4352246151066372,0.1962188240846702,0.0114583435724744
2023-01-12,59958.03125,60290.3515625,59632.3203125,60083.03125,6100,40.09281676897678,18.50252523011104,22.872336998801632,88871100,687.2794497784993,61508.27625,57959.2486328125,-388.2302661724898,1.1462675398944144,0.0,0.0050560105323671,0.0,-0.0024534984319238,-0.3711340206185567,-1.4314527988369623,-0.9209025682901064,-0.80682366292654,-1.173630045636856,1.2778978483388972,1.3389611592234307,-2.253866952591754,1.4037070583460565,-0.0941992476690152,-0.8068253707054626
2023-01-13,60261.1796875,60418.26171875,59628.4296875,60044.9609375,7200,43.66155377709144,35.86509848377497,26.550634023999493,88878300,694.6046341693208,61496.771640625,57972.58708984375,-378.89480530750734,1.1526568808831383,0.0,-0.0027913648284401,0.0,0.0050560105323671,0.180327868852459,-1.0535630158896614,-0.4793956469203475,0.1297950216260536,-1.0922851288224036,1.3113295288198803,1.3016502248789017,-1.5902945862051303,1.3788358736686954,0.8858265888770692,0.1127357348841086
2023-01-16,60092.96875,60586.76953125,59963.828125,60550.5,6500,42.16073785676102,26.33068230126116,26.89943533838238,88871800,689.4858321750836,61479.623828125,57983.33369140625,-380.6813445978187,1.147365235096799,0.0,0.0093646563267853,0.0,-0.0027913648284401,-0.0972222222222222,-1.1704690315822908,-0.6121188181725344,-0.3236892524907243,-1.0443942964417177,1.1388344043500551,1.168294503565224,-1.926980252919504,1.347681602756403,-0.1829730647278358,-0.3342983174751975
2023-01-17,60655.71875,60704.48046875,60072.33984375,60142.078125,6600,48.534428710780695,58.228089131358935,40.14128997213168,88878400,685.389745948292,61469.035234375,57993.19234375,-332.8510680349864,1.1299672315700522,0.0,0.0064300537408107,0.0,0.0093646563267852,0.0153846153846153,-0.4977152283829392,0.2889733022043154,1.5346056589675945,-0.8718797179385024,0.9981111352823576,0.9401052628831198,-1.3031274683062235,1.315858322828073,1.3820775415501785,-0.1597740733947904
2023-01-18,61045.73828125,61110.25,60569.19140625,60716.03125,6900,52.44566371589589,80.33490683009778,54.96455942090594,88885300,675.0803779341284,61469.278984375,58005.5784765625,-260.4713609070095,1.1058599616305682,0.0,-0.0030683320248668,0.0,0.0064300537408106,0.0454545454545454,0.0064545767596452,0.9054967251081628,2.5098266031250493,-0.622912060797657,0.7603650253203192,0.6586820562054964,-0.7267100638858597,1.2998092108951105,0.93524650163485,-0.1189473114097873
2023-01-19,60858.4296875,61032.46875,60716.55078125,60920.01953125,8500,50.46222168961581,71.69790698945297,70.08696765030321,88876800,650.3737437959763,61474.17359375,58013.48716796875,-215.73727464255356,1.0686666533059752,0.0,-0.0038886996832685,0.0,-0.0030683320248668,0.2318840579710144,-0.1610440311327357,0.7254996654246829,1.9619944313839004,-0.43784871170154,0.2583166017412371,0.2402618829951489,-1.2945101662655485,1.2683847257628726,-0.2850743513395085,0.4557301685591181
2023-01-20,60621.76953125,61001.1796875,60585.25,60901.16015625,6300,47.992568091995295,57.90275424886606,69.97852268947226,88870500,633.6277397748352,61450.708203125,58013.53732421875,-197.10952978131536,1.0452148537963832,0.0,0.0052770208824916,0.0,-0.0038886996832685,-0.2588235294117647,-0.4160354061817459,0.3869577405824862,1.211018087167247,-0.3209026027202235,-0.1143328805769617,-0.054727153474793,-1.6338451980035262,1.2066189611343163,-0.4052947293141812,-0.8238188585795506
2023-01-23,60941.671875,61113.26953125,60761.87890625,60876.01171875,6600,51.45135455238075,77.30496127738637,68.96854083856844,88877100,623.4757583623469,61437.058671875,58017.36318359375,-154.7496050492191,1.0230696651072917,0.0,0.0006084198851001,0.0,0.0052770208824917,0.0476190476190476,0.0705052075501141,0.9889514006084336,1.953998304414914,-0.1036676120382567,-0.3755270603707134,-0.3535540166934007,-1.0693129313072811,1.1686207683204208,0.7696634449062145,-0.0379986848025637
2023-01-24,60978.75,61266.05859375,60849.12109375,61122.19921875,9500,51.851050899700326,82.45581812500447,72.55451121708562,88886600,608.7230256221793,61419.17390625,58024.2048828125,-116.8403024237996,0.99825435192125,0.0,-0.0126878856363897,0.0,0.0006084198851001,0.4393939393939394,0.2176854035198912,1.18226688681328,1.9916899257988503,0.1323448518219131,-0.7657569115260837,-0.7227396728210181,-0.3241094605758745,1.1506580233104318,0.1882243343439161,1.0363060170303944
2023-01-25,60205.05859375,60899.2109375,60081.359375,60834.73046875,8100,43.75590901752313,35.211207133026264,64.99066217847235,88878500,629.3421398634522,61383.660703125,58030.0554296875,-147.5267410087472,1.0453309980314267,0.0,-0.0145197127395661,0.0,-0.0126878856363896,-0.1473684210526316,-1.0130114427073451,-0.2055442293026245,-0.020912322728228,0.1026101284694946,-0.4275106921259968,-0.2646645778081499,-0.8923928457117237,1.132243940247274,-1.4547578360545204,-0.5940666380238114
2023-01-27,59330.8984375,60166.8984375,58974.69921875,60166.8984375,12900,36.7707363361438,15.545323122873294,44.404116126968,88865600,672.2719423732057,61335.266640625,58029.4740234375,-239.62117981736083,1.1330890987288629,0.0,0.0028570563267058,0.0,-0.0145197127395662,0.5925925925925926,-2.3649096415613764,-1.547483561082014,-0.9031206312367248,-0.2908690566162849,0.5890620185719614,0.8920084618628363,-1.7941538734230138,1.0843916146132575,-1.6807813395149285,1.3658534219988514
2023-01-30,59500.41015625,59644.23828125,58699.19921875,59101.69140625,11500,38.81064041851975,31.213666993346685,27.323399083082062,88877100,691.7553080965481,61292.005234375,58032.15322265625,-295.5219143703507,1.1626059489001443,0.0,0.0008317300858942,0.0,0.0028570563267058,-0.1085271317829457,-1.8776999310904503,-1.0763685673872692,-0.2647707970355246,-0.5787041781381242,1.0773285416773295,1.2837156517433956,-0.8201381132813924,1.0578137430507877,0.4926456185423735,-0.4919835715026139
2023-01-31,59549.8984375,59787.62890625,59104.58984375,59770.828125,9000,39.42506965561533,33.14163709299424,26.63354240307139,88886100,691.1327191253661,61260.10640625,58037.020859375,-332.0032319475358,1.1605942869083774,0.0,0.0026562545302409,0.0,0.0008317300858942,-0.217391304347826,-1.70626400052409,-0.8915530395361748,-0.1923501132422996,-0.8180447137131324,1.046378169058544,1.2446727200456644,-0.0330859396055052,1.0490448857757972,0.2675254392715563,-0.8006357130524784
2023-02-01,59708.078125,60773.44140625,58816.83984375,60001.171875,25300,41.44885471525728,39.30401938166168,34.55310782266752,88911400,781.5233507949828,61225.88875,58043.8666015625,-344.183625554193,1.3089072288658308,0.0,0.0037542684891099,0.0,0.0026562545302408,1.811111111111111,-1.3760793667760052,-0.4447548597030206,0.0700360567702731,-0.9445398281856096,3.3285179649204406,3.250229821601536,2.0310103462468776,1.059798860520211,0.4855551821994151,3.451823832179366
2023-02-02,59932.23828125,60007.671875,59215.62109375,59459.87109375,10400,44.28939982183511,48.03687628972662,40.16084425479416,88921800,782.2753101131983,61194.321953125,58057.6941015625,-331.9226265929756,1.3052663016557746,0.0,0.0151778183342867,0.0,0.0037542684891098,-0.5889328063241106,-0.9096683151725274,0.1134212498964283,0.4273258624150333,-0.8447955584754256,2.817273135940351,2.720281897036809,2.515700827133013,1.1295051082862082,0.5794666239025943,-1.3932194231278734
2023-02-03,60841.87890625,60905.33984375,60013.05859375,60350.01171875,9100,54.034649719935565,83.4747594032104,56.93855169153289,88930900,795.9057567122555,61165.7059375,58079.58775390625,-245.96991228896516,1.3081544669891776,0.0,-0.0055057548315719,0.0,0.0151778183342867,-0.125,0.736632420279681,1.8913453816102948,1.958076708945801,0.2570284563830454,2.666973728863777,2.398745797507249,2.662139202284928,1.274786259585598,1.8895696966630944,-0.4284041508248771
2023-02-06,60506.8984375,60847.2109375,60345.609375,60847.2109375,7500,50.52928948322132,70.42455213386982,67.31206260893559,88923400,774.8840285542373,61129.97109375,58096.93474609375,-202.54705485945303,1.2806540222097915,0.0,-0.0036501519777638,0.0,-0.0055057548315718,-0.1758241758241758,0.092220223393644,1.191382586503164,1.28262028871099,0.8705461586076003,1.9653768658710415,1.8496780155572057,1.9570447759374583,1.3995147497678364,-0.787627266761531,-0.5251917137108839
2023-02-07,60286.0390625,60655.140625,60063.48828125,60511.3203125,13600,48.304304006083846,61.820287437834416,71.9065329916382,88909800,761.7960510682203,61085.595859375,58108.80654296875,-183.83648074961093,1.2636359311621848,0.0,0.0062659615040951,0.0,-0.0036501519777638,0.8133333333333332,-0.2983636562430488,0.6768000138129449,0.8091219165749287,1.0912366315736333,1.569262134898772,1.5284445897122,1.081824642279838,1.4796805668058528,-0.4896301894542045,1.355705015353371
2023-02-08,60663.7890625,60792.1015625,60324.921875,60332.98828125,13300,52.18261910886978,76.5367149787861,69.5938515168301,88923100,743.5293688490617,61045.23484375,58126.13974609375,-136.94829327609477,1.2256559973249062,0.0,0.0023478534674657,0.0,0.0062659615040951,-0.0220588235294117,0.4198888095759346,1.3886396821087783,1.4116400778684253,1.6007650393574924,1.1373371421090233,1.032757818956944,1.7131212960577653,1.6064732324816966,0.8869652110354193,-0.2339413125812624
2023-02-09,60806.21875,60863.62890625,60472.80859375,60715.890625,8500,53.59620731895111,82.08550697289367,73.48083646317137,88931600,718.3358648241286,60999.36625,58147.27138671875,-87.28995715553174,1.181352630686526,0.0,-0.0020313634655994,0.0,0.0023478534674656,-0.3609022556390977,0.6959170889874405,1.5443223664699377,1.5379598441505224,2.0079455594646576,0.6079132399828989,0.4985336661615296,1.9547781610210424,1.7605829044432766,0.3299106469684102,-0.8837155083813656
2023-02-10,60682.69921875,60774.140625,60501.73828125,60706.80859375,5300,52.15620590808963,77.27341900060263,78.63188031742744,88926300,688.774765104548,60947.33640625,58163.9018359375,-57.24250591114833,1.1350430583544764,0.0,-0.0041339521515959,0.0,-0.0020313634655995,-0.3764705882352941,0.5058333911278757,1.200253583991343,1.237723804901609,2.107571448470947,0.0183778549861001,-0.0414124521253847,1.5584218893522048,1.8523872970251725,-0.2517548543403035,-0.8959812996621611
2023-02-13,60431.83984375,60740.94921875,60245.05078125,60652.8203125,5800,49.26142805564487,67.50041088635797,75.61977895328474,88920500,674.997884561366,60898.603203125,58181.96408203125,-53.06029333037441,1.1169573627190763,0.0,0.0099355220121119,0.0,-0.0041339521515959,0.0943396226415094,0.0490107152068618,0.6171232887354672,0.7597260199820146,1.9390615277722376,-0.2587799976715343,-0.2579536902573973,1.191320970743122,1.937572786072696,-0.5483930649079083,0.0214251515329271
2023-02-14,61032.26171875,61102.73828125,60550.25,60550.25,7000,55.611652573748856,97.06780041150256,80.61387676615436,88927500,674.7050669141256,60862.55640625,58199.52009765625,-1.282053635120974,1.1054892083523202,0.0,0.0039786846851425,0.0,0.009935522012112,0.2068965517241379,1.2447447608536222,1.6769427780796726,1.8514851693950756,2.1785754880508024,-0.2847960037902251,-0.4109385366361946,1.4424255453688624,1.9943557524739,1.3597032720591613,0.3522392287634291
2023-02-15,61275.08984375,61352.55078125,60750.3203125,60990.05078125,5700,57.90619548512932,97.08063799027762,87.21628309604603,88933200,669.5283099024024,60835.531015625,58220.59119140625,58.67045813335426,1.0926598583693363,0.0,0.000724958137365,0.0,0.0039786846851423,-0.1857142857142857,1.7296648878357888,1.9088394480034447,1.6982596425048342,2.377931318485514,-0.4262984648947491,-0.6032553259841628,1.6120502487275798,2.053993182339159,0.537728766826463,-0.5634838376840001
2023-02-16,61319.51171875,61682.25,61196.71875,61566.21875,6900,58.33054877266458,87.84002325639256,93.99615388605756,88940100,656.3856627665165,60813.70765625,58242.30880859375,108.5168154091225,1.0704352405431987,0.0,-0.0051686877042285,0.0,0.0007249581373649,0.2105263157894736,1.6889979552539924,1.7935569152585038,1.2484111403647045,2.4051108516771262,-0.7182909141159464,-0.8865580056487488,1.7643525403448312,2.0922842303541787,0.0476784230035516,0.3365742854492257
2023-02-17,61002.5703125,61302.71875,60810.671875,60993.5390625,8100,54.13710165523361,76.27984649885147,87.06683591517385,88932000,645.8466756939081,60782.34546875,58268.97650390625,121.0504952216652,1.05872043159068,0.0,-0.0050986581123823,0.0,-0.0051686877042285,0.1739130434782609,1.0308811617709783,1.0545751455392698,0.756458830485786,2.19191147837794,-0.9327551497773836,-1.0158855643774178,1.3290803044545416,2.152417174460147,-0.7808833765835759,0.2494513712892039
2023-02-20,60691.5390625,61290.19140625,60607.01953125,61112.83984375,6100,50.314344941170106,65.42516137387618,76.51501037637338,88925900,648.512761358629,60752.5428125,58293.923046875,104.67922732298756,1.0685389946872037,0.0,-0.0003100977960143,0.0,-0.0050986581123823,-0.2469135802469135,0.4130672404246417,0.3954062407884279,0.2872237953272267,1.8790402418824856,-0.8617043660839641,-0.8745435681839315,1.013473501814135,2.1702123655090326,-0.791093947993305,-0.6864417280539764
2023-02-21,60672.71875,60976.58984375,60583.71875,60770.4296875,5100,50.08388937917595,59.07243090186664,66.92581292486474,88920800,630.2526422437269,60723.38578125,58323.10875,89.15847424198728,1.0387743539904035,0.0,-0.0152908638406779,0.0,-0.0003100977960143,-0.1639344262295081,0.3832179133263137,0.3360633466312805,0.0123475981638744,1.6300778946648868,-1.1662329621447514,-1.1612186604050778,0.7670116394673212,2.199837573334124,-0.0443362070618243,-0.4906249238994479
2023-02-22,59744.98046875,60462.8984375,59681.55078125,60391.859375,8100,40.287808797589975,3.170375981834476,42.555989419192414,88912700,656.0323084227464,60667.619375,58349.48029296875,1.9746768937184245,1.0980542687864605,0.0,-0.0023295628588044,0.0,-0.015290863840678,0.588235294117647,-1.3089016983282886,-1.2866135260738183,-2.120038256302764,1.025210054667175,-0.6214839959733216,-0.4527274954245854,0.4118066367780504,2.1861025335489543,-2.2031147034283243,1.1360996130672898
2023-02-23,59605.80078125,59960.0390625,59406.30859375,59777.640625,7100,39.053705228295925,8.765260254599315,23.66935571276679,88905600,648.7250341604074,60606.1771875,58375.6850390625,-77.4568736144065,1.0883588940297817,0.0,-0.0023801558219251,0.0,-0.0023295628588044,-0.1234567901234567,-1.4838020001478398,-1.455317521574545,-1.8206078603260007,0.4914746260627139,-0.7318233555407703,-0.5388429414936746,0.0923794024998224,2.1597532669517285,-0.3019782234990795,-0.4082885620841033
2023-02-24,59463.9296875,59908.76953125,59325.33984375,59859.48046875,5300,37.78319155180024,5.880149626513791,5.938595287649175,88900300,644.0610808275212,60559.47515625,58402.562734375,-150.12422267501825,1.083112206361481,0.0,-0.0029526828435778,0.0,-0.002380155821925,-0.2535211267605634,-1.6441363448904656,-1.6196057107116526,-1.8623368058066367,-0.013874957116147,-0.7860494019356568,-0.5715319480455803,-0.1676725674736383,2.130012827428018,-0.309735956987875,-0.7073541443184965
2023-02-27,59288.3515625,59441.12890625,58937.640625,59331.30859375,7500,36.213034159888686,12.778173123452222,9.141194334855092,88892800,635.6487938041267,60518.486015625,58434.35294921875,-219.3527457546952,1.0721309954688905,0.0,-0.0055024378339495,0.0,-0.0029526828435778,0.4150943396226414,-1.7816477736424223,-1.7436461763007751,-1.5320328012475417,-0.5183963158327944,-0.8981055947093364,-0.6611540673936547,-0.5109162510786491,2.1232615681612024,-0.3572504040878896,0.7459459712175892
2023-02-28,58962.12109375,59483.71875,58795.96875,59346.609375,6900,33.432949407701955,5.7566234666146965,8.138315405526884,88885900,639.3703085324033,60461.604609375,58465.19544921875,-297.11595370026043,1.084374674235009,0.0,0.0076143297242674,0.0,-0.0055024378339495,-0.0799999999999999,-2.076321560731808,-1.9923965543501083,-1.6965177695625064,-1.0917669060986883,-0.7866881071368411,-0.497428328415586,-0.8449130598418568,2.099657454746266,-0.713278686788232,-0.3396541731197339
2023-03-01,59411.078125,59475.44921875,59109.5390625,59136.48046875,5900,40.233103685791455,21.311484284492373,13.282093624853076,88891800,630.367295422946,60415.780390625,58497.381640625,-318.84137106558774,1.0610265211761731,0.0,-0.008445000130184,0.0,0.0076143297242674,-0.144927536231884,-1.3075801046875766,-0.9633053279609762,-1.100979861306955,-1.2513089042915069,-0.908354885658681,-0.7270749025786464,-0.6180276703675223,2.077129424569635,1.222061279213216,-0.4684932243192409
2023-03-02,58909.3515625,59423.7890625,58866.26171875,59287.1796875,5200,35.82824494586204,3.928335552884876,10.332147767997297,88886600,625.1644417320213,60372.62265625,58520.3360546875,-372.2529609265621,1.0612312394387022,0.0,0.0152712118473337,0.0,-0.008445000130184,-0.1186440677966101,-1.8485326648840927,-1.4622097381314518,-1.5459933620218498,-1.5478303839403107,-0.95814802598621,-0.7026211303305858,-0.8526542731365842,2.001527014669956,-1.0730739967592695,-0.3980673129739069
2023-03-03,59808.96875,59967.0390625,59231.578125,59241.19921875,9200,47.02718318395395,35.09706477842379,20.11229487193366,88895800,656.0589458940196,60352.27765625,58548.3382421875,-338.0931151090699,1.0969240226099362,0.0,0.006946987988319,0.0,0.0152712118473337,0.7692307692307692,-0.55532109013311,0.085754852637471,-0.5023801303360691,-1.257973412813595,-0.3974762083748881,-0.3204194707558917,-0.4836766164975641,1.9599266609941035,2.1369449780266234,1.4425792322009214
2023-03-06,60224.4609375,60498.48046875,60005.6484375,60007.0390625,5900,51.25801664791535,49.49248059245785,29.50596030792215,88901700,658.4484296694469,60359.86109375,58585.49939453125,-274.3321142251734,1.0933239076274577,0.0,0.0020528022057067,0.0,0.006946987988319,-0.3586956521739131,0.0447951694073553,0.6481094309694886,-0.0275316629800983,-0.8126089025376639,-0.3723235057028665,-0.3826992536828936,-0.2745901230771185,1.9644017618861889,0.9517997785574842,-0.9131487602517292
2023-03-08,60348.08984375,60402.8515625,59844.8203125,59916.1015625,6500,52.47432313442024,53.77580905360488,46.12178480816216,88908200,651.2757739787721,60355.494453125,58615.607890625,-211.38848723095725,1.0791986551107418,0.0,-0.008978057054545,0.0,0.0020528022057066,0.1016949152542372,0.2514203329604188,0.806681421674233,0.1384557842562159,-0.3885132768724853,-0.5292831723123576,-0.5733097756965164,-0.0126564939145698,1.9298136821183012,0.3160642075182394,0.0440259926644663
2023-03-09,59806.28125,60467.08984375,59750.53125,60467.08984375,7700,46.945367392586576,40.30368006382766,47.8573232366301,88900500,655.9388325338598,60333.071484375,58643.19625,-202.88589250920631,1.0967724774458532,0.0,-0.0112221045970819,0.0,-0.0089780570545451,0.1846153846153846,-0.4794969461301466,0.0772592570720515,-0.2628904741917114,-0.3142469202732145,-0.4848825651130735,-0.4257899707892455,-0.4283224144195047,1.8859909591834685,-1.0990151535340786,0.2369800595145758
2023-03-10,59135.12890625,59262.46875,58884.98046875,59259.828125,6300,41.15999303788829,13.597829985231495,35.892439700888,88894200,674.8932574421555,60297.5684375,58668.60884765625,-247.45144380972488,1.1412729961443036,0.0,-0.0151733387640449,0.0,-0.0112221045970819,-0.1818181818181817,-1.3627243278689616,-0.7008942597604519,-1.1116564163393996,-0.5789031351843706,-0.1514544043605331,0.0671076299627711,-0.8016424365361493,1.8376660126592408,-1.4145878604609494,-0.53179124320032
2023-03-13,58237.8515625,59510.921875,58094.55078125,59033.76953125,8000,34.9574626528659,4.97220121387581,19.624570420978305,88886200,727.8559600355729,60239.647890625,58691.051796875,-351.1251944006144,1.2497987829349246,0.0,-0.0057979500821322,0.0,-0.015173338764045,0.2698412698412697,-2.3604085558938843,-1.5207231429648664,-1.3637599054480916,-1.1991469106072774,0.8410507302326068,1.2963984121346674,-1.3518122388693223,1.784905075567569,-1.9255324347088627,0.4491947121786316
2023-03-14,57900.19140625,58490.98046875,57721.16015625,58168.75,10200,32.94546684132192,6.446186606356735,8.338739268487993,88876000,730.853413783032,60180.836953125,58709.29009765625,-455.2854935740979,1.2622642447847598,0.0,-0.0059463183175735,0.0,-0.0057979500821322,0.2749999999999999,-2.443543168781184,-1.7025856804702033,-1.25828618315106,-1.7450524579749285,0.8625236202981623,1.358750753912044,-1.918243350342716,1.7239068106587696,-0.646911758845662,0.4324187024147402
2023-03-15,57555.8984375,58473.62890625,57455.671875,58268.5390625,7600,30.98706998746566,3.2938832467434103,4.904090355658632,88868400,751.3608150306726,60108.599140625,58722.6462890625,-559.1690930710029,1.3054453764570733,0.0,0.0013715606635125,0.0,-0.0059463183175735,-0.2549019607843137,-2.46107327251422,-1.8269500952622568,-1.2904371897082834,-2.163541901337521,1.1857751164420498,1.7015159734174825,-2.179666282900368,1.6535826517944263,-0.6327178467695064,-0.6979140376448892
2023-03-16,57634.83984375,57887.4609375,57158.69140625,57510.80078125,7900,31.985387417963597,14.256841632494568,7.998970495198218,88876300,749.7471519034817,60035.411953125,58731.191796875,-627.8897600634955,1.300857526343565,0.0,0.0061604854756702,0.0,0.0013715606635125,0.0394736842105263,-2.1178497052020755,-1.595230407642028,-0.9142685927222506,-2.2889720947261183,1.2122035920141956,1.663375620248835,-1.617717818783281,1.5753709791932369,0.330316174484406,0.0803599095977372
2023-03-17,57989.8984375,58178.94140625,57503.8984375,58038.171875,6300,36.438964802757326,24.88800986214979,14.146244913795902,88882600,744.4111388210902,59982.0609375,58743.30923828125,-646.2515371509071,1.2836910546125495,0.0,-0.0062243464547367,0.0,0.0061604854756702,-0.2025316455696202,-1.6364208535556783,-1.0173527757550442,-0.5655634696907631,-2.151134749868571,1.1786831424739406,1.5044931877770884,-1.210878568473912,1.5219707886452936,0.9392616978682212,-0.7209632592441988
2023-03-20,57628.94921875,57829.23046875,57084.91015625,57773.55078125,6500,34.00151435621284,15.937537905922364,18.36079646685556,88876100,755.8809347088694,59927.57453125,58754.548125,-682.0665248302103,1.3116340744643284,0.0,0.0077344889121278,0.0,-0.0062243464547367,0.0317460317460318,-1.7836602419361935,-1.2138877737623497,-0.779398523434444,-2.074567990791612,1.512710433745429,1.8060554268748084,-1.425399839940741,1.4708705838662608,-0.6248806501692621,0.0030420032093948
2023-03-21,58074.6796875,58133.328125,57730.08984375,57963.26953125,5500,39.3929429784804,28.99514117595901,23.2735629813437,88881600,737.9165041046645,59891.060703125,58765.8309765625,-666.7970159626493,1.2706337909660372,0.0,0.0024091421081073,0.0,0.0077344889121278,-0.1538461538461538,-1.3006167424235835,-0.550268426608399,-0.3416106849772519,-1.8213879040597205,1.2110774344393551,1.3675188324184553,-1.0802584985499235,1.426302906813418,1.2469170965090692,-0.5891711919430972
2023-03-22,58214.58984375,58418.78125,58063.5,58245.26171875,0,41.02158117950798,33.093786976154455,26.008822019345256,88881600,710.5854145257599,59840.406328125,58778.0577734375,-636.0739750013163,1.220631144929469,0.0,-0.0049696922116348,0.0,0.0024091421081073,-1.0,-1.1061316073880825,-0.3342007987918464,-0.1863637457325638,-1.5610143464549042,0.6793602237131394,0.8469392167477707,-1.0168130250631529,1.392449777109913,0.4863120036803385,-2.9170324392913387
2023-05-11,61904.51953125,62168.21875,61823.0703125,62158.1015625,6100,67.75811297304693,90.42976530547148,92.30340513479042,88943500,517.0647371465992,59575.855625,59807.26982421875,669.3830816981936,0.8352616918148923,0.0,0.0019930516735166,0.0,-0.0005760344324046,0.2708333333333332,1.4277506244078604,0.880646090521986,0.4644365460277673,1.2546047287672095,-1.115581593551251,-1.16629000809757,1.0672836894829756,1.6861890337753582,-0.4739448338818222,0.4811498532050932
2023-05-12,62027.8984375,62110.9296875,61578.1484375,61857.69140625,7000,68.78188342900897,94.49315975692762,93.86121194221565,88950500,518.1873452075564,59624.297578125,59843.5712109375,680.2989792187,0.8354101271538125,0.0,0.0051237025275043,0.0,0.0019930516735167,0.1475409836065573,1.4620609850672306,0.953605898089721,0.5901345230099122,1.2234344920954126,-1.0381837026828875,-1.1075251350337476,1.273180769479643,1.67167644151157,-0.0945480416298982,0.1949078482646559
2023-05-15,62345.7109375,62562.671875,61950.30078125,62157.1015625,6900,71.30909247973297,91.68018550391184,92.20103685543695,88957400,524.9147558177309,59681.933203125,59878.312109375,706.4511897636185,0.8419420484978424,0.0,-0.006628237633127,0.0,0.0051237025275043,-0.0142857142857142,1.6516255094156855,1.214395987328983,0.4187867667450061,1.2420238696128094,-0.8780285018153899,-1.002479111370343,1.4627811547410985,1.6566226962743984,0.4384711661368237,-0.1979366663420294
2023-05-16,61932.46875,62475.94921875,61847.41015625,62474.109375,5900,64.04865417456638,75.8335617679793,87.3356356762729,88951500,532.3164920093216,59734.815546875,59909.56470703125,685.9248988542167,0.8595111784710205,0.0,-0.0060037672081334,0.0,-0.006628237633127,-0.144927536231884,1.2783501596553213,0.2861792836569414,-0.7414989834989008,1.1594386176255065,-0.7041908706397924,-0.802480726448336,1.1762587308082826,1.6372505502436916,-1.5319401650798434,-0.5234800650916716
2023-05-17,61560.640625,61979.94140625,61340.1015625,61932.3203125,6700,58.29707668005581,56.26578102543206,74.59317609910772,88944800,539.99673141937,59786.7859375,59937.0067578125,632.3647361889671,0.8771785445001938,0.0,-0.0020939084200766,0.0,-0.0060037672081334,0.1355932203389831,0.9107623782226536,-0.7171225540519217,-2.675978383508138,0.9906135253951932,-0.5228211514392783,-0.5947566377947081,0.8449987690809629,1.6130078443380906,-1.324107550272523,0.1700383359369545
2023-05-18,61431.73828125,61955.8984375,61349.33984375,61937.859375,8200,56.406015201900566,44.96255037639723,59.020631056602845,88936600,544.7511501572721,59827.199140625,59965.33435546875,572.9124019932351,0.8867584825017711,0.0,0.0048499589070058,0.0,-0.0020939084200766,0.2238805970149253,0.7296030494778895,-1.0803551917444452,-2.9811798273681958,0.7778389516920131,-0.3841885956446653,-0.4543113848818789,0.4176959925400067,1.5955873180403348,-0.6496504650617725,0.3739499130209602
2023-05-19,61729.6796875,61784.609375,61251.69921875,61556.25,6100,59.66301017790618,46.62017382249279,49.282835074774006,88942700,543.9053648781812,59883.605703125,59997.6403125,543.5714272445257,0.8811083544117592,0.0,0.0037907211115398,0.0,0.0048499589070059,-0.2560975609756097,0.9890570606491867,-0.5718722998501301,-2.4515409060597104,0.6415350446135866,-0.3444953740602341,-0.4640226480551441,0.6693649869831845,1.5928367020069307,0.6317012771368646,-0.8021419399574264
2023-05-22,61963.6796875,62044.4609375,61579.78125,61579.78125,5600,62.0604741874867,61.61536767061839,51.06603062316946,88948300,538.2463879225968,59926.699921875,60028.377109375,533.0556045525736,0.868648199456718,0.0,0.0002922579015857,0.0,0.0037907211115397,-0.081967213114754,1.1669473868438531,-0.1637626196615712,-1.35824172573301,0.5585129048140847,-0.4169832320436129,-0.5678135431245159,0.9145927553649544,1.5874252489152638,0.4918826610558381,-0.3566395313460482
2023-05-23,61981.7890625,62245.19140625,61914.3984375,62098.16015625,8400,62.24748503016367,62.77585309195771,57.00379819502295,88956700,523.4282865531256,59961.846484375,60053.997109375,520.1866268930316,0.8444872186979325,0.0,-0.0033559504436093,0.0,0.0002922579015858,0.5,1.1112500931471734,-0.1421258191291396,-1.1962845917746818,0.4509247127869069,-0.7579079910494747,-0.8573799220484624,1.313804111632784,1.568628014345874,-0.174478685576794,0.9998951093155404
2023-05-24,61773.78125,62154.140625,61708.1015625,61834.28125,5900,58.67020170541031,49.44629125280359,57.94583733845988,88950800,517.9004848350453,59990.3603125,60075.014765625,487.5828259986083,0.838382359563015,0.0,0.0016000290374,0.0,-0.0033559504436093,-0.2976190476190476,0.8238915260046754,-0.769249090561634,-1.8482479718545453,0.2260851607257146,-0.8852901217364348,-0.9156484715065416,0.9171600367668,1.5389500920210306,-0.8499821445624463,-0.9360035711542524
2023-05-25,61872.62109375,61934.01171875,61484.66015625,61706.12890625,8400,59.85091450937641,50.59002866932382,54.270724338028366,88959200,513.0041332396848,60031.687109375,60093.80037109375,464.3666980072667,0.829129466589715,0.0,0.0101671838267014,0.0,0.0016000290374,0.423728813559322,0.8741408063069411,-0.5363575678389256,-1.6335275247290113,0.0330987627530402,-1.0062862516634197,-1.0245786761620317,1.3109237792265414,1.5059488716963,0.1261804291772368,1.062689973050683
2023-05-26,62501.69140625,62529.828125,61911.609375,61985.359375,9200,66.42517069728649,95.34845609027172,65.1282586707997,88968400,523.3043402404217,60099.018359375,60115.62703125,491.0677429085554,0.837264285919937,0.0,0.0055148507543514,0.0,0.0101671838267014,0.0952380952380953,1.461883597415524,0.6202660769300025,0.991666849317572,0.1364627435122601,-0.6141358677653209,-0.8367263145021153,1.6835042058123395,1.4857769218590413,1.6697587849916924,0.093580744169844
2023-05-29,62846.37890625,63026.0,62801.5390625,62801.5390625,9600,69.38344422135819,89.87651385559012,78.6049995383952,88978000,523.376072633963,60191.18890625,60138.10626953125,533.8875901342544,0.832786362146179,0.0,0.0019531753799707,0.0,0.0055148507543514,0.0434782608695651,1.6803545991151043,1.0985397242450847,0.6972711789350222,0.3543158356925809,-0.5611297540996782,-0.8607014879612723,1.9804143368660625,1.469628699367323,0.7691378958356299,-0.0491965484740186
2023-05-30,62969.12890625,63036.12109375,62737.3984375,62839.8515625,7800,70.38420117117367,96.24572034009614,93.82356342865263,88985800,507.3294000351085,60292.56765625,60161.45791015625,571.1437372183718,0.8056795589318586,0.0,-0.0055088998533941,0.0,0.0019531753799706,-0.1875,1.6748836278906905,1.186706435952697,1.0283180165594532,0.5415907684387432,-1.191484513803441,-1.374703348464234,2.139150819922103,1.4586141013446496,0.0545997565015324,-0.7760633125292461
2023-05-31,62622.23828125,62876.76953125,62401.01953125,62839.96875,7300,64.0160028413479,76.80577568014851,87.64266995861158,88978500,511.670826818315,60393.894453125,60182.629453125,566.152079096617,0.8170752768693619,0.0,-0.0030931379022266,0.0,-0.0055088998533942,-0.0641025641025641,1.2463925693710989,0.0446941383475614,-0.1138913016118297,0.4601588645671034,-1.069825077748988,-1.1949194166962007,1.6745277734745336,1.44365944867396,-1.3614500630135151,-0.3821937941167783
2023-06-01,62428.5390625,62762.41015625,62359.140625,62736.46875,8000,60.71275381042708,65.95076311480435,79.66741971168297,88970500,503.92787713486393,60489.7684375,60200.506796875,540.3375707636515,0.8072075443417941,0.0,0.0018992966082594,0.0,-0.0030931379022266,0.095890410958904,0.9963607134784064,-0.6244683842857195,-0.738371627068474,0.2336128642913985,-1.552782039654398,-1.4963490149454348,1.2512270919123558,1.42219882663825,-0.8934039912476373,0.2926929123317602
2023-06-02,62547.109375,62719.83984375,62379.859375,62601.96875,6300,62.00519203932927,72.59550975018169,71.7840161817115,88976800,492.2173479645165,60580.91265625,60219.1558984375,523.4134359356758,0.786954589721224,0.0,0.0038428534492126,0.0,0.0018992966082593,-0.2125,1.0920684064966284,-0.4594078383335196,-0.353396059323705,0.0502860075881724,-2.2110831982868837,-2.0647863806317264,1.540958995784396,1.4075994839961858,0.0562557495793783,-0.999077021380385
2023-06-05,62787.46875,62943.19921875,62751.71875,62759.19140625,6100,64.55103467677864,86.06538357135977,74.87055214544858,88982900,485.35109766347966,60684.083046875,60236.430234375,523.3629278973967,0.7730063137216049,0.0,8.61661786612476e-05,0.0,0.0038428534492127,-0.0317460317460317,1.3590913294253597,-0.0160120905070155,0.4053195841796938,-0.0274014189188552,-2.398162204393841,-2.344006229619224,1.8047109825628864,1.3925754058908266,0.4051512786257785,-0.2548956995556371
2023-06-06,62792.87890625,62867.94921875,62554.2109375,62738.3515625,8100,64.60851768399289,86.36857175380682,81.67648835844942,88991000,473.0930393482311,60778.44703125,60253.08072265625,517.7906855979236,0.753418297725385,0.0,0.0055751868260837,0.0,8.61661786613066e-05,0.3278688524590163,1.3270582407686824,-0.0452380758073757,0.4104733717679431,-0.1655020998058147,-2.71415388813219,-2.6311371828106465,2.113759099942463,1.3793674282521715,-0.2739214881234386,1.2184178974664617
2023-06-07,63142.9609375,63196.4296875,62841.94921875,62917.390625,6900,68.20173910631932,97.25058300575876,89.89484611030844,88997900,468.1257351983575,60877.014453125,60269.58447265625,535.4509918664407,0.7413743800543603,0.0,-0.0046611737576152,0.0,0.0055751868260838,-0.1481481481481481,1.761872376899405,0.7080200689637468,0.990512023865056,-0.0965381866849414,-2.539713398204271,-2.5606089987742093,2.269809887007405,1.3694349677367577,0.7542758608746055,-0.7307144110813852
2023-06-08,62848.640625,63321.3984375,62789.73046875,63140.171875,11000,62.46025605818033,74.26101381312407,85.96005619089652,88986900,472.664466166332,60975.481640625,60282.52703125,519.7068651039808,0.7520679229747971,0.0,-0.0035483936729936,0.0,-0.0046611737576152,0.5942028985507246,1.3114987973261996,-0.6046707497954452,-0.3005386050131652,-0.3931843136056491,-2.0557579734936358,-2.032280746857793,1.5576002286308754,1.350806587162544,-1.1357941783452896,2.0913574604133887
2023-06-09,62625.62890625,62992.16015625,62594.73828125,62810.6796875,41400,58.44539026033191,62.11928839548708,77.87696173812328,88945500,467.2899953687369,61077.4521875,60294.16517578125,483.65902907808777,0.7461641560011569,0.0,0.0015821323151632,0.0,-0.0035483936729936,2.763636363636364,0.9222421755301948,-1.4144216559800862,-0.9311311204458462,-1.0021081025684175,-2.0528237470984934,-1.9503175626080125,-0.7699967281756067,1.331319217041527,-0.8675393661709482,4.711109038898665
2023-06-12,62724.7109375,62804.890625,62615.19921875,62659.98046875,4900,59.68527931935317,67.51374400527429,67.96468207129512,88950400,447.4615247173986,61178.86921875,60309.55798828125,457.8086183987834,0.713373593962445,0.0,0.0066712020270121,0.0,0.0015821323151632,-0.8816425120772947,1.032648443543078,-1.0678347713987708,-0.576013774052267,-1.443411118172145,-2.471696831651536,-2.3476368309994395,-0.5184956949170153,1.3303454287948715,0.1348823673324698,-1.6845647854883734
2023-06-13,63143.16015625,63177.46875,62777.0390625,62779.140625,5500,64.50247449791954,90.29593475186356,73.30965571754162,88955900,447.8398309875844,61289.458046875,60331.40443359375,465.7188198648655,0.7092451975469533,0.0,0.00135171509137,0.0,0.0066712020270121,0.1224489795918366,1.6406886511706271,0.0434361230768705,0.7522387311712214,-1.322210935581976,-2.1633278159867264,-2.14493129003857,-0.2203213161385324,1.358847715048204,1.0808240482396638,0.0193980830274732
2023-06-14,63228.51171875,63274.03125,63013.51171875,63115.48046875,11900,65.41035785485633,93.41130377439,83.74032751050926,88967800,434.45980957775697,61394.826484375,60352.39048828125,473.417605829869,0.6871264209258949,0.0,-0.0049168136976377,0.0,0.0013517150913699,1.1636363636363636,1.678937767134783,0.2786816197134474,0.90914659571625,-1.178231324742955,-2.293403708555896,-2.2459580657341114,0.4252163932977204,1.3877351820656072,0.0472940208030046,1.6466758026187176
2023-06-15,62917.62890625,63310.9609375,62871.078125,63153.78125,6700,59.4464887576322,58.039360553386,80.58219969321316,88961100,434.84716692934575,61473.348671875,60371.551484375,449.2545772459853,0.6911372448209816,0.0,0.0074215959321317,0.0,-0.0049168136976377,-0.4369747899159664,1.062099054788883,-1.0643141558580622,-1.0549394814364397,-1.4072526725797532,-2.0307344458881995,-1.9493526993852277,0.0073273829861385,1.4120202379918445,-1.0856542623301968,-0.9071529394023848
2023-06-16,63384.578125,63520.359375,62957.171875,62960.73046875,5500,64.65869700364674,88.30700503242821,79.91922312006805,88966600,446.8388313451068,61558.91140625,60394.60078125,462.4532295407116,0.7049645900677939,0.0,-0.0034121445649363,0.0,0.0074215959321317,-0.1791044776119402,1.792903436542185,0.1930189728127868,0.6548918655529958,-1.155715081464034,-1.5509020621263276,-1.5887794234734771,0.2940032904686246,1.456800949140756,1.2993613684123289,-0.5017608491416026
2023-06-19,63168.30078125,63574.69140625,63047.828125,63474.2109375,1400,60.76322430812381,66.56736754493366,70.97124437691593,88965200,452.55486348117057,61628.49125,60416.2729296875,450.2710381956495,0.7164271602751434,0.0,0.0025233928335668,0.0,-0.0034121445649363,-0.7454545454545455,1.309748119041198,-0.7213014298124009,-0.5490714588372128,-1.225828864572219,-1.3053581474500084,-1.3206795829430626,0.1832633202737196,1.4955528380464436,-0.950134566857203,-1.3161200281207663
2023-06-20,63327.69921875,63440.19140625,62801.91015625,63176.76953125,5000,62.55382361079091,79.6806360285493,78.18500286863703,88970200,465.82103394680126,61698.385859375,60443.0483203125,448.3108372763454,0.7355723320023625,0.0,0.0030863148537083,0.0,0.0025233928335668,2.571428571428572,1.4779343189701168,-0.2429980713448966,0.241506968406386,-1.1695348221274695,-0.8737680430861061,-0.953804836067622,0.4432581963767867,1.5567028689880005,0.3816703730525236,3.0635554606917967
2023-06-21,63523.1484375,63588.30859375,63315.62109375,63467.4609375,10600,64.6821300758325,94.6079524700756,80.28531868118617,88980800,452.0257815220298,61771.91859375,60462.9787109375,457.25750258429616,0.7115922189637293,0.0,-0.0044748697048553,0.0,0.0030863148537083,1.12,1.6665349972060042,0.3299731064084327,1.1352328924330484,-0.993366734375664,-1.179083645417155,-1.2444135809049504,1.0276033223077246,1.581087015456873,0.5078352969835451,1.1227878581026862
2023-06-22,63238.890625,63601.7109375,63200.62890625,63601.7109375,7300,59.39477942153623,65.36321599045345,79.88393482969276,88973500,448.3869422168849,61833.54203125,60485.34021484375,436.3802495909768,0.7090366984388965,0.0,-0.0041037963930917,0.0,-0.0044748697048553,-0.3113207547169812,1.1099443171386905,-0.9645240983663212,-0.560410798027009,-1.209753004835956,-1.194332257234318,-1.19741038428393,0.5304231284731225,1.6153297320579103,-1.154133442417765,-0.6545552157013409
2023-06-23,62979.37109375,63240.62890625,62874.12109375,63124.28125,7300,54.976311365986646,40.58808174224344,66.85308340092415,88966200,442.5384329513931,61885.2740625,60506.2204296875,394.3480203985964,0.7026720420765048,0.0,-0.0001487962421226,0.0,-0.0041037963930917,0.0,0.6249675817862917,-1.92791219025019,-1.8632674876985007,-1.7133543047973323,-1.260639298272573,-1.207467950068316,0.0385594223465902,1.6384062122978442,-1.009182816585697,-0.2581082067403757
2023-06-26,62970.0,63136.08984375,62853.671875,62946.5,4400,54.81773099884119,37.26632658998778,47.739208107561545,88961800,431.1012569370079,61936.0540625,60524.84052734375,356.17524052823137,0.6846137159552292,0.0,0.0070832340797205,0.0,-0.0001487962421227,-0.3972602739726028,0.572432659645221,-1.875844755219092,-1.864682134215121,-2.213332151730633,-1.451704253451458,-1.3748188017383878,-0.252974398634595,1.6466377346072325,-0.1091248525020728,-0.7331418150037068
2023-06-27,63416.03125,63467.5390625,63054.83984375,63151.8515625,4800,60.63762184005299,81.56060282793801,53.138337053389726,88966600,435.8468144772216,62006.1596875,60545.9357421875,357.7896552676466,0.6872817580763091,0.0,0.0078748325172114,0.0,0.0070832340797204,0.0909090909090908,1.2412497229447423,-0.3504929031502285,0.5643235115090788,-2.162263803652706,-1.2404785698346372,-1.2485325170526804,0.0230122586556691,1.665497488756722,1.4087730309370965,-0.1374483257369778
2023-06-28,63915.421875,64050.44140625,63554.8203125,63701.78125,6300,65.92923901103893,90.72478935222456,69.85057292338342,88972900,450.0299103181343,62089.927890625,60570.36830078125,394.8145639065915,0.7041022293465606,0.0,0.0125656171106982,0.0,0.0078748325172115,0.3125,1.944894638184577,0.9482069852584916,0.998412484571744,-1.5235271827654393,-0.8122249445104519,-0.940307401762866,0.3849736860721915,1.6989340565307118,1.4859123324312045,0.1309672441919517
2023-06-30,64718.55859375,64768.578125,64068.44140625,64068.44140625,29700,72.36380328344389,97.67716071218015,89.98751763078089,89002600,478.824648866839,62192.943046875,60595.52,483.3912583370184,0.7398567880235207,0.0,0.0075170429946346,0.0,0.0125656171106982,3.7142857142857135,2.880963088628912,2.3169156187784994,1.2959013889931708,0.0352512482356417,0.0300216933887899,-0.3365552986197001,2.2070960261904213,1.7305778217810217,2.227300396613453,3.299610091649369
2023-07-03,65205.05078125,65300.3515625,64836.16015625,64836.16015625,8800,75.3951095474978,96.22318752631708,94.87504586357392,89011400,486.1795288584934,62304.39703125,60622.57955078125,586.0887147046087,0.7456163641211311,0.0,0.004202128465772,0.0,0.0075170429946347,-0.7037037037037037,3.01697372678267,2.579232939254068,1.1461064060452475,1.765874917748868,0.3174208163217309,-0.1811642849685342,2.476155382488545,1.7633442732329672,1.1497787993377702,-0.9739158685411854
2023-07-04,65479.05078125,65672.96875,65171.05859375,65503.8515625,6600,76.9299374617176,93.24576763524996,95.7153719579157,89018000,487.3031451007439,62420.876875,60649.39916015625,681.728160978877,0.7442122927662899,0.0,-0.000504156953348,0.0,0.004202128465772,-0.25,2.8293505522196254,2.4783214396108715,0.9160711753633132,2.837625745940552,0.4322007547927958,-0.1431769984643015,2.511472044270034,1.785190393247189,0.4751331065724037,-0.5307194597280699
2023-07-05,65446.0390625,65584.328125,65256.48828125,65493.6796875,7400,76.31229799116281,92.09595763757652,93.85497093304782,89010600,475.9129092899764,62528.675625,60673.77396484375,746.2569557267634,0.7271836708643079,0.0,0.005189031565007,0.0,-0.000504156953348,0.1212121212121211,2.4342020506943944,2.091532820873262,0.7967755599465908,3.0252728681933005,0.1152753968496116,-0.4157287266971118,1.8889694341414225,1.7877814970104169,-0.4703101763267325,-0.1624213950228529
2023-07-06,65785.640625,65832.9765625,65328.2890625,65391.87890625,8600,78.24712668719279,98.4383074748084,94.5933442492116,89019200,477.96823719783526,62641.77421875,60700.96732421875,815.4000739112744,0.726554051396129,0.0,-0.0076793567935251,0.0,0.0051890315650071,0.162162162162162,2.4653495444718465,2.1512937812102124,1.088242084085038,3.048026679476885,0.2428036725905931,-0.3754200876930675,2.116503770720377,1.8009179516530802,0.6291335399512347,-0.1385712401132307
2023-07-07,65280.44921875,65898.9765625,65175.73828125,65559.40625,14300,69.192886795424,80.02860569919366,90.1876236038595,89004900,495.4875260587042,62741.371640625,60727.69951171875,819.9795549086994,0.7590136587423929,0.0,0.0009761369140777,0.0,-0.0076793567935251,0.6627906976744187,1.802410757357641,0.6419211072628067,-0.0275700505515989,2.6004964858182062,0.9208705926431676,0.3924494943448977,1.2850579027269071,1.8075648288381456,-1.820236784769621,0.3362004632652274
2023-07-10,65344.171875,65633.4921875,65246.3984375,65482.328125,14400,69.66962934623018,82.086122325941,86.85101183331433,89019300,487.7451134830825,62835.2675,60760.21642578125,819.3062598364922,0.7464248141611061,0.0,0.0041881604303367,0.0,0.0009761369140777,0.006993006993007,1.705291320064858,0.696095225443885,0.1255167613686589,2.2627825022507317,0.7222428076610005,0.1918339850943622,1.822764396022948,1.8364830721862189,-0.1046144745038782,-0.2924073009395018
2023-07-11,65617.84375,65870.59375,65517.5703125,65598.6484375,9800,71.69548983801555,90.76831905674464,84.29434902729308,89029100,490.5077393057194,62925.375546875,60792.5994921875,831.2733006222406,0.7475218801375494,0.0,-0.0034128721655837,0.0,0.0041881604303368,-0.3194444444444444,1.783658720645887,0.999160169323282,0.6560351821638348,2.0932037072991454,0.9403532013109768,0.3227674998504283,2.0410835543670016,1.8550886781582687,0.5548027794139649,-0.5919225119359494
2023-07-12,65393.8984375,65811.640625,65320.25,65759.28125,7400,67.7100050517717,83.41452902649827,85.42299013639462,89021700,490.5708025695967,63006.159296875,60820.97029296875,813.3114039373104,0.7501782494867745,0.0,0.0025230517134207,0.0,-0.0034128721655837,-0.2448979591836735,1.4587634676165908,0.381927863966957,0.2351854889366798,1.79550084019859,0.9994816365065828,0.4790542892808206,1.584798662497601,1.847053426325963,-0.9350033894831592,-0.5182233196503846
2023-07-13,65558.890625,66064.2109375,65452.1484375,65667.0703125,9500,69.07401924112955,84.26057734658072,86.14780847660786,89031200,503.4094952431969,63093.47109375,60851.48083984375,803.1319567746177,0.7678737245917161,0.0,0.0076573567324607,0.0,0.0025230517134207,0.2837837837837837,1.4824311221409852,0.5710701785883,0.2722499703250962,1.5962098899956378,1.611303779290956,1.1604684854140874,1.7999652964357429,1.844925214535181,0.2027473610837758,-0.0235856098364667
2023-07-14,66060.8984375,66159.7890625,65610.8203125,65775.4921875,10800,72.83417312294964,97.00885905152144,88.22798847486679,89042000,510.3729911186828,63179.7040625,60886.18673828125,826.0503127665288,0.7725795488560377,0.0,0.0080082357720356,0.0,0.0076573567324607,0.1368421052631578,1.7531580823654649,1.0950437561751585,0.9978636017937224,1.603583738001064,1.8814529281384995,1.4651870692285391,1.9914661302426016,1.8568863003641471,1.1774672057003557,-0.1658110435320341
2023-07-17,66589.9296875,66656.2109375,66015.6328125,66148.1796875,9200,76.12817134124897,98.1595551173544,93.14299717181883,89051200,519.6733578244912,63290.416875,60928.64177734375,876.7945339822327,0.7804083294024595,0.0,0.0030817112807151,0.0,0.0080082357720356,-0.1481481481481481,1.9789575932225925,1.4891311468069814,1.0027868150013657,1.7418387605879804,2.109565852096467,1.777061608603335,2.069364501467856,1.893594651244932,1.177340424602902,-0.4416037955885547
2023-07-18,66795.140625,67007.0234375,66574.46875,66828.9609375,8200,77.27905313145777,93.86238860148184,96.34360092345251,89059400,513.4505956584561,63391.0346875,60976.89138671875,922.9295452312072,0.7686945350426921,0.0,0.0045257315453102,0.0,0.0030817112807151,-0.108695652173913,1.931978868075,1.533614783902744,0.7179919081980219,1.817640930292367,1.7287655977709897,1.3713281702476208,2.083194917471382,1.9404720680693075,0.2006225633383884,-0.4008973473827924
2023-07-19,67097.4375,67171.3828125,66703.609375,66905.0078125,8500,78.89334575528937,97.61692849400708,96.5462907376144,89067900,510.1879415042807,63497.756875,61026.8409765625,972.6723441273424,0.760368742106255,0.0,0.0070712229136917,0.0,0.0045257315453102,0.0365853658536585,1.947649590919584,1.621471864101781,0.9106034961497014,1.88051176911278,1.4892180734944125,1.0524697453563985,2.0868781022324603,1.9777032348291728,0.4589129649021058,-0.2519731667617746
2023-07-20,67571.8984375,67619.171875,66831.3828125,67074.34375,8300,81.15628945451115,98.30135686524406,96.59355798691098,89076200,530.0165930039749,63610.390859375,61081.7090625,1038.408773101488,0.7843742817055952,0.0,-0.0131362392581143,0.0,0.0070712229136917,-0.0235294117647059,2.039949511281407,1.769635468512554,0.947614118446704,1.9805240154491983,2.0016718751866263,1.7623432526277447,2.0723291152498,2.017463051932116,0.9487407258142864,-0.3140192706953656
2023-07-21,66684.2578125,67190.5234375,66533.7421875,66907.0703125,13200,66.7397692424644,61.81083327881644,85.90970621268917,89063000,566.3122827894052,63705.985625,61133.080546875,1007.2690163364896,0.8492443364695432,0.0,-0.0044909634196133,0.0,-0.0131362392581143,0.5903614457831325,1.3479515378874485,-0.147405721510999,-1.183479551715402,1.6725085931785348,2.716307758964785,3.134084722094989,1.5798622626543932,2.029401131426589,-2.6739512862658765,0.2750871259328156
2023-07-24,66384.78125,66808.5625,66326.25,66629.140625,8600,62.69335687353242,49.48131071957846,69.86450028787964,89054400,560.3122983044477,63793.12328125,61177.86984375,947.5030535851474,0.8440372744384809,0.0,-0.0004379062784062,0.0,-0.0044909634196133,-0.3484848484848485,1.0799591412041831,-0.7167567406519226,-1.8113053555429224,1.3024534872478684,2.220131555929388,2.546439142631607,1.2770569765878006,2.010823669869524,-1.133453451859901,-0.5841975826472949
2023-07-25,66355.7109375,66559.2890625,66177.6171875,66531.203125,11100,62.29850463419695,48.291578673069885,53.194574223821576,89043300,547.5522680684157,63873.32328125,61225.70435546875,887.5611142091948,0.8251773062670544,0.0,0.0052970902207809,0.0,-0.0004379062784062,0.2906976744186047,0.9958218648834758,-0.7911892526205141,-1.757692203697905,0.970331253015348,1.7077944400576666,1.881271930446436,0.9309471710852074,1.9998772570816616,-0.4083747277990683,0.056435762546473
2023-07-26,66707.203125,66897.2734375,66431.34375,66434.71875,10500,65.15603776760987,62.67675322412269,53.48321420559032,89053800,547.1244274921003,63968.81796875,61268.91302734375,858.5226625418945,0.8201879285312942,0.0,-0.0066017280274033,0.0,0.0052970902207809,-0.054054054054054,1.154816574996494,-0.4036456770892211,-0.9243047569565016,0.7870266233366371,1.561311795432493,1.6193115876025497,1.1328347817378912,1.969804002573062,0.6079266471086576,-0.3129411215641022
2023-07-27,66266.8203125,66984.171875,66060.7421875,66834.1171875,8400,59.11098289903235,43.00544918756071,51.32459369491775,89045400,574.0033746355217,64062.9415625,61309.13662109375,790.8577519758619,0.8662002672357687,0.0,-0.0016089075497694,0.0,-0.0066017280274033,-0.1999999999999999,0.7993205654774709,-1.1761264871241075,-1.787122957365882,0.4460730242173775,2.0275472855062757,2.318018951159833,0.8508673456760327,1.930927627725924,-1.3917797209618177,-0.4290086564329118
2023-07-28,66160.203125,66351.21875,65878.6484375,66266.3515625,12300,57.714887867516815,36.5368277249526,47.40634337887864,89033100,566.7581559115558,64157.510859375,61348.98119140625,720.3262344158575,0.8566451267399368,0.0,0.0055542264479708,0.0,-0.0016089075497695,0.4642857142857142,0.6740457521705844,-1.3421210886814796,-1.966523569735484,0.0919153943231829,1.708117792209748,1.927345712118379,0.4721087990407707,1.893878924592536,-0.5707630492750474,0.2748891064591985
2023-07-31,66527.671875,66598.421875,65998.8984375,66156.390625,7900,61.12302556570332,52.5212225839558,44.02116649882301,89041000,569.0985331678733,64253.470703125,61391.66400390625,686.1713988982956,0.8554313071967442,0.0,-0.0010275329509266,0.0,0.0055542264479708,-0.3577235772357723,0.8763365130478504,-0.8654240954453681,-1.1241174850378215,-0.1004232203238329,1.6245854264909845,1.739051173371965,0.6393842530772632,1.867116980756068,0.6847194743270653,-0.6324674936733606
2023-08-01,66459.3125,66658.1171875,66388.2578125,66532.9765625,10500,60.15175483161909,46.476842154597136,45.17829748783515,89030500,547.7243075844538,64343.383359375,61438.22396484375,646.1391257845389,0.8241498248788741,0.0,-0.0101796305822453,0.0,-0.0010275329509267,0.3291139240506329,0.7735260881394219,-0.9876491239938012,-1.3370245938655465,-0.3257605632003271,1.0571397626913712,1.0753861517421095,0.2904345012800979,1.8517950048573828,-0.4824178140165293,0.0924503317432806
2023-08-02,65782.78125,66261.96875,65431.6796875,66064.40625,7500,51.43991016949041,16.05041446576595,38.34949306810628,89023000,582.0034865069928,64419.403203125,61479.0083203125,553.4430955582939,0.8847352991889389,0.0,-0.0082407820435533,0.0,-0.0101796305822453,-0.2857142857142857,0.2138648899644836,-1.9494605869550137,-2.355017644539358,-0.8006007214631834,1.6904870858062184,1.9733789684597007,0.0164902668603862,1.8189658131551267,-1.8884553414503835,-0.5690937624764957
2023-08-03,65240.6796875,65820.8203125,64963.078125,65550.8203125,9300,45.725191741689216,10.451497146890992,24.32625125575134,89013700,601.6991080064932,64488.741171875,61519.035078125,431.2663877393352,0.922275964764018,0.0,0.0073661144366047,0.0,-0.0082407820435533,0.24,-0.2685996211542882,-2.317905141541767,-2.2622079180682717,-1.3838228334999272,1.9288085290160244,2.301548675798971,-0.3138635120900793,1.7869920518854647,-1.4514881477313477,0.1564343002910412
2023-08-04,65721.25,65799.2734375,65387.1796875,65453.55078125,12500,50.92964159516793,28.54462027178069,18.348843961479197,89026200,598.6201538631723,64565.71375,61558.041484375,368.9652724938351,0.9108471824001708,0.0,0.0035335079977937,0.0,0.0073661144366048,0.3440860215053762,0.0622527432527827,-1.645820308879216,-1.4786597123861729,-1.6469214731419632,1.7169978885925226,1.917204580838985,0.0293629204126246,1.7551259372233583,0.9584071519635854,0.2676510992892792
2023-08-07,65953.4765625,66067.8984375,65748.25,65811.3984375,7100,53.26195399226822,37.28778163421378,25.4279663509618,89033300,580.6221741229457,64634.749453125,61595.75396484375,334.4743208343134,0.8803511268624729,0.0,-0.0016220003565486,0.0,0.0035335079977936,-0.432,0.2001358015025769,-1.3805297722637406,-1.1549025792186471,-1.7729723899317795,1.2650652840054486,1.3548319161619122,0.2063486152532214,1.7233113034719902,0.3158619301030008,-0.7484140344431842
2023-08-08,65846.5,66057.53125,65752.6328125,66048.8125,6300,52.03501048894984,33.260191775986826,33.03086456066041,89027000,560.9276215070211,64694.751875,61630.18345703125,295.10607941065973,0.8518715824030452,0.0,0.0022675844577919,0.0,-0.0016220003565486,-0.1126760563380281,0.0010697202634485,-1.4799277952211811,-1.2866137688696595,-1.91411779348371,0.8029512010995519,0.8675608478627895,-0.10957691876627,1.6873759450354946,-0.4991061445260573,-0.3384226006503014
2023-08-09,65995.8125,66066.0078125,65444.37890625,65810.9609375,6600,53.64025331059479,46.36407319203264,38.97068220074439,89033600,565.263427560091,64755.285546875,61664.6265625,272.80995203416387,0.8565140819504132,0.0,-0.0046613989713362,0.0,0.0022675844577919,0.0476190476190476,0.0865720685731845,-1.259393981247107,-0.7725332498641131,-1.9564353395710063,0.8551176192918577,0.8881868368033491,0.0748095695162766,1.656292487481915,0.1485455902995153,-0.1217048556128063
2023-08-10,65688.1796875,65956.25,65509.140625,65945.390625,6000,49.93242025395679,35.87669114804793,38.500318705355774,89027600,559.6497452343702,64816.604375,61697.05296875,227.69202158780536,0.851979378781397,0.0,-0.00556464270648,0.0,-0.0046613989713362,-0.0909090909090909,-0.4728926173452337,-1.5159156159797424,-1.0685014184067485,-2.042616251084291,0.6740116999819259,0.7614321318870796,-0.3280946261423332,1.6242460178988558,-0.9086735427793028,-0.2891046565782853
2023-08-11,65322.6484375,65727.796875,65274.609375,65727.796875,7600,45.87472553443819,17.7908774642443,33.343880601441604,89020000,552.0452991462009,64874.4865625,61727.13046875,160.58924677556206,0.8451055068203364,0.0,0.0012135674133887,0.0,-0.00556464270648,0.2666666666666666,-1.1339312108108088,-1.737973235476932,-1.5701129385288397,-2.126652814482839,0.4345648096554642,0.5948381227901293,-0.792988620334233,1.590805207436654,-1.0061296555444623,0.8085666212142831
2023-08-14,65401.921875,65517.8203125,64821.87890625,65153.01953125,7600,46.88286190440664,26.825364422533227,26.830977678275133,89027600,562.323592510758,64931.5828125,61754.98177734375,112.50957779986491,0.8597967405078767,0.0,0.0021023847015199,0.0,0.0012135674133888,0.0,-1.027666430987191,-1.5182839758208988,-1.1788228452902505,-2.0810780733652128,0.6494907174646652,0.7934383206384162,-0.4141110110028259,1.5564915814812337,0.1925440644289664,-0.1168234684549424
2023-08-16,65539.421875,65605.7421875,65032.890625,65238.671875,0,48.66877567081857,33.184354716040374,25.933532200939283,89027600,563.0755903671323,64986.621875,61784.95908203125,84.5268220177677,0.8591403070980055,0.0,-0.0059262400039289,0.0,0.0021023847015197,-1.0,-0.803802776136089,-1.2674821957051003,-0.8999783745208754,-1.9608443855993407,0.6184563553873688,0.7279612723468407,-0.4379980485061617,1.532358474019979,0.3632759166140838,-2.961733830798538
2023-09-29,65828.40625,66151.6484375,65570.3828125,65743.9296875,8400,45.75932226231863,16.17580524882134,14.497115979029326,89080200,543.9605742731289,66009.69203125,62441.82673828125,40.73511146385863,0.8263310708257181,0.0,-0.0048049877783574,0.0,0.0048861875250818,0.0769230769230768,-0.179808096635723,-0.698794389416029,-1.0245799941937157,-0.3363493897041185,1.92252804718324,1.6278981348905832,0.6183901876193904,1.5513805201967583,0.921439888993363,-0.162785860366179
2023-10-03,65512.1015625,65813.5,65344.58984375,65813.421875,8600,42.184402254713575,6.486073613600442,8.684620596206448,89071600,539.6645622714769,65968.49609375,62458.73439453125,-16.874870538478717,0.823763166499284,0.0,-0.0043665596611503,0.0,-0.0048049877783574,0.0238095238095237,-0.5612913812398387,-1.014785859640161,-1.298125761075588,-0.5771734115005916,1.7576994628154072,1.6369983899544966,0.3355140441436262,1.5395596691743716,-1.027841194333901,-0.1721884153465614
2023-10-04,65226.0390625,65332.51953125,64878.76953125,65330.6484375,8600,39.20156131964094,11.391649207783136,11.35117602340162,89063000,546.3550957699429,65939.33171875,62472.1980859375,-84.63839067662775,0.8376334108628335,0.0,0.006217321422989,0.0,-0.0043665596611504,0.0,-0.8847465768848699,-1.2342803157433018,-1.1290385795149058,-0.8506946675921064,2.1109174915119477,2.0465310694838497,0.0498563413646519,1.5132375090553594,-0.8796776816935065,-0.1961252466745182
2023-10-05,65631.5703125,65753.203125,65443.33984375,65598.2578125,8000,45.1253312940041,24.69448555557691,14.190736125653478,89071000,544.9843076792326,65924.2675,62486.96638671875,-104.41485641818144,0.8303691426006251,0.0,0.0055470636808862,0.0,0.006217321422989,-0.0697674418604651,-0.4472998396011706,-0.7192914897635604,-0.7378792458902973,-0.9239309496741722,1.867478698303143,1.7083774087318695,0.239884561859287,1.496963116908147,1.1731239423076154,-0.2508344132236444
2023-10-06,65995.6328125,66095.8125,65762.328125,65867.5390625,10200,49.84941979850554,36.63700258199268,24.241045781784223,89081200,539.217013380716,65917.0659375,62507.94939453125,-89.67730272375047,0.8170495385848998,0.0,-0.0073223358411144,0.0,0.0055470636808863,0.2749999999999999,-0.0537303073895667,-0.3145880369220006,-0.3807222082070121,-0.8579020996472668,1.4518857275197534,1.243931242213711,0.498171956823376,1.5129314362395463,1.0145363826437113,-0.0207046945153047
2023-10-09,65512.390625,65789.9765625,65434.609375,65560.0703125,7300,44.38710738281626,21.666860350955933,27.66611616284182,89073900,540.774615103522,65893.1696875,62528.8223046875,-115.65805706316314,0.8254539483972954,0.0,0.0086543743037159,0.0,-0.0073223358411145,-0.284313725490196,-0.6245033508200454,-0.7768243423357292,-0.7855626560879237,-0.954858483898132,1.463316576252764,1.4339102575582288,0.2331809160315754,1.5276026911584648,-1.4009480041141893,-0.389688895501773
2023-10-10,66079.359375,66180.171875,65662.2734375,65662.2734375,5100,51.150375734973615,49.70590566016376,36.003256197704104,89079000,549.8465175961276,65889.42046875,62550.18814453125,-89.46703203492507,0.8321002545980382,0.0,0.0059577983764313,0.0,0.0086543743037159,-0.3013698630136986,-0.0136867622161476,-0.2253311105637918,-0.0288433632591528,-0.8540022046923197,1.780044937694344,1.5568001236661615,0.3365863299266893,1.5446490395647323,1.4778708407985868,-0.6277064972831152
2023-10-11,66473.046875,66592.15625,66299.7890625,66376.421875,16800,55.22247543398096,92.15996206433256,54.51090935848407,89095800,547.200114553547,65895.67734375,62574.04193359375,-36.52216020898777,0.8231909627710245,0.0,-0.0009726686685745,0.0,0.0059577983764314,2.294117647058824,0.4109786548601733,0.0986027587339255,1.1186068453217952,-0.6578466184979047,1.544242103022592,1.2634647040979876,0.9818076430261344,1.5737686205359076,0.94105685016795,3.272154328127094
2023-10-12,66408.390625,66577.6015625,66339.421875,66564.5703125,7100,54.42013194019387,89.27471405089062,77.04686059179564,89088700,525.1272269068651,65893.29171875,62600.7476953125,0.2173081470536999,0.7907543338494586,0.0,-0.001892056656056,0.0,-0.0009726686685745,-0.5773809523809523,0.284885073497386,-0.0001857893193628,0.9694765147569228,-0.5336131536757336,0.5114335649112185,0.3782597005695255,0.6188920105671429,1.6149093131707652,-0.3009166377597213,-1.0167607053354966
2023-10-13,66282.7421875,66478.8984375,65895.40625,66034.2109375,13400,52.81420251988446,81.94137615787446,87.79201742436585,89075300,529.2961526635175,65889.7603125,62628.0303125,18.976078276187764,0.7985429316823519,0.0,-0.0017472496788438,0.0,-0.001892056656056,0.8873239436619718,0.0771056202716972,-0.1687567167817378,0.7110392079114665,-0.4866461104532127,0.6515243453281858,0.550591083599404,-0.0149733611394798,1.6542467319867866,-0.4531744399484131,1.2114477304917255
2023-10-16,66166.9296875,66342.75,66039.3828125,66238.1484375,6600,51.31119208343001,75.18210233296172,82.13273084724226,89068700,513.158369437552,65897.44328125,62659.638515625,24.21826480726304,0.7755511278234448,0.0,0.0039470482268627,0.0,-0.0017472496788438,-0.5074626865671642,-0.143104197224228,-0.3423124408128292,0.469634134941027,-0.5036473640127339,-0.1046036029031414,-0.06642157210557,-0.4953605169442804,1.712066167334703,-0.4440061454840061,-0.970410332353056
2023-10-17,66428.09375,66559.8203125,66309.1796875,66558.1484375,7900,54.45864932519885,90.42466606022884,82.51604818368833,89076600,504.5678162634412,65921.1915625,62688.946875,48.88299981242744,0.75956991655122,0.0,-0.0082957417771754,0.0,0.0039470482268628,0.196969696969697,0.1800026114179778,-0.0613917730288216,0.8717627300054238,-0.4317219038342505,-0.4888407914321043,-0.4718650848166329,-0.1604903107042538,1.7520689948822588,0.6387492772531229,0.2341125692970188
2023-10-18,65877.0234375,66475.2734375,65842.1015625,66473.7421875,7100,47.48352528987402,58.26203129310325,74.62293322876458,89069500,513.7538204589097,65924.30703125,62713.69484375,23.690126243120176,0.779867992891827,0.0,-0.0037612696668828,0.0,-0.0082957417771754,-0.1012658227848101,-0.634279114394942,-0.6844427902234217,-0.0438217996361575,-0.5707803451547693,-0.0870577264603018,0.0533824821333196,-0.7242721718731281,1.765550091315205,-1.5243903416919204,-0.3217655552759605
2023-10-19,65629.2421875,65869.6484375,65343.5,65484.609375,11000,44.71057892114491,43.80054123435174,64.16241286256125,89058500,515.1659359618446,65917.82234375,62737.2896484375,-16.083878704273957,0.7849640172440772,0.0,-0.0035292361458062,0.0,-0.0037612696668828,0.5492957746478873,-0.9818825011134572,-0.8923879019960709,-0.4251184492191294,-0.7594939197715823,-0.0750959608260766,0.1469955832264462,-1.5503812672517276,1.7725166945448263,-0.665011503312333,0.803521392299765
2023-10-20,65397.62109375,65555.140625,65308.609375,65437.0703125,14300,42.22805227916409,30.282221568667683,44.11493136537421,89044200,501.2707128574272,65908.844765625,62758.608359375,-65.53945269492397,0.7664968610078895,0.0,-0.0126264866166349,0.0,-0.0035292361458062,0.3,-1.265375679680637,-1.0519781432666653,-0.7672958732375154,-0.9674890717290026,-0.8028354456108948,-0.3972940543338698,-2.3838811091078904,1.7680218815803608,-0.5901848055060721,0.3231991644563712
2023-10-23,64571.87890625,65453.921875,64502.6796875,65419.01953125,6800,34.807904535960006,3.31179683907079,25.798186547363382,89037400,533.4115324747538,65880.36609375,62777.2640625,-169.41098057710042,0.8260740457145412,0.0,-0.0080967182828777,0.0,-0.012626486616635,-0.5244755244755245,-2.152118994240611,-1.5748435724234902,-1.456287157888203,-1.359963726176504,0.7474521824472249,1.1856389565262455,-2.5030443576793573,1.750959963005892,-1.994641366417227,-1.1309443116260556
2023-10-25,64049.05859375,64787.078125,63912.16015625,64619.26953125,7100,31.08367435838332,5.108158098411407,12.900725502049944,89030300,557.8048493515571,65847.583671875,62791.67041015625,-290.5676614753684,0.8709024950539842,0.0,-0.014065939079047,0.0,-0.0080967182828777,0.0441176470588235,-2.4263250872295554,-1.734823884413988,-1.308547285746301,-1.7294646126821942,1.8180283500081915,2.164522300922687,-2.5053198874744527,1.713678576801347,-1.1466488130714942,-0.0644089856785729
2023-10-26,63148.1484375,63774.16015625,63092.98046875,63774.16015625,12900,25.934375046737173,1.5765989535482128,3.3321846303434515,89017400,586.252940469303,65804.093671875,62800.94015625,-454.0471514358287,0.9283770862253208,0.0,0.0100502130221306,0.0,-0.0140659390790469,0.8169014084507042,-2.8561803238490167,-1.9793189520167456,-1.322597835999879,-2.128317174391062,2.700258822700441,2.9693656653638025,-2.66292136331767,1.6537933578837518,-1.968761812980513,1.273927737747029
2023-10-27,63782.80078125,63913.12890625,63393.37109375,63559.3203125,12600,34.20346807464135,19.713794208234305,8.79951708673129,89030000,599.0191924893528,65771.71125,62816.5669140625,-526.3275090095631,0.9391547331760388,0.0,0.0051714200726501,0.0,0.0100502130221307,-0.0232558139534884,-2.0050773601778538,-1.2425550213369696,-0.7392406843635582,-2.1317711749837485,2.7082912900928804,2.686263687594605,-1.8787775694289208,1.629713775801774,1.817676249084666,-0.2480798138676414
2023-10-30,64112.6484375,64184.578125,63431.44921875,63885.55859375,5600,38.07320957929842,29.14023280035812,16.81020865404686,89035600,610.0270291865419,65743.17578125,62835.36380859375,-550.6467509518479,0.9514924808966904,0.0,-0.0037078292005319,0.0,0.00517142007265,-0.5555555555555556,-1.5780314578853416,-0.8781120797224448,-0.4093419667163516,-2.001603431554217,2.626085514839264,2.504554953804602,-1.5132886374253751,1.622285946756388,1.0490358160557067,-1.1764501383527657
2023-10-31,63874.9296875,64452.3203125,63812.53125,64449.6484375,15000,36.41114458551952,22.34666869095289,23.733565233181757,89020600,612.1528887089318,65717.653984375,62855.2366015625,-582.3884305254105,0.9583617417722604,0.0,-0.0044399510713747,0.0,-0.0037078292005319,1.6785714285714284,-1.6813359897989937,-0.9951564639455964,-0.5689090563113293,-1.9300622441183712,2.346761388583981,2.302384418220388,-1.9744847245958492,1.6189333862043342,-0.2883527527061554,2.425057105096126
2023-11-01,63591.328125,63896.05078125,63550.4609375,63829.87109375,6100,34.477426247129074,14.301344187574196,21.92941522629505,89014500,593.1126712118652,65690.50734375,62869.45669921875,-623.2438490742061,0.9326942661835862,0.0,0.0076986961419906,0.0,-0.0044399510713747,-0.5933333333333333,-1.842437118577003,-1.2059546406514847,-0.778779185629269,-1.917224221946922,1.6358516398045169,1.7434104613402266,-2.066340863227229,1.585943677726204,-0.359447418406874,-1.135852024090963
2023-11-02,64080.8984375,64202.640625,63815.3515625,64033.3984375,6400,40.365183675970414,28.49621018781739,21.714741022114808,89020900,594.4126589824463,65667.803515625,62889.2837890625,-609.096544101616,0.92759726139326,0.0,0.0044144638948204,0.0,0.0076986961419907,0.0491803278688525,-1.3197463590704632,-0.5199021322125124,-0.2427980354719231,-1.772190738155947,1.5712255942694866,1.5657178012157489,-1.6818466162914636,1.5823008284883535,1.4205430125156158,-0.1119902223151168
2023-11-03,64363.78125,64535.19140625,64275.390625,64444.8984375,16100,43.52313693266577,36.655883701723134,26.48447935903822,89037000,584.4041096801286,65650.678515625,62910.5751953125,-568.5050518113931,0.9079704428958308,0.0,0.0092429335986222,0.0,0.0044144638948204,1.515625,-0.9755389101550554,-0.0540546527973763,0.0856327034927995,-1.564838701259218,1.1906261014998274,1.1739472202437882,-0.956420960094933,1.5857260256760968,0.8704931818893301,1.971761285451937
2023-11-06,64958.69140625,64992.5390625,64617.48046875,64835.23046875,8100,49.57117064678568,53.8158963663549,39.65599675196513,89045100,587.5722313101194,65641.186328125,62935.57849609375,-482.766690096134,0.9045321243241456,0.0,-0.0002508204583141,0.0,0.0092429335986223,-0.4968944099378882,-0.335543246604578,0.7702286296985058,0.7000794501848422,-1.215272679916093,1.1961202630824193,1.0474839209666662,-0.5752833496507089,1.6071969422040815,1.497486214215587,-0.9468960257050472
2023-11-07,64942.3984375,65021.2890625,64638.1015625,65021.2890625,7700,49.415094407821165,54.679413812975895,48.38373129368463,89037400,572.9733219308251,65634.9875,62958.98458984375,-411.39086927824974,0.8822792747364414,0.0,0.0005113906831137,0.0,-0.0002508204583141,-0.0493827160493827,-0.3183666573921521,0.7314090973300238,0.6932413437165386,-0.9089351755345592,0.7263996210458749,0.6550554964976102,-0.8412620200433932,1.6186836650665564,0.0412836060021301,-0.296941322912945
2023-11-08,64975.609375,65124.0,64851.05859375,65101.94921875,6400,49.76231290003263,67.80172953475318,58.76567990469464,89043800,551.5424708107662,65636.769453125,62983.39779296875,-348.1321215516582,0.848845399244501,0.0,-0.0022071383035797,0.0,0.0005113906831137,-0.1688311688311687,-0.250583307393089,0.7596976605236115,1.093224594662848,-0.6232802750842471,0.0761668534383433,0.1003196676166902,-0.5304857330793307,1.6339335167096365,0.1557904185333299,-0.4705220187861567
2023-11-09,64832.19921875,65046.55859375,64768.76171875,65025.3203125,11600,48.22302515632858,70.63792115980473,64.37302150251125,89032200,531.98921396714,65633.48140625,63004.2801953125,-306.04323341485724,0.8205632700691795,0.0,0.0011179702312032,0.0,-0.0022071383035797,0.8125,-0.3644257210245901,0.5400731213091268,1.1155578295837518,-0.4099227443136086,-0.5578620213743246,-0.4010200646109074,-0.9528846264495112,1.630877159439719,-0.2524842791686172,0.8969985386484142
2023-11-10,64904.6796875,65014.05859375,64580.94921875,64756.109375,11100,49.08032092320765,76.73630586316038,71.72531885257274,89043300,524.92636832663,65630.05859375,63023.57490234375,-263.79801889554074,0.8087650549298152,0.0,0.0004497581128286,0.0,0.0011179702312031,-0.0431034482758621,-0.2497435981100047,0.6512073655816567,1.2382226830176792,-0.1890013184747258,-0.819900756971061,-0.6407817543856896,-0.4459006380595002,1.620721955421828,0.2614596697780743,-0.3324401267317565
2023-11-13,64933.87109375,65176.9609375,64853.359375,65158.30859375,7700,49.44339116051519,88.33531084406906,78.56984595567803,89051000,510.5460250532993,65626.991015625,63043.952109375,-225.36501193430013,0.7862553340092492,0.0,0.0114279124477059,0.0,0.0004497581128286,-0.3063063063063063,-0.1984615388053845,0.6593420540301196,1.51778720555171,0.016319794868488,-1.2162866401263852,-0.9899610027009066,-0.0909630068277637,1.618443009147818,0.1139150071171128,-0.6698491987251787
2023-11-15,65675.9296875,65747.6484375,65373.5,65461.5390625,7500,57.70018314881844,97.2983909534355,87.45666922022163,89058500,532.2054049602065,65643.88140625,63069.22291015625,-133.48986211356532,0.8103507746179652,0.0,0.0046675681099394,0.0,0.0114279124477059,-0.0259740259740259,0.6045947406661917,1.6239216070411633,1.6663384757961412,0.4493087727103507,-0.5366311664270089,-0.5761697309390488,0.267486732293636,1.6402585779565777,1.7288495889180682,-0.2653627643964829
2023-11-16,65982.4765625,66358.3671875,65507.01953125,65665.8671875,11600,60.565379882842585,87.32239054910222,90.98536411553556,89070100,555.0012800523346,65655.787734375,63094.42693359375,-35.53277336953033,0.8411343571298443,0.0,-0.0028454524561859,0.0,0.0046675681099395,0.5466666666666666,0.9069406322501016,1.799514034162658,1.2561310355884288,0.8882610627726281,0.1448703240628665,-0.0738358140588434,0.7797766832638071,1.6601598540055964,0.6644117809857767,0.5225619354279556
2023-11-17,65794.7265625,66037.6875,65639.7421875,65788.7890625,10900,57.97522268871236,80.74286225244931,88.454547918329,89059200,543.7829966557392,65659.119453125,63118.50681640625,26.64195739425486,0.8264841653216488,0.0,-0.0021214181180221,0.0,-0.0028454524561859,-0.0603448275862068,0.6815306349914304,1.3804315076856477,0.9761020571901818,1.1305113498868158,-0.195853356029,-0.3114414385979077,0.3071779070491335,1.674852403601144,-0.4779389175025292,-0.3345120569316048
2023-11-20,65655.1484375,65844.0078125,65547.796875,65787.5078125,7200,56.05591236448021,74.95576107642482,81.0070046259921,89052000,526.099278144615,65656.617265625,63145.757265625,63.91630391979561,0.8013069662700281,0.0,0.0041980713860144,0.0,-0.0021214181180221,-0.3394495412844036,0.533236264232752,1.090748556349951,0.7335015829532051,1.2405583352690948,-0.7115319123038778,-0.7088049497294743,0.0182760813440948,1.7052425566079494,-0.3303097275989718,-0.7119956818582546
2023-11-21,65930.7734375,66082.359375,65849.171875,65860.4609375,5400,58.946206225991865,84.7717939300858,80.15680575298663,89057400,519.0358252414283,65657.622265625,63178.756640625,114.37864032675134,0.78724364690406,0.0,0.0014025127444873,0.0,0.0041980713860143,-0.25,0.8277936948377577,1.343885596342616,0.9919000143555848,1.3859189002149075,-0.8939756776186155,-0.9140735610710536,0.3034450024713395,1.7588693023529516,0.6491409140810757,-0.5587104382343643
2023-11-22,66023.2421875,66063.4296875,65664.8515625,65839.6171875,4300,59.89912623775435,86.82174829342624,82.18310109997894,89061700,510.431703795612,65652.775859375,63211.37080078125,159.98762309201993,0.7731091156445065,0.0,-8.223903159102943e-05,0.0,0.0014025127444872,-0.2037037037037037,0.8967665552554616,1.3479196646330305,0.9907459239323568,1.4807067593481134,-1.0981736211821147,-1.09391729581448,0.5278634189947745,1.802949919633207,0.1772712199218482,-0.4987814986067821
2023-11-23,66017.8125,66235.2421875,65980.5,66084.3671875,7500,59.81133499869768,83.65057516099633,85.08137246150277,89054200,492.168166917354,65641.153984375,63243.71037109375,193.46479835720675,0.745508141332847,0.0,-0.0007236446602952,0.0,-8.223903159099155e-05,0.7441860465116279,0.8950747718322217,1.2730887833257858,0.8400422234540524,1.517085498563383,-1.5119115504011666,-1.4342145813332234,0.223433263153904,1.838222369246338,-0.0113055370968999,0.7782789291559798
2023-11-24,65970.0390625,66101.640625,65894.046875,66000.2890625,10800,58.9920769473146,78.15212112021696,82.87481485821316,89043400,471.8414228518287,65618.013203125,63275.02017578125,213.6776409626036,0.7152359306696882,0.0,0.0030947997818612,0.0,-0.0007236446602952,0.4399999999999999,0.8806718342811166,1.1592181829733603,0.6871501848135864,1.5087678512133669,-1.8814272263398737,-1.743958003738197,-0.2343868107972806,1.860782103097242,-0.0808543659411296,0.526377077371933
2023-11-28,66174.203125,66256.203125,65906.6484375,66063.71875,5100,61.42390558533752,89.63867442897988,83.81379023673104,89048500,463.10665604098375,65597.074609375,63306.23,243.3654327080076,0.6998295924564392,0.0,0.0109967795702111,0.0,0.0030947997818611,-0.5277777777777778,1.1189691288025954,1.351018057749442,1.062730757646762,1.534810036593252,-1.924006191173517,-1.8203905937483829,0.1176834473560334,1.8748698676107651,0.5267130309541289,-1.0979393409929772
2023-11-29,66901.90625,66946.28125,66374.5234375,66381.2578125,8300,68.57671164559163,98.12394203377237,88.6382458609897,89056800,485.17604668091343,65585.772890625,63336.53013671875,321.9020950987615,0.7252051157823525,0.0,0.001293404849731,0.0,0.010996779570211,0.6274509803921569,1.8180390553064505,1.8910134889566368,1.297952062526594,1.7021156414250933,-1.3057855956816715,-1.391859610883967,0.6654994716832451,1.87741242389823,1.671351258136306,0.8682730594178286
2023-11-30,66988.4375,67069.890625,66610.3515625,66963.203125,11100,69.30553401990304,96.72739885336544,94.83000510537254,89067900,483.3448335251339,65575.161640625,63368.93783203125,386.6680460305652,0.7215347178759527,0.0,0.0073557470272388,0.0,0.001293404849731,0.3373493975903614,1.8032640962820536,1.7929756504144234,1.2045113815719857,1.7871827514507277,-1.2949427886482274,-1.380621757554026,1.34544163498152,1.8811269953020693,0.1353302080433017,0.3318572469510788
2023-12-01,67481.1875,67564.328125,67149.0703125,67181.1484375,21700,73.12772851998508,97.2132059784352,97.35484895519096,89089600,489.95524720191,65568.012734375,63404.91357421875,472.31181902806566,0.7260619816477148,0.0,0.0205083777978862,0.0,0.0073557470272387,0.954954954954955,2.129575179995035,1.9401248715555623,1.2028873876907271,1.9014237228843875,-1.1169298363812228,-1.2862197754839333,2.492678559163894,1.8916162480328105,1.0532264462490075,1.3181308644526415
2023-12-04,68865.1171875,68918.21875,68274.46875,68435.34375,30900,80.47979163397095,98.69364330715622,97.54474937965227,89120500,557.6035331160593,65593.378203125,63445.92021484375,644.4281197351957,0.809703890574766,0.0,0.0062589516304233,0.0,0.0205083777978862,0.4239631336405529,2.838501813762933,2.2305883395331447,1.176840464524301,2.1687247232429265,0.409684087557028,-0.2302070958011611,3.343475951092457,1.9135413169172693,2.6374775354282294,0.3956038863142239
2023-12-05,69296.140625,69381.3125,68954.8828125,69168.53125,9600,82.12050127705702,97.8748538011696,97.92723436225366,89130100,554.6458030720552,65643.284140625,63488.36982421875,806.3167991241353,0.8003992690928524,0.0,0.0051602576171607,0.0,0.0062589516304234,-0.6893203883495146,2.668206390926919,2.0853217702006224,1.0787504720627232,2.2981929517109845,0.3121884182436357,-0.3576171812827879,3.028173303140685,1.9295004543744705,0.615199761447502,-1.3708604535193116
2023-12-06,69653.7265625,69744.6171875,69395.0078125,69534.9296875,10400,83.36937915373312,97.85513792547184,98.14121167793252,89140500,547.062285888337,65711.753828125,63533.2249609375,952.4892375442578,0.7854027528555277,0.0,-0.0018956496517314,0.0,0.0051602576171607,0.0833333333333332,2.4873405364324777,1.9474348621892743,1.0084111718621087,2.3215931800209098,0.1023285002008544,-0.5624574332982641,2.803265677918686,1.944006208984183,0.424859426166067,-0.0938199843055141
2023-12-07,69521.6875,69695.328125,69320.53125,69694.1484375,26000,81.11628485011181,94.6881288475464,96.80604019139594,89114500,534.7576136820272,65782.004609375,63578.67419921875,1045.624194425618,0.7691953876724112,0.0,0.0043715000804605,0.0,-0.0018956496517313,1.5,2.1262595323510367,1.6588534914517743,0.8642014020999733,2.21899178123608,-0.1887556346722316,-0.7408305402152033,1.7810064528464808,1.9507619886158143,-0.6617729838957612,2.0032138157941968
2023-12-08,69825.6015625,69893.796875,69506.1171875,69666.3828125,18200,82.3018712264651,98.43084876898295,96.99137184733372,89132700,524.2520475261682,65858.042890625,63622.6408984375,1130.921089339201,0.7508020493843035,0.0,0.0014740966808265,0.0,0.0043715000804605,-0.3,2.051866395679674,1.615780732783038,0.9355103654874284,2.117252770397941,-0.4097219782720638,-0.917000202330878,2.0765151713102243,1.9452124649964544,0.23260957719495,-0.7628151815948376
2023-12-11,69928.53125,70057.828125,69782.4765625,69925.6328125,12400,82.69807153840193,97.0567365165632,96.72523804436418,89145100,506.4734414528705,65937.704140625,63665.90810546875,1193.0720665297558,0.7242729575460238,0.0,-0.005398368780983,0.0,0.0014740966808266,-0.3186813186813186,1.926979788954448,1.5621648241752042,0.8574023711874456,2.002488680136246,-0.7730155655599446,-1.1773455909682726,2.162367189891095,1.934414423530536,-0.3564856834394979,-0.7382558556675026
2023-12-12,69551.03125,70033.640625,69443.8515625,70020.6796875,7000,75.97995576385219,88.4634741890909,94.65035315821234,89138100,512.4245572419512,66006.351015625,63707.065703125,1198.055629097507,0.7367605455051411,0.0,0.0004826716713851,0.0,-0.005398368780983,-0.4354838709677419,1.6016686280840613,1.0642547241529243,0.4952439383517958,1.829385517774944,-0.5810106984110688,-0.9588558027272224,1.795044713577232,1.9141830179880923,-1.499059948398637,-0.8862173045353433
2023-12-13,69584.6015625,69657.9296875,69100.5625,69648.5625,7100,76.16538717977303,88.63469202422678,91.38496757662692,89145200,515.6347451175261,66087.876640625,63749.975859375,1190.9850477292348,0.7410184631931672,0.0,0.0133592999259332,0.0,0.0004826716713852,0.0142857142857142,1.4989206672416755,1.012836023850604,0.4504306339694377,1.6714483820302102,-0.4507636760303681,-0.8548899483893202,1.7923845862937806,1.898487188018297,-0.4090770366989711,-0.2331294824531175
2023-12-14,70514.203125,70602.890625,70110.75,70146.09375,12200,80.62566959215737,98.1165758579269,91.7382473570815,89157400,551.53862493056,66181.592578125,63799.0891796875,1246.0291892757086,0.7821667132121618,0.0,0.0137496678971368,0.0,0.0133592999259333,0.7183098591549295,1.7947289659276764,1.2458431968167216,0.8069151182562625,1.630461482793148,0.578695732768804,-0.217843406729744,1.896883469953794,1.899678891791209,1.7536651073744718,1.001514978215294
2023-12-15,71483.75,71605.7578125,70655.96875,70804.1328125,25100,83.99066322165086,97.85917755789691,94.87014848001684,89182500,590.1112008283772,66301.025546875,63853.1443359375,1352.2979490141006,0.8255179685290394,0.0,-0.0023593648906219,0.0,0.0137496678971369,1.057377049180328,2.0522776632947006,1.4161207337533883,0.8000200506992939,1.6729200722202389,1.673161298015956,0.5410399713316049,2.214667950946947,1.9111800342867529,1.6829781552128398,1.4690954500979656
2023-12-18,71315.09375,71552.2421875,71142.2890625,71437.3515625,12500,81.34398407107977,94.44368113405356,96.80647818329244,89170000,577.2427668406359,66422.806640625,63910.99490234375,1406.6920861423132,0.8094257982247074,0.0,0.0017120323844487,0.0,-0.0023593648906219,-0.50199203187251,1.8115749494851243,1.163060409669358,0.5942368499810764,1.6384838144891265,1.362083907943519,0.3738079868922583,1.7819264871126854,1.925981449244897,-1.007662289311004,-1.1079313913700242
2023-12-19,71437.1875,71623.7109375,71071.9765625,71479.28125,8600,81.79131059496393,96.27947203565472,96.19411024253505,89178600,575.4207388520191,66538.918984375,63970.1518359375,1443.0175686656585,0.8054918719357744,0.0,-0.0130306781744452,0.0,0.0017120323844488,-0.312,1.7180203411552972,1.1324707422329403,0.7171693758763397,1.584210078693365,1.3353703222337971,0.3982669685166161,1.78991850628598,1.935738492845421,-0.3022503770106618,-0.7563363245669141
2023-12-20,70506.3125,71913.0703125,70302.6015625,71647.65625,13200,68.33744458189386,70.47107866288833,87.06474394419887,89165400,649.3527396483034,66629.132578125,64025.36375,1380.7752251307684,0.9209852517082118,0.0,0.005088750918579,0.0,-0.0130306781744452,0.5348837209302326,1.224574230819642,0.0566757460063893,-1.5073210113572053,1.3932853167858092,2.998122899028429,2.6123375654356726,1.4089065222527637,1.926893605253675,-2.417488936030213,0.7166523741032389
2023-12-21,70865.1015625,70958.7109375,69920.390625,69920.890625,8800,70.3610911027825,71.19858462106622,79.31637843986974,89174200,677.1361377091389,66736.186796875,64083.2475,1344.8958757785877,0.9555283528549432,0.0,0.0034129546090707,0.0,0.005088750918579,-0.3333333333333333,1.288949664938307,0.1677372890386438,-1.6865345144015784,1.2567326890011683,3.0285234716351765,2.893259720102234,1.4700238333921811,1.9209374604004503,0.3305896263280854,-0.8412036798220827
2023-12-22,71106.9609375,71259.546875,70713.5625,71045.6484375,15300,71.67529427913674,72.74988907903911,71.47318412099787,89189500,667.7681546584861,66836.738828125,64143.97169921875,1320.7524510635849,0.939103775290616,0.0,0.0032322565114548,0.0,0.0034129546090706,0.7386363636363635,1.3024511139632915,0.225019170984592,-1.5985890880804738,1.1471307304476606,2.4412711544960914,2.339621626314369,1.6294237438993364,1.917407672180816,0.0587956403374435,1.0251673529117673
2023-12-26,71336.796875,71471.2890625,71012.078125,71097.78125,7700,72.90480487908022,79.51033469351474,74.48626946454,89197200,652.871210575737,66934.013828125,64203.60029296875,1305.1198432263336,0.9151955781246128,0.0,0.0098354964511434,0.0,0.0032322565114548,-0.4967320261437908,1.314388414979257,0.2756572243815184,-0.984096930165264,1.057763719288833,1.937706524624453,1.803327787779136,1.6456250288926733,1.9070226424876064,0.0031595351567466,-1.099425611261956
2023-12-27,72038.4296875,72119.8515625,71473.6484375,71492.0234375,9800,76.28857712842118,97.3032765888079,83.18783345378723,89207000,662.1700303560416,67046.614609375,64269.24568359375,1333.969621636148,0.9191899840522764,0.0,0.0051632597575144,0.0,0.0098354964511433,0.2727272727272727,1.5124913593215537,0.5333808749799097,0.8502334975789325,1.0458159929727897,1.891539033116328,1.7122314247863388,1.6854764100866035,1.9081189702360803,0.970544488359391,0.2552494905691622
2023-12-28,72410.3828125,72484.34375,72137.453125,72262.671875,7800,77.8666226737814,97.81425180779638,91.54262103003964,89214800,646.7231755091815,67169.167421875,64332.25275390625,1371.0422657277522,0.8931359708231504,0.0,-0.0023494558845314,0.0,0.0051632597575144,-0.2040816326530612,1.5654701469895451,0.6408373340754127,0.8599868682567924,1.0518996044601283,1.506367113779536,1.2564340759153614,1.6814175640533386,1.898857299998829,0.2311166246202511,-0.6047931293286503
2023-12-29,72240.2578125,72417.0078125,72082.640625,72351.59375,19800,75.39507217271347,92.78659229227658,95.96804022962694,89195000,624.4120335085256,67290.633984375,64392.33173828125,1370.8921462470753,0.8643546582145244,0.0,-0.0048142304655482,0.0,-0.0023494558845313,1.5384615384615383,1.393882705568151,0.333692610318688,0.3423545859595132,0.9945966076852296,1.0794072116468465,0.8253838489050798,1.239155861039142,1.8806314954626568,-0.8638815614557687,2.2085680478654224
2024-01-02,71892.4765625,72332.8515625,71613.7421875,72332.8515625,300,70.47071508459122,82.50870420480047,91.03651610162446,89194700,631.1761293293451,67399.921640625,64450.053671875,1327.4085951297602,0.8779446188373129,0.0,-0.0074538397565722,0.0,-0.0048142304655482,-0.9848484848484848,1.1663199471536363,-0.2427109671381459,-0.7420442243943352,0.8593200035979525,1.1197536876857426,0.980906758603012,1.152150179526185,1.8570802625308085,-1.1698200686228453,-1.736392811736028
2024-01-03,71356.6015625,71862.0,71303.96875,71832.6171875,13600,63.57993095804804,66.67213084474653,80.65580911394117,89181100,628.1283924129633,67509.513203125,64507.8052734375,1235.4652591246995,0.8802666868359708,0.0,0.0068804951363885,0.0,-0.0074538397565722,44.333333333333336,0.8760993144186664,-1.0632501816572693,-2.2027299051802403,0.630110203403452,1.0118325270658692,0.9726586997829436,0.8530021084537129,1.834886508631938,-1.5042778491373228,5.277893785339263
2024-01-04,71847.5703125,71954.7890625,71546.6015625,71678.9296875,8900,66.78454148701738,75.16438848701651,74.78174117885449,89190000,625.9897572406088,67633.879765625,64571.36748046875,1188.5161040309904,0.8712747759150032,0.0,0.0024855137650901,0.0,0.0068804951363885,-0.3455882352941176,1.0368230726487198,-0.7817113570059392,-1.3662898580995126,0.4837314408205349,0.9198777461326882,0.813251638640268,0.9519181071808204,1.8253310127486493,0.5705464647640744,-0.2420846147642577
2024-01-05,72026.1484375,72156.4765625,71779.828125,72016.7109375,14900,67.89120992244706,82.12934128817196,74.65528687331164,89204900,608.1796629734225,67766.4503125,64640.30896484375,1152.4337833275786,0.844387317893535,0.0,-0.0093150848970106,0.0,0.00248551376509,0.6741573033707866,1.0605141046594333,-0.7164831565782172,-0.6659964420147093,0.352818902490676,0.6110662490593035,0.4362217399029969,1.153878705550482,1.8244262907936768,-0.0723855336651292,-0.1199862272168719
2024-01-08,71355.21875,72181.7734375,71301.0390625,72113.25,10900,59.82624553549152,55.9615583845746,71.08509605325435,89194000,627.6478566896066,67902.117109375,64707.5841015625,1057.5095537642046,0.87961030417219,0.0,0.0004343366616054,0.0,-0.0093150848970106,-0.2684563758389261,0.6910915101519555,-1.7474305654825149,-2.701251167778757,0.0729743003034271,0.8434250145640132,0.8420758970386809,0.8933241491156931,1.8171242784935429,-1.679377181532855,-0.236242174056474
2024-01-09,71386.2109375,72035.46875,71307.2734375,71770.90625,9500,60.06225658332717,57.1703241454541,65.08707460606686,89203500,634.8298178189203,68048.86015625,64776.7356640625,973.5596389636776,0.8892891350890244,0.0,0.0038032555087943,0.0,0.0004343366616055,-0.128440366972477,0.6605496148861476,-1.7216172494462962,-2.2827586230396584,-0.2121451635429801,0.8894716013530388,0.9048638396142776,1.0218179762921191,1.8115012331098597,-0.3098274345721863,-0.2152061643976728
2024-01-10,71657.7109375,71733.84375,71110.9765625,71383.203125,9400,62.15950102985434,67.75944129243783,60.29710794082215,89212900,633.9753442247118,68219.05140625,64846.85001953125,918.3503366104125,0.8847273181495656,0.0,0.0008857211480751,0.0,0.0038032555087943,-0.0105263157894737,0.7711456494067097,-1.5017222510785544,-1.4052841309896271,-0.4616579019916319,0.8223691134537556,0.790138056355323,1.173763693662346,1.8058808724862463,0.1440271607024326,-0.1987169362198549
2024-01-11,71721.1796875,71999.46875,71543.1875,71907.75,7800,62.65323534246565,70.23486681333146,65.05487741707445,89220700,621.2829089229466,68377.818984375,64915.50642578125,869.6926884805143,0.8662474761708745,0.0,0.0118134342071853,0.0,0.000885721148075,-0.1702127659574468,0.7817902376763644,-1.4546524739873203,-1.1461420459436371,-0.7393060989927618,0.574717291093193,0.495356883127408,1.3158527715020916,1.7962613663012632,-0.2577628903634035,-0.2199925955077668
2024-01-12,72568.453125,72720.9609375,71982.2890625,72148.0703125,20400,68.55219153363801,92.4027134000397,76.79900716860298,89241100,648.3185047141648,68546.935078125,64990.2039453125,889.2483359459147,0.8933888994401309,0.0,0.0104657649749234,0.0,0.0118134342071853,1.6153846153846154,1.321149846999135,-0.6735862206290828,0.484462044849952,-0.8272734018041928,0.9665823380294708,0.8155966012963001,1.7562094013076388,1.796849553888782,1.2754354740856917,-0.0034436368727893
2024-01-15,73327.9375,73402.15625,72909.0,73049.8671875,16000,72.71283530492792,96.89471447716798,86.51076489684635,89257100,661.5602633060101,68735.995234375,65066.470234375,955.0214761430688,0.9021940148064442,0.0,-0.0027160734269936,0.0,0.0104657649749233,-0.2156862745098039,1.860469123659038,-0.1386428184284126,0.8136569586149492,-0.7516734788643308,1.1394102657110632,0.8861883272806059,2.085397502622589,1.7980730108494691,1.024120263406662,-0.2273578042005276
2024-01-16,73128.7734375,73427.59375,72960.2890625,73331.953125,11200,70.09388594066043,87.10100597921944,92.13281128547568,89245900,647.6848650341523,68926.744140625,65141.04115234375,979.7819715836376,0.8856771891404694,0.0,-0.0222623127460409,0.0,-0.0027160734269936,-0.3,1.712450338511086,-0.4719610568897516,0.1209087796251732,-0.8318876132697032,0.8448813289106544,0.5924038564964574,1.7325901437804665,1.794211462406467,-0.7457384815871193,-0.2324097968110675
2024-01-17,71500.7578125,72484.796875,71429.296875,71998.9296875,14100,53.21976225509869,16.825449284550817,66.94038991364606,89231800,722.81284342457,69075.141328125,65208.91853515625,858.145421326728,1.0109163392645966,0.0,-0.0043901414069365,0.0,-0.0222623127460409,0.2589285714285714,0.2639447218853489,-2.353693752404569,-3.629975581527738,-1.5627773206530031,2.029358392894056,2.2181417646940464,1.2793857037247394,1.7777891078006618,-3.005290252275491,-0.1627267726090268
2024-01-18,71186.859375,71451.2890625,70665.5,71018.859375,13000,50.68611937138834,18.8755133673504,40.93398954370687,89218800,730.8446269299578,69211.602890625,65277.21732421875,728.0263636174495,1.0266566517283695,0.0,0.0069727361462208,0.0,-0.0043901414069366,-0.0780141843971631,-0.0864682176202221,-2.328415855980046,-2.869608565782292,-2.162624021587608,1.954260075521992,2.1544671907292106,0.8661792553409217,1.7627305764632992,-0.6780616351803106,-0.20695575177853
2024-01-19,71683.2265625,71895.640625,71542.7421875,71786.7421875,25500,54.38427864986912,36.84619910167785,24.182387251193003,89244300,729.2686714349609,69346.09359375,65347.36416015625,657.3808790746698,1.017349115555112,0.0,-0.0183122293798464,0.0,0.0069727361462208,0.9615384615384616,0.3450286708647405,-1.7616829383616366,-1.8351779050652512,-2.2733707336516447,1.762532228265284,1.8439313445773036,1.478188529549752,1.751074494308713,0.7591984819112357,-0.0822364092299397
2024-01-23,70370.546875,72039.203125,70234.546875,71868.203125,11400,44.81316571048104,4.259254728291453,19.99365573243988,89232900,806.0820699038923,69454.6565625,65411.14830078125,489.8251439875894,1.1454821735800136,0.0,0.0098019079804117,0.0,-0.0183122293798464,-0.5529411764705883,-1.063201854805664,-2.422465055549351,-2.72772467476428,-2.594621828918992,2.5883720164379653,2.8489517222386502,1.1217819906536264,1.7296047405662969,-2.174253180078566,-0.2605858151286891
2024-01-24,71060.3125,71149.609375,70001.6015625,70165.4921875,15600,49.81145239314392,30.902316162972863,24.00258999764737,89248500,830.5053372321856,69576.350625,65476.6494140625,407.9912687029719,1.1687330213080411,0.0,-0.0050610616861556,0.0,0.0098019079804116,0.368421052631579,-0.3927921831164939,-1.771316285815392,-1.5652200946156758,-2.495167160882509,2.560099572110996,2.650329300336796,1.5122814775590108,1.7129572754532618,1.0472275030650335,-0.1497159277284421
2024-01-25,70700.671875,71049.4609375,70319.0390625,71022.1015625,36700,47.40086000409711,20.404900952506917,18.52215728125705,89211800,824.1316301084581,69693.720078125,65535.19517578125,310.5376553750976,1.1656630810603,0.0,0.0175514376962913,0.0,-0.0050610616861557,1.3525641025641026,-0.8539943556625716,-1.833023441131108,-1.7797196751787934,-2.436016013812728,2.244818659708615,2.341253547655214,0.3295530900479874,1.68749921167749,-0.6192396070984628,-0.0351148836636953
2024-01-29,71941.5703125,72010.21875,70880.5390625,70968.1015625,13900,55.41779399425968,56.62501966811622,35.977412261198644,89225700,858.8041476007111,69834.457890625,65599.3708203125,329.635267806254,1.193752296301339,0.0,-0.0111433747069697,0.0,0.0175514376962913,-0.6212534059945505,0.5348236343648104,-1.0223225348939775,-0.4505833602545708,-2.1012445094729446,2.4067670976820907,2.318680753573346,0.7366515979630414,1.674370585649669,1.7639300711357122,-0.2782339979750972
2024-01-30,71139.8984375,72142.2265625,71075.71875,72000.203125,12900,50.10463668088226,33.225320219735615,36.75174694678623,89212800,873.640123664946,69958.5784375,65656.62376953124,276.8902246363141,1.2280592787639175,0.0,0.0086057325206593,0.0,-0.0111433747069698,-0.0719424460431654,-0.6089747301164226,-1.3981866715023132,-1.201583608972861,-2.010676660846492,2.3303762811093587,2.331160382932266,0.2266603460236043,1.6530007273486698,-1.2479001719323934,-0.209988286459209
2024-01-31,71752.109375,71851.390625,70846.0390625,71073.0390625,11000,53.7512721528984,51.0949154784084,46.98175178875339,89223800,883.0480835817356,70080.10203125,65716.21947265624,281.2476562024531,1.2306928552673446,0.0,-0.0014886321939577,0.0,0.0086057325206594,-0.1472868217054264,0.2072838751342581,-1.0056629506580692,-0.5257412969142174,-1.808994360093976,2.1861500303394785,2.1107711389502137,0.5933853018698023,1.638359693556473,0.851245615158244,-0.2156020696915843
2024-02-01,71645.296875,72151.0234375,71574.890625,71998.78125,11500,53.02315145170387,47.977205508440754,44.099147068861576,89212300,861.1255642187544,70193.3584375,65775.2133984375,272.9358415468305,1.2019289496715542,0.0,0.0061460550337066,0.0,-0.0014886321939576,0.0454545454545454,0.0419289430833076,-1.016542758778017,-0.5882432279371874,-1.6755590944773349,1.772974933168372,1.726199833659389,0.0938185929398804,1.624918313929142,-0.1772067087905699,-0.1875346253883371
2024-02-02,72085.6328125,73089.3984375,71948.7734375,71977.5625,19400,55.68805895887258,60.83000590613577,53.30070896432829,89231700,902.7667069531292,70319.1765625,65834.85296875,298.4398696195276,1.2523531690445049,0.0,-0.0049137522094219,0.0,0.0061460550337066,0.6869565217391305,0.6508445339977614,-0.7135940103674994,-0.080820573868778,-1.4937426851837523,1.9998284186558617,1.9063027011058415,0.8353197441940271,1.6142604854733045,0.6314553577754146,-0.1133623959543061
2024-02-05,71731.421875,72385.9296875,71602.140625,72269.1171875,19900,53.07957472764043,50.49107580605071,53.09942907354239,89211800,894.2683037779055,70440.70203125,65891.54623046875,286.7644906779751,1.2466897775095935,0.0,0.0063385314708011,0.0,-0.0049137522094219,0.0257731958762885,0.1162943563601838,-0.9218862614254248,-0.419530867595633,-1.419236173376985,1.7585353545112925,1.7165487967228032,-0.0606607008370964,1.6006608510662046,-0.5564681558711855,-0.1964884245062588
2024-02-06,72186.09375,72261.3984375,71625.1796875,71970.8203125,10500,55.93296250559728,63.76232250237727,58.3611347381879,89222300,875.8361927937694,70565.8084375,65950.32169921875,310.6192636932392,1.2133032102097496,0.0,-0.0004723035730133,0.0,0.0063385314708011,-0.4723618090452262,0.7341473250292105,-0.5840078588722937,0.0961859886483147,-1.2725354152408177,1.456001650048161,1.376095905342043,0.3474507549391962,1.5926652221386992,0.6221989284728154,-0.2536811922620699
2024-02-07,72152.0,72559.2109375,71938.21875,72548.5,12800,55.659624203863,69.64183605827375,61.298411455567226,89209500,857.6330495585001,70688.38359375,66011.52794921875,323.049350657413,1.1886476460229796,0.0,-0.0100284165719591,0.0,-0.0004723035730133,0.2190476190476191,0.6306305514348456,-0.5667951985745866,0.3234525634426329,-1.1635116093695108,1.1974832822637511,1.133675761668616,-0.3483772336883217,1.590116374323185,-0.1257288231196913,-0.1706727922254587
2024-02-08,71428.4296875,72473.421875,71230.6171875,72473.421875,14500,50.06747199326778,46.20861354424423,59.87092403496507,89195000,885.1453094114644,70796.5959375,66070.0350390625,271.3858400093304,1.2392058922252425,0.0,0.0023388796412142,0.0,-0.0100284165719591,0.1328125,-0.5320505860000699,-1.0793330194524773,-0.5393239331591588,-1.2067864727775637,1.3484849625732769,1.36012903339524,-1.1203106104783571,1.584479966195141,-1.1324395367603806,-0.1787645133290803
2024-02-09,71595.4921875,71676.4921875,71200.3125,71410.2890625,19000,51.28446780891524,51.619024486511925,55.82315802967662,89214000,855.9334792749312,70909.105,66130.17349609375,241.14293747865304,1.1955130876582902,0.0,-0.0073049291794841,0.0,0.0023388796412142,0.3103448275862068,-0.2812337518827723,-0.8914217300439609,-0.2993024890484808,-1.2001331829025954,1.0138667185572403,1.0113137587836882,-0.1591344373638537,1.582985670854908,0.2417075184395274,-0.1602800513595053
2024-02-12,71072.4921875,71756.578125,70922.5703125,71722.3125,10700,47.39040172768899,34.68138185093539,44.16967329389716,89203300,854.3673602195789,71007.07078125,66187.37419921876,172.97949033949408,1.2021069388781649,0.0,0.006791591199962,0.0,-0.0073049291794842,-0.4368421052631579,-1.0517058556587917,-1.24361212927877,-0.8940081082864775,-1.284667516072283,0.9362450472720372,0.9856349820298016,-0.7189940568834936,1.577694879585431,-0.7726007503171157,-0.249527316121849
2024-02-13,71555.1875,71662.7421875,70924.296875,71292.078125,8100,51.08221971890733,50.31373501535784,45.5380471176017,89211400,846.0872139538948,71100.13640625,66246.87484375,156.10941291891504,1.1824261014673392,0.0,0.0037403385324089,0.0,0.006791591199962,-0.2429906542056075,-0.2491107233605383,-0.7958273535003958,-0.2237149650753673,-1.2556266269060294,0.805800390515948,0.8052264410930486,-0.2833651966826279,1.5774322527243272,0.7976057196839422,-0.2254205537200399
2024-02-14,71822.828125,71938.59375,70809.84375,71035.25,10700,53.04955615759636,54.28137143759553,46.42549610129623,89222100,866.2774129571881,71196.82421875,66305.7084765625,162.46334043360548,1.2061310248734904,0.0,0.0031682780174565,0.0,0.003740338532409,0.3209876543209877,0.2068334323535784,-0.5126791104022039,-0.0063849664913253,-1.1805867711072513,0.923751142664898,0.8937547493638146,0.2407147752647498,1.5774927444181512,0.4334370553002501,-0.1507064839872332
2024-02-15,72050.3828125,72164.96875,71644.4375,72061.46875,8200,54.71705296562536,54.42023695691661,53.005114469956645,89230300,841.5812584602461,71288.208125,66365.3068359375,183.7425653760729,1.1680455059487072,0.0,0.0052221486939098,0.0,0.0031682780174566,-0.2336448598130841,0.5670298766519524,-0.2428234474702427,0.0412735463623786,-1.073016612714952,0.6488890269671014,0.600351392760533,0.6339291222692768,1.58053332657845,0.3410867548692867,-0.2224473511875731
2024-02-16,72426.640625,72545.328125,72218.1015625,72406.0234375,15200,57.41052236549046,70.92599637401767,59.87586825617658,89245500,816.8215480345142,71359.43859375,66425.9371484375,228.33525867429853,1.127791570872012,0.0,0.0038869071183018,0.0,0.0052221486939099,0.853658536585366,1.1018101126222892,0.155451892850758,0.7659305881695189,-0.9004453847474279,0.373283771570429,0.2920972253621905,1.4216709243680232,1.58693614142301,0.5272988941888952,1.3437731704987077
2024-02-19,72708.15625,72881.9296875,72308.6796875,72627.6015625,0,59.35834928470069,83.27558493812182,69.54060608968535,89245500,799.4235803177633,71427.67890625,66486.23103515625,283.1275296780368,1.099496427290801,0.0,0.0048033426442442,0.0,0.0038869071183018,-1.0,1.4490119479310646,0.4766283691252484,1.2831788462531708,-0.6945937523323447,0.1588965102401839,0.0530781588710408,1.351096697753242,1.5937718090157855,0.3908326421699349,-1.892861783489849
2024-05-17,73917.03125,74070.84375,73459.796875,73711.3125,11900,54.24594064802313,63.198197439150334,51.044392394002045,88849800,788.5035874629509,73537.4325,69421.70291015625,-68.63146403021528,1.066741418220785,0.0,0.0004908374888229,0.0,0.0034387688308228,0.2268041237113403,0.24275679578634,0.2123606885861182,0.1724230574711321,-1.251030290287322,0.793262291187683,0.6680062154398705,1.6263459566670182,1.458661293933579,0.5111093675900179,0.0337211778011153
2024-05-21,73953.3125,74189.1875,73762.3671875,73842.9609375,11000,54.58002760037933,64.31613181226213,60.96906903798424,88860800,762.6690678227402,73541.59171875,69458.04818359375,-21.92994573801116,1.031284525385851,0.0,0.0036205274780625,0.0,0.000490837488823,-0.0756302521008402,0.2898851588001542,0.2778972393836363,0.2461804867237424,-0.955191988858372,0.0718542433953302,0.0071542014229582,1.995175467615654,1.4668946164710672,0.0651410846738809,-0.3136217044353892
2024-05-22,74221.0625,74307.7890625,73860.328125,74165.5234375,6200,57.07123670462863,72.93060817643843,66.81497914261695,88867000,740.154201371116,73548.5671875,69497.22958984374,36.26845116601908,0.997229326070502,0.0,0.0161271817214958,0.0,0.0036205274780625,-0.4363636363636364,0.6661229935369868,0.6392227342667289,0.6167837135556323,-0.621407936337407,-0.5283706623992727,-0.5990288413133514,2.096024959122353,1.4830666906945862,0.5416521383921992,-0.7061940018760995
2024-05-23,75418.0390625,75499.90625,74158.3515625,74253.53125,11900,66.03900817273244,97.74712505294116,78.3312883472139,88878900,783.1113789517505,73583.3853125,69542.54123046875,176.937479923683,1.0383608334111882,0.0,-0.0001014139003755,0.0,0.0161271817214958,0.9193548387096776,2.118994913463526,1.7737211756711335,1.572382408091804,0.1114334408881268,0.5850081885313034,0.1063757951613612,2.3862429787527955,1.5141721005309874,2.142530302739988,0.8509844653500784
2024-05-24,75410.390625,75636.5,75244.21875,75335.453125,10300,65.94421335286646,94.00318675239264,88.2269733272574,88868600,755.1949411694825,73609.87328125,69586.05716796876,284.5217441364075,1.0014467965361802,0.0,-0.0002637650439832,0.0,-0.0001014139003755,-0.134453781512605,1.9839795359230743,1.7569449729767694,1.4340903731996089,0.7012209726139966,-0.215683246365981,-0.6103545015706647,1.887567372922921,1.5400939060416554,-0.0588999322847371,-0.384554891308254
2024-05-27,75390.5,76009.6796875,75175.2734375,75655.4609375,10200,65.6801678903777,85.05722204415619,92.26917794983,88858400,760.8528918002338,73635.29546875,69631.67556640625,363.98228026732977,1.009215871761341,0.0,-0.0029187613160809,0.0,-0.0002637650439832,-0.0097087378640776,1.8479744613198208,1.7087390444202253,1.0885657265347053,1.168753932092345,-0.1166364138815969,-0.5328914355818544,1.367528059771441,1.5700232551813136,-0.0839633301261404,-0.15070773767757
2024-05-28,75170.453125,75585.3984375,75083.21875,75585.3984375,6900,62.68963083433429,79.74679009785253,86.2690662981338,88851500,742.376234350217,73668.65171875,69676.72681640626,404.5361429879267,0.9875904740333664,0.0,-0.0088805462751425,0.0,-0.0029187613160809,-0.3235294117647058,1.5692065639248198,1.3927523537229485,0.9306391373816092,1.470914771382473,-0.7965001087518907,-1.1184435083831004,1.037851546002378,1.5958662254561984,-0.4197601023194852,-0.8827763288700659
2024-05-29,74502.8984375,74986.21875,74454.546875,74826.9375,8200,54.57180742436038,63.63656931691774,76.14686048630881,88843300,740.4855211823443,73685.35046875,69716.60294921875,378.44678807684977,0.9939016289460642,0.0,-0.0082855417432899,0.0,-0.0088805462751425,0.1884057971014492,0.76920423837574,0.3150133651202961,0.2846744366597646,1.4089501348483535,-0.992994629731068,-1.1031259660051973,0.674369837454402,1.607184392617422,-1.275584184859727,0.3513987766977836
2024-05-30,73885.6015625,74493.546875,73668.7265625,74365.8828125,11800,48.33836749741856,48.73922962348461,64.04086301275161,88831500,747.1774035978912,73707.8246875,69753.73439453125,304.450570832254,1.011262529906929,0.0,0.0010247048937668,0.0,-0.0082855417432899,0.4390243902439024,0.0293790422607137,-0.5263264796543133,-0.3356021612499381,1.0268830731746728,-0.8490668858409076,-0.7567547184718455,0.1753780278945236,1.6114733608181029,-1.2327278004523603,0.9097192955724692
2024-05-31,73961.3125,74478.890625,73765.1484375,74208.53125,19200,49.10621229011809,50.5663756858161,54.31405820873948,88850700,744.7891738766132,73725.1053125,69794.62705078124,249.04642332345247,1.0069983193938226,0.0,0.0339024371694323,0.0,0.0010247048937668,0.6271186440677967,0.0800914701214064,-0.4496560318009681,-0.3128341161975195,0.709223856052794,-1.055510580113196,-0.9171069145287296,0.882576967520055,1.625886880117053,0.0793396679576402,1.273537895073557
2024-06-03,76468.78125,76738.890625,75678.4296875,76583.2890625,19300,66.73850194704369,93.5824569088729,64.29602073939118,88870000,889.9883846711408,73801.61234375,69850.76755859375,402.82647671885206,1.1638584663216938,0.0,-0.0574055752327032,0.0,0.0339024371694323,0.0052083333333332,2.666808999457151,1.8191438993545157,1.485345948352775,1.5301065693519131,3.5658745121917805,2.5905933242913286,1.6290893166713942,1.678378264108933,3.553741097251074,-0.1935124016512771
2024-06-04,72079.046875,76300.4609375,70234.4296875,76285.78125,39100,40.36983011244976,28.35926305384165,57.5026985495102,88830900,1271.7286116589166,73788.22484375,69882.55654296876,168.5405686757149,1.7643527027547372,1.0,0.031953742625013,0.0,-0.0574055752327031,1.0259067357512954,-1.9771881593402385,-1.64053313849558,-1.4327223878054896,0.154744192593371,4.9923816427825685,5.013705511256652,-0.1351642681739351,1.6643983894487986,-4.073536938061791,2.05142016537958
2024-06-05,74382.2421875,74534.8203125,71879.4375,73027.8828125,17200,51.25262093233504,63.76873563936289,61.90348520069247,88848100,1370.561054576137,73835.62875,69924.70037109376,166.79322327238333,1.842591745380944,1.0,0.009306866862859,0.0,0.0319537426250129,-0.5601023017902813,0.3761161877009326,-0.225503028512493,0.1319270360870008,0.1343773793124933,3.9155502952122654,3.7774946462707337,0.6100762587373211,1.6774733491413536,2.0814868228963954,-1.4470015186236371
2024-06-06,75074.5078125,75297.7265625,74474.9375,75078.703125,13300,53.97172373978855,74.41167179736023,55.51322349685491,88861400,1338.0555774635557,73895.08515625,69970.84041015625,218.74691165128024,1.782303496155279,1.0,0.0215632657431882,0.0,0.009306866862859,-0.2267441860465116,1.0265912468722391,0.1215843441662514,0.5786603546700745,0.4167556996917598,2.955430241648306,2.832375795512109,1.1719009785370929,1.6977388805601188,0.564514884539174,-0.7422770911215046
2024-06-07,76693.359375,76795.3125,74941.8828125,75031.7890625,29000,59.64106958691464,98.44604563267376,78.87548435646562,88890400,1374.8680138947304,73976.12859375,70024.32814453125,386.0976820432989,1.7926819546033614,1.0,-0.0026505717268953,0.0,0.0215632657431883,1.1804511278195489,2.315517982102271,0.8209342142577714,1.522046820837861,1.29915195993358,2.6521205909681203,2.460465865813212,2.268205610259482,1.7321068071862071,1.2860959751093657,2.107368717574256
2024-06-10,76490.078125,77079.0390625,76379.7265625,76935.40625,17300,58.66393495127595,91.3952585862506,88.08432533876152,88873100,1326.6140486165357,74049.29140625,70078.33763671874,496.59681631573767,1.734360953911675,1.0,-0.0004377610249695,0.0,-0.0026505717268953,-0.403448275862069,1.9242546979636057,0.6903787024537078,1.17841289458666,1.7571088937823536,2.125671628674872,1.9969809793578,1.3831661725865605,1.7602962100261257,-0.2373823768856605,-1.0503139870309772
2024-06-11,76456.59375,76860.53125,76296.4375,76680.8984375,6700,58.49393477230927,90.9060506100832,93.5824516096692,88866400,1272.1483130010688,74129.01734375,70134.00736328126,574.8398709016619,1.663883061754983,1.0,0.0019615909517287,0.0,-0.0004377610249695,-0.6127167630057804,1.7247813722966985,0.6353767466332184,1.0893172903986597,1.9524799980027552,1.704309871360185,1.6001473475273968,1.0236596226411876,1.786257306436256,-0.1134264990755793,-1.3793618101228824
2024-06-12,76606.5703125,77050.53125,76533.78125,76679.109375,9700,59.06610744913503,93.0972138201824,91.79950767217206,88876100,1223.7046835009926,74201.2225,70190.03060546875,641.5544699829188,1.5973886815571472,1.0,0.0026672402140767,0.0,0.0019615909517287,0.4477611940298507,1.7011087123613446,0.7070393978714896,1.1580247612697885,2.0443872777964365,1.3795388124988577,1.277610208466024,1.3470838100058309,1.805746627599461,0.0642523837040952,0.6832002583367196
2024-06-13,76810.8984375,77145.4609375,76719.703125,77102.046875,7500,59.87761346947588,95.1590075648985,93.05409066505472,88883600,1174.7893936080643,74264.4134375,70246.38798828125,702.8122602034709,1.5294566493893764,1.0,0.0023678280517443,0.0,0.0026672402140768,-0.2268041237113401,1.7027610484520666,0.7920360256294239,1.1991126019817655,2.078601530467369,1.093114243936366,0.98576082702708,1.553346715880226,1.81937008340956,0.0988306033256248,-0.6530832138093388
2024-06-14,76992.7734375,77081.296875,76549.046875,76912.3828125,12400,60.625867794792725,97.79066980778012,95.34896373095366,88896000,1128.8937226360597,74323.97796875,70305.5967578125,757.3055458725285,1.4662333518254873,0.0,0.0040051445574995,0.0,0.0023678280517442,0.6533333333333333,1.685009622532278,0.8683714711462905,1.2632282749034085,2.068557137207336,0.8416118545801988,0.7276212584918145,1.877428738650825,1.833177141764796,0.078018063594718,1.2050578450058025
2024-06-18,77301.140625,77366.7734375,77071.4375,77235.3125,7400,61.9224824969432,99.07978618529148,97.34315451932336,88903400,1074.97274244777,74391.92265625,70367.35916015625,815.9685448055825,1.3906298584423635,0.0,0.0004715729251246,0.0,0.0040051445574995,-0.4032258064516129,1.7256431249835662,0.970054943511224,1.231564543139544,2.050402267955912,0.5758515124138363,0.447475179097244,1.974008945880428,1.8466537468786557,0.155628548835172,-1.0007269527071276
2024-06-19,77337.59375,77851.6328125,76954.8671875,77543.21875,11100,62.08144803307562,93.25160358645418,96.70735319317524,88914500,1062.243662630072,74461.138125,70427.9666796875,855.5387386157381,1.373515273909168,0.0,0.0018275192005181,0.0,0.0004715729251245,0.5,1.6030274286222383,0.932076419832051,0.9571385914583214,1.9654928492197363,0.4858042522781826,0.360097634282701,2.1322345192536862,1.8505035509712329,-0.0759706430081491,0.8294651446641033
2024-06-20,77478.9296875,77643.09375,77100.359375,77554.828125,8700,62.73110395818634,95.1070869598216,95.81282557718907,88923200,1025.1358563707813,74526.1640625,70489.261171875,888.0659596793557,1.3231156657758667,0.0,-0.0034723150033834,0.0,0.0018275192005181,-0.2162162162162162,1.5549780501357535,0.9460273034749148,0.9620586406236088,1.8687919724559048,0.2980371003948565,0.1680068995336836,2.179920688332484,1.8506305740277225,-0.002605605453495,-0.671282049036807
2024-06-21,77209.8984375,77808.453125,76802.0,77729.4765625,23200,60.60267924339216,91.57519676882714,93.31129577170096,88900000,1023.8013755585828,74585.39765625,70548.14416015625,881.9686575533851,1.325997568028575,0.0,0.0016990009073278,0.0,-0.0034723150033835,1.6666666666666663,1.2947756814668117,0.6400119246695951,0.7791703620685232,1.6867173453799538,0.2601975601244151,0.1497469437533809,1.3144166650330609,1.8411969478420744,-0.3436404384204442,2.713452719622298
2024-06-24,77341.078125,77423.0234375,76745.9375,76885.6484375,13900,61.29231708410752,93.29734708236496,93.32654360367124,88913900,999.0359871258268,74637.36921875,70608.5878515625,877.6051206164557,1.291727515759694,0.0,0.0092117323648958,0.0,0.0016990009073278,-0.4008620689655172,1.293448670446585,0.6788077462789801,0.7964391119577335,1.5426377228752557,0.1276182317661175,0.0155137425084146,1.6987804930944903,1.8330843689487544,-0.0409126902044924,-0.9630683678799818
2024-06-25,78053.5234375,78164.7109375,77459.6015625,77529.1875,8800,64.88723553558168,98.23098388470072,94.36784257863091,88922700,986.5071889382676,74704.765625,70674.42291015625,921.0184414423128,1.263885530713032,0.0,0.00795257581161,0.0,0.0092117323648959,-0.3669064748201439,1.6057238222506012,1.0982785350343305,0.9653556250922708,1.5453789060053231,0.0459183897467857,-0.0984846092517677,1.8657058144521828,1.8338169705953704,0.4475164830111364,-0.8576904893775164
2024-06-26,78674.25,78759.3984375,77945.9375,78094.0234375,8600,67.70175510031662,98.012621920421,96.51365096249556,88931300,974.146742406963,74777.48765625,70742.81115234375,994.052439195424,1.2382027695300089,0.0,0.0072314599440096,0.0,0.0079525758116101,-0.0227272727272727,1.8259216705459984,1.4191543911186175,0.9143534822498164,1.628629890506078,-0.0327814780204266,-0.2015399712606411,1.9674517581070732,1.836122732303867,0.3485986845435995,-0.2347233990274742
2024-06-27,79243.1796875,79396.03125,78467.34375,78758.671875,9600,70.06980952138107,96.56833254111774,97.60397944874649,88940900,970.8996536636084,74877.45328125,70813.64794921875,1085.329279296071,1.2252154160047677,0.0,-0.0026557884959933,0.0,0.0072314599440095,0.1162790697674418,1.968827632829245,1.642065987198232,0.7994204505139157,1.749757486370333,-0.0742982952383784,-0.2641635485991427,2.0550081365303696,1.8395618905096975,0.2942267861075024,-0.0259314716828061
2024-06-28,79032.7265625,79671.578125,78905.890625,79457.578125,17200,68.08132497254779,81.07185348758617,91.88426931637495,88923700,956.2416426876364,74990.1121875,70883.37533203125,1127.685764796057,1.2099312326412397,0.0,0.005611105130598,0.0,-0.0026557884959933,0.7916666666666667,1.7194376747863764,1.2991775469716895,-0.0289282951007013,1.7451467514403736,-0.1703757938808159,-0.338292679112087,1.4185453768715233,1.83740184320655,-0.3599851331448378,1.1200283776317288
2024-07-01,79476.1875,79561.0,78971.7890625,79043.3515625,0,70.01247737064668,94.21088936109145,90.61702512993178,88923700,930.0251637456624,75120.76234375,70956.59921875,1183.3957269137463,1.1701934793307271,0.0,-0.000437041283592,0.0,0.005611105130598,-1.0,1.8036768259866267,1.467591122332597,0.619949493283479,1.7727538253740642,-0.3126241992129887,-0.4890855396978235,1.32619975403453,1.8392133467293772,0.1973766328605165,-1.8345628893591903
2024-07-02,79441.453125,79855.8671875,79231.109375,79840.3671875,0,69.6569891679919,87.5254863872708,87.60274307864945,88923700,908.2203529424008,75259.8115625,71026.87068359375,1210.786308608076,1.143257477318962,0.0,0.0068647252605249,0.0,-0.000437041283592,0.0,1.6457219806752288,1.3153567775897406,0.2130781954899121,1.7259875786951264,-0.4371066855947335,-0.5963908943655195,1.236543896863732,1.8328065430830436,-0.1964267134066301,-0.1727470059481443
2024-07-03,79986.796875,80074.296875,79754.953125,80013.7734375,0,72.05600837327573,97.51790653145169,93.08476075993796,88923700,888.5505955893722,75397.7809375,71098.66396484376,1261.9512366180716,1.1108715816911152,0.0,0.0007860672317989,0.0,0.0068647252605249,0.0,1.7756383682829695,1.5251937120652566,0.7192851938371045,1.7407864660692522,-0.5578420805136326,-0.7260222912137727,1.153855874672152,1.8274371431964311,0.2748103008230514,-0.177086296418607
2024-08-19,80424.6796875,80724.3984375,80332.6484375,80680.25,10300,54.86545584987541,55.53010464535719,44.16896777765323,88903900,902.80339899639,79271.4075,73263.09666015625,78.1331962543627,1.122545221820396,0.0,0.0047022840373062,0.0,-0.0001512250099942,-0.2137404580152672,0.1854602102468898,-0.5375979241262416,-0.192269953731391,-1.5090367229593231,0.6913321604448724,0.6007702987570311,-0.4789660126435494,1.630368164881459,-0.0403963327085738,-0.6575289264501242
2024-08-20,80802.859375,80942.9609375,80517.953125,80722.5390625,6600,57.29368030689579,65.39489102413874,58.92413296515557,88910500,875.3375312109335,79385.97453125,73340.1228515625,145.96610089477326,1.0833001925693715,0.0,0.0012677459782035,0.0,0.0047022840373063,-0.3592233009708737,0.5800512011768436,-0.2827293995602172,0.1672201345205492,-1.270866397089236,0.2951480589164003,0.1916373632504767,-0.0849640553445409,1.6391655263244231,0.5098620700263733,-0.89961695825376
2024-08-21,80905.296875,80952.828125,80626.3828125,80667.25,5800,57.95354457854581,68.06696487706463,62.99732018218685,88916300,836.1309441601526,79470.21328125,73421.78994140626,205.61976007577323,1.033468730053594,0.0,0.0018279473744283,0.0,0.0012677459782035,-0.1212121212121212,0.6563971004490007,-0.1860409786567937,0.2850020334027294,-1.0698335883270989,-0.262979938642827,-0.3242856857364006,0.2255992678297813,1.6531460954798252,0.0989634710218585,-0.396215871882152
2024-08-22,81053.1875,81236.453125,80954.0234375,81207.2421875,5800,58.939934135745546,90.41184321420612,74.62456637180316,88922100,800.0613231487131,79561.47546875,73506.8105859375,261.81125504578813,0.9870818752793812,0.0,0.000407429226642,0.0,0.0018279473744282,0.0,0.7869711051881146,-0.0528529075192069,1.0787751821273075,-0.8877978010406796,-0.7824294152263208,-0.8075495971376809,0.5351312997102261,1.6695907065484243,0.1776838046253793,-0.1847794414972229
