Date,Close,High,Low,Open,Volume,RSI_14,STO_K,STO_D,OBV,ATR_14,SMA_50,SMA_200,MACD,Volatility_Ratio,Regime_Flag,Target_Return,Sentiment,Returns,Vol_Change,Close_z,RSI_14_z,STO_K_z,MACD_z,ATR_14_z,Volatility_Ratio_z,OBV_z,SMA_200_z,Returns_z,Vol_Change_z
2019-10-31,40129.05078125,40392.21875,40054.890625,40211.98828125,87900,69.20278092983808,90.08547234951834,94.03657708488981,87310200,523.0422558201125,37911.1740625,37876.0290234375,531.3122819548444,1.3034005181714892,0.0,0.0008966189842400062,0.0,0.001926993306238911,1.3629032258064515,1.7174509470701473,1.579291737839783,0.8795931610689836,1.5206451772393395,-0.9359784134822434,-1.3626704350734058,1.9768858133817089,5.294651389216606,-0.03784172799892256,0.5152929950145538
2019-11-01,40165.03125,40283.30078125,40014.23046875,40196.0703125,57000,69.4961822373132,91.44099199726865,92.31866202427376,87367200,504.9014027258187,37968.2440625,37897.39658203125,564.974554187691,1.2570671228491044,0.0,0.0034091766703156744,0.0,0.000896618984240094,-0.3515358361774744,1.6238754707750336,1.4942873276169917,0.8759093322061325,1.581053737464153,-1.3162905516285335,-1.6735384320213498,2.2426710004868453,3.679879237894266,-0.13123748583903488,-0.4132115575833011
2019-11-04,40301.9609375,40483.2109375,40186.2890625,40293.8515625,62600,70.6424493815655,92.50128884098045,91.34258439592247,87429800,491.5641373525459,38027.27671875,37921.33783203125,595.8328387953225,1.219702778519537,0.0,-0.0013331973804779583,0.0,0.0034091766703157056,0.0982456140350878,1.680683516757386,1.5612071450208318,0.8941043893393088,1.6491475314094899,-1.5587625846458435,-1.822878474995033,2.4148534259318573,2.9515720163776638,-9.71118824588185e-05,-0.1711372570408169
2019-11-05,40248.23046875,40466.55078125,40053.55078125,40445.671875,45400,69.53821095650218,89.53289078744747,91.15839054189884,87384400,485.9524132559355,38084.1915625,37944.1034765625,608.9332484446713,1.207388269238928,0.0,0.005504609237964363,0.0,-0.0013331973804779906,-0.2747603833865815,1.568461499603471,1.3692259039677803,0.7416562247811987,1.665964303817204,-1.6908345648326921,-1.8267606810604782,1.8735200192029449,2.509280660435599,-0.3451071691272012,-0.362926563789684
2019-11-06,40469.78125,40606.91015625,40037.53125,40311.8515625,37700,71.5153845731694,93.7390873210499,91.92442231649261,87422100,491.9114484697972,38147.026953125,37967.20158203125,629.931258515302,1.2155031069504414,0.0,0.004545540538349216,0.0,0.005504609237964253,-0.16960352422907488,1.8472603535476615,1.67202721671793,1.0006712377778526,1.809132646010746,-1.5978597729417268,-1.6843826444136492,1.9366778711619919,2.2016827420911502,0.12275975629165022,-0.29818863616743174
2019-11-07,40653.73828125,40688.26953125,40421.0703125,40625.640625,30200,73.07790615279718,98.37945352386365,93.88381054412032,87452300,475.8605749183831,38218.894296875,37990.565625,653.8786220775801,1.1705210763799692,0.0,-0.008120505523160203,0.0,0.004545540538349213,-0.19893899204244037,1.8768487164859395,1.7319122403277887,1.223313403287547,1.937939582166627,-1.7247372264764225,-1.781735479682066,1.9442335487666322,1.9701277477183337,0.247674239317299,-0.2938115783282797
2019-11-08,40323.609375,40749.328125,40263.94140625,40630.55859375,42600,66.07315731339759,79.0395633434689,90.3860347294608,87409700,476.5410137634986,38295.907890625,38011.11912109375,638.8541238334656,1.1817915636762082,0.0,0.0005324114168537275,0.0,-0.008120505523160237,0.4105960264900663,1.3982906029467512,0.7422044510749021,0.10943446520160766,1.742748422027815,-1.6109635101970303,-1.5958796732138187,1.5564990196626027,1.7862994468874478,-1.1615793117955016,0.010392119001890106
2019-11-11,40345.078125,40417.44140625,40150.96875,40316.5,29500,66.2993883289846,80.09658602445231,85.83853429726162,87439200,461.53613108396297,38368.78625,38032.31201171875,621.5150112623451,1.1439713405783942,0.0,-0.0056765172331662206,0.0,0.0005324114168536731,-0.3075117370892019,1.3317418533710077,0.7653127290647619,0.1936250759039959,1.5126411262642308,-1.739377045842152,-1.6736034737928038,1.6187125705461212,1.634965850417707,-0.06899669340080687,-0.9571666130438227
2019-11-13,40116.05859375,40447.171875,40061.23046875,40346.4296875,37700,61.581885915884584,68.82071579821945,75.98562172204689,87401500,456.13650788153706,38421.225,38052.84310546875,582.5780799885324,1.1370421817875254,0.0,0.004248220811666463,0.0,-0.005676517233166201,0.2779661016949153,1.0174401395347372,0.09954588312231483,-0.46637193947423383,1.180849536080464,-1.702325327504034,-1.5899564203000776,1.31641138770666,1.5067627041734193,-0.9238163903648303,0.576473060918012
2019-11-14,40286.48046875,40348.609375,40026.98828125,40178.9296875,27800,63.6543750000881,77.2115064688788,75.37626943051684,87429300,446.5282640149987,38474.12921875,38075.00771484375,559.0277782214325,1.1083824122123753,0.0,0.0017427915440382596,0.0,0.0042482208116665365,-0.2625994694960212,1.126529299839847,0.38149828785253626,0.053705319895459284,0.9713099121401013,-1.73145361994052,-1.6187175846207031,1.3897504861361147,1.395834606038935,0.42282321963541214,-0.8172919048148933
2019-11-15,40356.69140625,40650.05859375,40308.08984375,40408.19921875,25800,64.50394738173935,80.66837067339037,75.5668643134962,87455100,440.6032540853559,38532.22625,38095.19953125,539.8068726691927,1.0917724886067348,0.0,-0.001796480273126949,0.0,0.0017427915440382247,-0.07194244604316546,1.123267264385047,0.4792929523444634,0.2643284577007263,0.8090933690653888,-1.6858392141878105,-1.57658160802643,1.4286871241340064,1.297945507728481,0.05784200363015078,-0.2930819155715022
2019-11-18,40284.19140625,40542.3984375,40221.96875,40431.078125,28700,62.869737584421266,68.89148398659258,75.59045370962058,87426400,432.0194279006876,38596.531484375,38115.01404296875,512.8126375764696,1.0724291907561059,0.0,0.004604977933632271,0.0,-0.0017964802731269547,0.11240310077519378,0.9837528579605417,0.23447489481389444,-0.4246178669109166,0.6156458232113184,-1.6785251044533562,-1.549753868067245,1.1961905809085684,1.2103263911979576,-0.43739474367514525,0.20590363535799655
2019-11-19,40469.69921875,40544.12890625,40290.2109375,40455.359375,39100,65.29272373146792,70.38515637928181,73.31500367975491,87465500,419.72786162206705,38659.2696875,38135.4921484375,500.6176334431293,1.0371410455840577,0.0,0.00449574397048409,0.0,0.004604977933632348,0.362369337979094,1.0937447299278036,0.5268959141523508,-0.34268631650483644,0.5141199235826349,-1.7448886098239589,-1.6169860984738451,1.2989210301968843,1.1309352090028144,0.3913610450343556,0.8997432479740185
2019-11-20,40651.640625,40816.37890625,40575.9609375,40729.80078125,32300,67.5306729439084,79.46286827367908,72.9131695465178,87497800,414.5101348990623,38741.044296875,38156.8173046875,499.87194314272347,1.0196639754906873,0.0,-0.0018810741417647273,0.0,0.004495743970484023,-0.17391304347826086,1.1951264438174005,0.7836333634563238,0.16876888334065682,0.4771862137006176,-1.6901745011779918,-1.5869978740875597,1.3580336838997296,1.0581988091699814,0.3352525114090148,-0.5516448250981072
2019-11-21,40575.171875,40744.8515625,40534.12109375,40737.30859375,21800,65.61564882265156,69.92987582176771,73.25930015824287,87476000,399.95444445984356,38818.05296875,38176.798359375,487.4910952647115,0.9857122619023868,0.0,-0.00531757990858788,0.0,-0.0018810741417647492,-0.32507739938080493,1.0634226016013102,0.4603388915242093,-0.47816725252238795,0.36380212358778113,-1.7828227434100339,-1.654042008997786,1.1725298715769084,0.9907861177619279,-0.6768292576762618,-0.9282855349154705
2019-11-22,40359.41015625,40653.171875,40276.828125,40653.171875,21700,60.4101961488989,42.111201282634944,63.83464845936057,87454300,398.26796628414047,38892.352734375,38196.37220703125,455.02378565641993,0.9868032380608646,0.0,0.013127553411925987,0.0,-0.005317579908587833,-0.004587155963302725,0.7974452180631507,-0.4394253381571325,-2.226566791787326,0.11917456244706169,-1.6818812857606704,-1.5517219884025129,1.0052736555626145,0.9277748803130648,-1.189358977989441,-0.0946197991299232
2019-11-25,40889.23046875,40931.7109375,40393.8984375,40439.66015625,28600,67.27554215095867,95.30458660932865,69.11522123791043,87482900,410.69888163884474,38970.501953125,38220.276015625,466.66584681053064,1.0044182219392108,0.0,-0.0016613100007327342,0.0,0.013127553411925952,0.3179723502304148,1.3192148247422486,0.6650710304976393,1.0640209887886212,0.14334221919165555,-1.416651127331404,-1.3905847817090156,1.0887833137914373,0.8686051563650392,1.7327076043347147,0.7304147363423116
2019-11-26,40821.30078125,41120.28125,40710.19921875,41022.8515625,32800,65.7023715519704,72.65321580803408,70.02300123333255,87450100,410.6548208967844,39044.018984375,38243.40701171875,465.05009803599387,1.0059817130702653,0.0,0.004882465524997337,0.0,-0.0016613100007327741,0.14685314685314688,1.2016536792097299,0.3324587144435358,-0.4119884579026523,0.07426637927702694,-1.3420800736307952,-1.3174914625575116,0.8669697208314623,0.8123552327193564,-0.6959673013516606,0.24050260203529658
2019-11-27,41020.609375,41075.76171875,40848.69921875,40979.390625,32400,68.0621710135581,90.88333339288202,86.28037860341492,87482500,399.49811493987124,39119.014765625,38268.38236328125,474.38374282191216,0.9738961000987598,0.0,0.0026709135156527644,0.0,0.00488246552499727,-0.012195121951219523,1.3953213450091604,0.7480113491327484,0.7238340986387319,0.07489576256268317,-1.4477615192761444,-1.4320118180862043,0.9965502942102241,0.7585894896931203,0.4062171393554667,-0.15050433748400485
2019-11-28,41130.171875,41163.7890625,40996.078125,41161.5390625,30900,69.31213713738029,97.04282508822388,86.85979142971331,87513400,382.94188797988045,39199.532578125,38295.7497265625,485.03037343399774,0.9310485964991616,0.0,-0.008178017886048525,0.0,0.0026709135156528507,-0.04629629629629628,1.4914596875423167,0.9779233038251077,1.1391675252116926,0.08485757965409299,-1.6266621973309647,-1.5997244840246556,1.1230710332842024,0.7068305658485636,0.033490952719318734,-0.2687909859074757
2019-11-29,40793.80859375,41143.21875,40664.1796875,41138.26171875,46700,61.37092412977327,67.45423869755103,85.1267990595523,87466700,389.8059718741747,39267.708984375,38321.75626953125,461.0119405268342,0.9555517989411184,0.0,0.00020501349440761298,0.0,-0.00817801788604855,0.5113268608414239,0.9931529797280692,-0.9113108483850412,-1.1532875092411605,-0.20197816299921303,-1.4312906733276087,-1.386504134824064,0.7910904886097829,0.6564130510980586,-1.6352695428208612,1.2002643801843567
2019-12-02,40802.171875,41093.98828125,40707.62890625,41072.94140625,39800,61.48906886671662,68.18992443844259,77.56232940807249,87506500,389.55978638316225,39341.28625,38347.81087890625,437.6075389981197,0.9547525743889393,0.0,-0.0031057821293979833,0.0,0.00020501349440760208,-0.14775160599571735,0.970943323220513,-0.961089380062942,-1.0974513398631274,-0.5316144520554933,-1.3487187599397292,-1.3151874929998515,1.0001452157099124,0.6069567006482465,-0.2687475414723156,-0.5707625212876754
2019-12-03,40675.44921875,40885.03125,40554.0390625,40852.609375,33700,58.566199839703586,57.04261891753516,64.22892735117625,87472800,385.37638646293635,39425.1734375,38369.90466796875,404.17484682892973,0.9474422381678109,0.0,0.004298412116107738,0.0,-0.003105782129397938,-0.1532663316582915,0.7223639172384247,-1.6187593052095384,-1.7896658870794884,-0.9822890843041886,-1.3398251991306032,-1.287628560553437,0.7219067003203149,0.5577576702587015,-0.7505857334258373,-0.5353127831622245
2019-12-04,40850.2890625,40886.87109375,40475.828125,40606.01171875,44500,61.299567681170984,66.71339576783656,63.9819797079381,87517300,387.2097137691552,39510.901640625,38391.80896484375,387.32249894049164,0.9478750889050829,0.0,-0.0017306907826730878,0.0,0.004298412116107819,0.3204747774480712,0.9526659964790376,-0.9215574384155133,-0.9994822610888391,-1.22467066501747,-1.231703863708122,-1.212334394787074,0.985013671404652,0.5084993690363336,0.5046252131795602,0.7691912049590358
2019-12-05,40779.58984375,41002.41015625,40720.171875,40988.140625,33000,59.58774355890056,59.206738944696525,60.98758454335607,87484300,379.7117543035012,39604.6240625,38412.79322265625,364.06533714537363,0.9311318621849674,0.0,-0.00820119592991094,0.0,-0.0017306907826730722,-0.2584269662921348,0.797133121134304,-1.3481388277759556,-1.4620821906572505,-1.5105927938671917,-1.2876581695761473,-1.2527649811958756,0.7009117796033785,0.458498876938346,-0.576909845432626,-0.8136297957805744
2019-12-06,40445.1484375,40952.12890625,40337.53125,40952.12890625,33100,52.16639745727729,18.977195655812068,48.29911012278171,87451200,396.4893187282511,39653.234609375,38431.934921875,315.0159348170564,0.9803136693661716,0.0,0.0010453973253513294,0.0,-0.008201195929910976,0.003030303030302939,0.10066702474772321,-2.725985352897567,-3.3026916446879246,-1.98837069084336,-0.9234457311257634,-0.8689546485536783,0.376723281677996,0.4068458421468806,-1.5823583736577667,-0.10168647945430792
2019-12-09,40487.4296875,40645.62890625,40336.55859375,40527.23828125,32600,52.96396759944334,23.744175599615964,33.97603673337485,87483800,390.2451039976617,39681.182578125,38449.49591796875,276.3698539636316,0.9638673213136696,0.0,-0.006114262702293208,0.0,0.0010453973253512494,-0.015105740181268867,0.10334239196222406,-2.3164113425613397,-2.5623161719558416,-2.2432918908774084,-0.97768552072758,-0.927590219181962,0.6527016083669409,0.3523109097581225,-0.034225007435356815,-0.16251950547787325
2019-12-10,40239.87890625,40588.80859375,40208.69921875,40588.80859375,31400,47.92544598275535,3.264581620675411,15.328650958701138,87452400,389.5211233549716,39704.03734375,38465.83986328125,223.19443081392092,0.9679977523353623,0.0,0.004291548855112927,0.0,-0.006114262702293205,-0.036809815950920255,-0.7914554772455331,-2.7957571039883566,-2.892704825960765,-2.498401672984768,-0.9344106799953833,-0.8484912795414011,0.2519910457110858,0.2928882880726713,-1.1748181344703994,-0.1919583336898525
2019-12-11,40412.5703125,40466.12890625,40135.37109375,40285.19921875,55500,51.39888707180106,26.953945494255056,17.987567571515466,87507900,385.32374400818793,39740.418359375,38485.1703125,192.76520085828815,0.9534749733278003,0.0,0.004185346878262855,0.0,0.004291548855112959,0.7675159235668789,-0.322816504627112,-1.96921090267711,-1.7409591525952295,-2.4260943930169443,-0.982482480686423,-0.9255224877403695,1.0342908910849251,0.22563632545601164,0.7639972088781919,1.9206593977707322
2019-12-12,40581.7109375,40712.6484375,40490.69140625,40561.33984375,41300,54.593472846769735,43.400626721109106,24.539717945346514,87549200,379.2347712218888,39772.2578125,38506.1037109375,180.2205810827072,0.9344967534906286,0.0,0.010546622853313502,0.0,0.0041853468782628855,-0.2558558558558559,0.2189639205532154,-1.3545155572037704,-1.0135281689639821,-2.2208274971254593,-1.0791568675999585,-1.0498115326354087,1.9264033263191032,1.6052080495734555,0.7578390791787858,-0.8349814402677351
2019-12-13,41009.7109375,41055.80078125,40736.69921875,40754.8203125,27900,61.49123818054765,85.01794701357896,51.79083974298103,87577100,386.01013354532535,39816.000625,38530.38416015625,202.4808296222618,0.9412651899293221,0.0,-0.0017311067519640451,0.0,0.010546622853313536,-0.32445520581113807,1.6629890058718781,-0.24493841632852256,0.6592843201129613,-1.8498826647644313,-0.8892479986508273,-0.9563569419008927,2.464972848946741,1.6207149144110746,1.865484124794238,-1.136403014866438
2019-12-16,40938.71875,41185.03125,40917.9296875,41168.8515625,21600,59.86671093305791,76.53407166754121,68.31754846740976,87555500,377.516664184945,39861.4284375,38555.69666015625,211.95052700085944,0.9221506576459357,0.0,0.010099317653901907,0.0,-0.0017311067519640844,-0.22580645161290325,1.3175397513163092,-0.45747452660640714,0.3429924289665699,-1.631331474989675,-1.0570371821086937,-1.0978826335679497,1.891046468234302,1.6395015632278316,-0.4511140656949852,-0.8162428572979425
2019-12-17,41352.171875,41401.6484375,41005.1796875,41052.359375,19000,65.57141747080448,96.09275466040651,85.88159111384222,87574500,383.6175944217347,39922.363671875,38583.4127734375,249.936430622256,0.9276842715331616,0.0,0.004991235723335269,0.0,0.01009931765390193,-0.12037037037037035,2.4383878905233516,0.49574181424486274,1.1279774976702506,-1.2749669180396066,-0.850834631791217,-0.9943329738626584,2.0596507662071915,1.666230088687579,1.6674974738020287,-0.4121963814934959
2019-12-18,41558.5703125,41614.76953125,41358.46875,41442.75,24300,68.01558921681081,96.20121142989919,89.60934591928229,87598800,374.9733131237536,39991.39765625,38613.71341796875,293.31402043250273,0.9022767393202865,0.0,0.002775638373327403,0.0,0.004991235723335263,0.2789473684210526,2.6455630444373086,0.9137058359079833,1.1131309810040855,-0.9155825474678706,-1.0473817486921877,-1.2191453877233767,2.3185262264698463,1.7003646409249231,0.7019941881115073,0.950882526036091
2019-12-19,41673.921875,41719.2890625,41456.3984375,41571.8203125,33300,69.32622367823191,97.13576154857293,96.4765758796262,87632100,366.9674068291998,40071.409921875,38645.31998046875,333.15853572049673,0.8805684474091743,0.0,0.00018278067331525897,0.0,0.0027756383733275047,0.37037037037037046,2.530877000285539,1.1623630489920875,1.1403000814293915,-0.5894765281473494,-1.2660104875620797,-1.4348902348118913,2.552862769177613,1.7341946059090056,0.3233861936180803,1.1917038281580947
2019-12-20,41681.5390625,41809.9609375,41636.109375,41746.19921875,33600,69.41534930581851,92.33114451999674,95.22270583282295,87665700,353.17341794854264,40154.40109375,38674.9463671875,361.1867089721127,0.8473137650195007,0.0,-0.0009327608126874214,0.0,0.0001827806733152304,0.009009009009008917,2.232779802194135,1.2380445579703565,0.9652787003895036,-0.3372346215078735,-1.6558785221846273,-1.753455767022977,2.6416465495609933,1.7523895341648383,-0.12134220265570328,-0.10389636218443403
2019-12-23,41642.66015625,41701.62109375,41474.609375,41548.26171875,6200,68.32412628978176,90.00944727603542,93.15878444820169,87659500,344.1618680057896,40223.6953125,38703.66791015625,375.9285649074591,0.8264646559908483,0.0,-0.0043560722782685765,0.0,-0.0009327608126874498,-0.8154761904761905,1.9297395580439316,1.0232697273304108,0.8487889131015168,-0.17013395478727622,-1.9186451843999437,-1.9496576808300161,2.2585987169604054,1.7625175137476035,-0.38687505328796384,-2.6002522960269765
2019-12-24,41461.26171875,41702.98046875,41423.0703125,41684.51171875,4400,63.322403892207504,79.17703728758208,87.17254302787141,87655100,339.5724600232332,40295.312578125,38731.61681640625,368.72383519972936,0.8190113999103614,0.0,-0.007175372568690107,0.0,-0.004356072278268619,-0.29032258064516125,1.4145696259545462,0.18028751210798025,0.4182754851472479,-0.1702822195649432,-1.9902330312777539,-1.9460786575474114,1.9713906859834112,1.7660658839404915,-0.9937135513469694,-0.923788408086364
2019-12-26,41163.76171875,41543.80078125,41132.890625,41543.80078125,5600,56.07248109192111,61.411493019512704,76.86599252771006,87649500,344.66800975371655,40356.04625,38756.36873046875,335.1449291871395,0.8373093113031045,0.0,0.009993715080286694,0.0,-0.007175372568690053,0.2727272727272727,0.7143053257184722,-1.0264397524703819,-0.28030790149561485,-0.40272169955329523,-1.745942893887045,-1.6531681724556673,1.7533670576265137,1.7540338405327065,-1.4950182037468187,0.8816638724379948
2019-12-27,41575.140625,41611.26953125,41264.921875,41297.078125,6100,62.47104098002358,85.97744317055249,75.52199115921574,87655600,352.0137099498797,40423.2596875,38784.37587890625,337.83390498424706,0.8466927703864613,0.0,-0.0004122806259299333,0.0,0.00999371508028668,0.08928571428571419,1.5223996423255286,0.07000370463203713,0.6825921646742391,-0.3279817727826414,-1.4181984344468597,-1.4705311741867417,1.6889404282035299,1.7555828286623945,1.5927309362973407,0.2587968095901238
2019-12-30,41558.0,41714.73046875,41453.37890625,41686.26953125,5700,62.065379010941754,84.95387163367896,77.4476026079147,87649900,345.53784227488825,40484.297890625,38812.63873046875,334.72335006763024,0.8314592672286643,0.0,-0.0073213753970354685,0.0,-0.0004122806259299061,-0.06557377049180324,1.3819921579133996,0.014745248240894052,0.6343508869715803,-0.30627423953360283,-1.624067305645964,-1.6298558144883848,1.4908032071729713,1.756584399140211,-0.2505453097831595,-0.2441673244369089
2019-12-31,41253.73828125,41607.48828125,41184.73046875,41607.48828125,5600,55.211724503939216,66.78454378987392,79.23861953136844,87644300,351.05355443382484,40537.392890625,38839.57021484375,304.2002044057008,0.850961801426321,0.0,0.009039237637270941,0.0,-0.007321375397035479,-0.01754385964912286,0.6610566642417114,-1.09031325435118,-0.07999605606508856,-0.5510080794453275,-1.3382476589508632,-1.2829608057169344,1.329064157164104,1.7508067276677846,-1.4035225726097051,-0.07446101793722655
2020-01-02,41626.640625,41649.2890625,41328.44921875,41340.26953125,5300,60.90916989274543,86.1044079198657,79.28094111447285,87649600,354.23192777783737,40588.88453125,38867.384375,306.566585460816,0.8509740936555276,0.0,-0.003892489222459325,0.0,0.009039237637270991,-0.0535714285714286,1.3990949298707356,-0.11263690697029176,0.6567121385635991,-0.4782463765552196,-1.1354474927154055,-1.2170324866544557,1.3000749841742874,1.7482828833944049,1.3588701380092738,-0.15007553096748838
2020-01-03,41464.609375,41636.1796875,41348.6796875,41634.51171875,8900,57.48720628444257,67.82224163345526,73.57039778106495,87640700,349.4653615079919,40632.209140625,38892.4947265625,292.0013816098508,0.8428039399755998,0.0,-0.019003687255886515,0.0,-0.0038924892224593277,0.679245283018868,0.970585815063767,-0.639664587700049,-0.04419178837936432,-0.5776065212718653,-1.2827309680233363,-1.2762029333410427,1.1093953388704612,1.733952512150973,-0.765135084453411,2.0371845322905293
2020-01-06,40676.62890625,41378.33984375,40613.9609375,41378.33984375,8700,44.41791055756244,5.239796718227424,53.055482090516115,87632000,385.26415265027816,40666.464921875,38912.69736328125,214.4034052267889,0.9471388436298909,0.0,0.004740802001917371,0.0,-0.019003687255886526,-0.022471910112359605,-0.7920523939541576,-2.456329709924496,-2.198949344213538,-1.32256999620264,0.44210357255850435,0.5167348940318467,0.9360479007461836,1.701501005552405,-2.745007697468156,-0.16553399478995295
2020-01-07,40869.46875,41230.140625,40727.37109375,40983.0390625,11900,47.55993940187363,21.363529473244146,31.4751892749756,87643900,397.2818359431154,40702.677734375,38933.41759765625,166.54716163349076,0.9720748717662631,0.0,-0.0012657484996058336,0.0,0.004740802001917288,0.367816091954023,-0.414679897953489,-1.7985393418718454,-1.5498509608785291,-1.6937234050231633,1.0247204651918778,0.9633025953283952,1.0176145945003767,1.6757102434205446,0.6199814632591735,1.0073678372642412
2020-01-08,40817.73828125,40866.359375,40476.55078125,40574.828125,18200,46.795723983098725,25.587588215132136,17.396971468867893,87625700,396.97013114360715,40738.6246875,38954.149140625,123.02833325830579,0.9725431830845929,0.0,0.015547487635823158,0.0,-0.0012657484996058121,0.5294117647058822,-0.5280312617616189,-1.7425017003612973,-1.3061816434521019,-1.963455683858526,1.0652150128757758,1.0145460314275594,0.733764900357648,1.6526889309923052,-0.18860296534982882,1.4481166756770518
2020-01-09,41452.3515625,41482.12109375,41175.71875,41216.671875,7800,56.112448987154856,73.1808421194482,40.04398660260815,87633500,416.0710369547781,40786.510546875,38976.140390625,138.15477410956373,1.0037332534137293,0.0,0.0035550983706631543,0.0,0.015547487635823254,-0.5714285714285714,0.8862401933231363,-0.4173157570889324,0.3210282523637931,-1.6812432679389664,1.9741759427326928,1.574568233073248,0.7794127116036187,1.6373911749599523,2.115885934909435,-1.7076858261569718
2020-01-10,41599.71875,41775.109375,41447.80078125,41568.19921875,13200,57.953731871301706,84.23274440242213,61.00039157900081,87646700,409.7308624401511,40821.868125,38996.46068359375,160.18734786357527,0.9849366167653504,0.0,0.006249384949267235,0.0,0.0035550983706631456,0.6923076923076923,1.1523271563094832,-0.11690267248886109,0.711121907338552,-1.3805685465680273,1.6082008106854542,1.223244488717395,0.8922975343134891,1.6167391569474119,0.4332622803804585,1.7384710925420006
2020-01-13,41859.69140625,41899.62890625,41720.76171875,41788.2109375,10600,61.057667389271785,97.19358345136533,84.8690566577452,87657300,401.8865262837117,40858.02453125,39016.99828125,196.3623984786609,0.9600800024620026,0.0,0.0022202146475003314,0.0,0.0062493849492673,-0.19696969696969702,1.6022211425403934,0.3827370463654344,1.1568004308125988,-0.9630211100038305,1.1748641340182429,0.7591083734116967,0.9670915151877515,1.598372685106941,0.7898532731089103,-0.6471341167015856
2020-01-14,41952.62890625,41994.26171875,41770.8984375,41883.08984375,14100,62.133846176941475,97.25686812479732,92.89439865952825,87671400,389.13486592416086,40894.49609375,39037.98697265625,229.88074413460708,0.9275577623365302,0.0,-0.0019044917942698206,0.0,0.0022202146475003293,0.33018867924528306,1.6465889356069703,0.5385602474520923,1.1005745045375017,-0.549138864781323,0.5801645071172392,0.20645625672439702,1.0901488712115155,1.5832600179240313,0.18176411918499055,0.7985134912875762
2020-01-15,41872.73046875,41969.859375,41648.109375,41969.859375,6100,60.58377799418887,91.99246397998631,95.48097185204965,87665300,384.32166121529224,40928.650078125,39057.2290234375,247.14816814840742,0.9178328160426867,0.0,0.0014288087815207148,0.0,-0.0019044917942697692,-0.5673758865248226,1.3739459486469114,0.31266296944885774,0.8842479051754556,-0.29345863937284167,0.3646648934516361,0.05677916076442672,0.9426884412130914,1.5621892077331636,-0.4007757400292208,-1.5521007299514062
2020-01-16,41932.55859375,42059.44921875,41812.28125,41924.73828125,6600,61.361096745042445,91.98365340480034,93.74432850319465,87671900,374.5249688963428,40961.26203125,39076.41646484375,262.6328873256207,0.8931603065885068,0.0,0.00030555016029738976,0.0,0.0014288087815206296,0.08196721311475419,1.3863124183217221,0.4135077276945357,0.8358202049029927,-0.045771136404101444,-0.07872847337400611,-0.35217433265678777,0.9780476819130225,1.5436335081140273,0.056388039152370915,0.13207623412384098
2020-01-17,41945.37109375,42063.9296875,41850.2890625,41929.01953125,9500,61.536037638065906,92.53117240734406,92.16909659737689,87681400,363.033230046604,40995.20484375,39094.3259765625,272.79390221003996,0.8654905668499311,0.0,-0.009928650686369873,0.0,0.00030555016029731874,0.43939393939393945,1.3108975554559834,0.43814129468967367,0.8156855867144309,0.14266428503946393,-0.5814080958226642,-0.7947754951740106,1.043767228904888,1.5225666466088132,-0.08692680770641605,1.0527816514893518
2020-01-20,41528.91015625,42273.87109375,41503.37109375,42263.0,7500,53.117623911386886,58.551576348470164,81.02213405353818,87673900,392.1379993289894,41016.387421875,39110.03677734375,244.42409376097203,0.9442530465008447,0.0,-0.00493876583152117,0.0,-0.009928650686369833,-0.21052631578947367,0.46847278674014653,-0.7736761980760825,-0.28593517753956127,-0.19651000340396155,0.7610838704011538,0.5985819076666754,0.88528258592228,1.4958743270746309,-1.474150001003623,-0.6486415651846946
2020-01-21,41323.80859375,41532.58984375,41294.30078125,41487.5703125,8900,49.52428383452329,47.140056594670014,66.0742684501614,87665000,381.14878955549017,41029.788828125,39125.8327734375,203.05019789618382,0.9223467113172547,0.0,-0.005043816012920064,0.0,-0.004938765831521197,0.18666666666666676,0.013664893451071063,-1.2709462010193542,-0.7123067290934187,-0.7293938719094772,0.2771089822914975,0.25073097217459067,0.721095618289294,1.474088727578756,-0.8057138131083174,0.37368806866604853
2020-01-22,41115.37890625,41532.2890625,41059.0390625,41467.12890625,7700,46.11050887518139,35.543365339894024,47.07833276101139,87657300,387.72744744438376,41045.62421875,39142.3651171875,151.69392039076774,0.9430229217356059,0.0,0.0065916826856434975,0.0,-0.005043816012920033,-0.1348314606741573,-0.4783446507635841,-1.6630551143877712,-1.1363510180714649,-1.3530127118387758,0.593992708442315,0.6474826255246658,0.5470115276855289,1.4601978257557928,-0.7831385161523746,-0.45360977085015575
2020-01-23,41386.3984375,41413.9609375,41098.91015625,41191.5,9900,50.85432338238751,50.622454435205185,44.435292123256396,87667200,382.53625700192777,41066.450625,39158.13005859375,131.34860665700398,0.9243042918547695,0.0,0.005479891396988632,0.0,0.006591682685643585,0.2857142857142858,0.02430245213124122,-1.0340993040183029,-0.7364213162950315,-1.5261267039963582,0.36086393853162496,0.33601038571921876,0.7558428109958443,1.448059112234248,0.7934996922009763,0.6089440207491804
2020-01-24,41613.19140625,41697.03125,41275.6015625,41377.0390625,6600,54.46649501535331,63.24084900698522,49.80222292736147,87673800,385.31435918036146,41096.39328125,39175.53162109375,132.00344261594,0.9259428228388416,0.0,-0.011007814998568006,0.0,0.005479891396988679,-0.33333333333333337,0.5226350038854551,-0.543077254601719,-0.32398746580932714,-1.447470435850556,0.49349293107232906,0.3885367359655219,0.9350023279374147,1.447754692537105,0.6292351239456557,-0.9426213606832488
2020-01-27,41155.12109375,41516.26953125,41122.48046875,41510.6796875,7000,46.95908808215286,37.754556479481174,50.53928664055718,87666800,392.8426862031928,41113.76609375,39188.5786328125,94.47095648558752,0.9545414416551228,0.0,-0.004574442104571775,0.0,-0.011007814998567955,0.06060606060606055,-0.809469192545529,-1.5227157751539817,-1.3058812866395078,-1.7999726286840314,0.8217357475684849,0.9113431362972461,0.7112673723550823,1.4323215471106174,-1.5505909600644059,0.10008482390207171
2020-01-28,40966.859375,41333.25,40869.75,41299.6796875,9800,44.25900732414937,6.916025649942274,35.97047704546954,87657000,397.889637188679,41125.969453125,39199.05357421875,48.9705415659555,0.9712475968599411,0.0,0.005658251200760981,0.0,-0.0045744421045718076,0.3999999999999999,-1.3416891555921255,-1.7239714937013741,-2.1990390125235955,-2.110117591556787,1.026053144458217,1.186026561470559,0.3394947028274548,1.4098507803459415,-0.6320263794643526,0.9645480133743529
2020-01-29,41198.66015625,41334.859375,41108.19140625,41131.5703125,7800,48.2077551005041,23.424628952163694,22.69840369386237,87664800,395.75466310377334,41144.258828125,39209.7636328125,31.255229901675193,0.9606008098390448,0.0,-0.0069138132810561475,0.0,0.005658251200761022,-0.20408163265306123,-0.7207577883157891,-1.1315363851652276,-1.488058498091493,-2.0663371226934,0.8859287421424415,0.9507634281312958,0.6098927334279808,1.3935105052713053,0.7439482619213781,-0.6950347282633724
2020-01-30,40913.8203125,41380.140625,40829.91015625,41380.140625,6700,44.07580145592123,5.811109848669296,12.050588150258411,87658100,406.78864922136097,41153.14125,39219.94712890625,-5.7027394780598115,0.9942573099121688,0.0,-0.004652022954499063,0.0,-0.006913813281056114,-0.14102564102564108,-1.4618691152580745,-1.5347835362267257,-1.8904853013383114,-2.1567192296987847,1.316409879738647,1.467688944899242,0.2472694862463523,1.3788213087269088,-0.9202026415155564,-0.5194687322433857
2020-01-31,40723.48828125,41154.48828125,40671.01171875,41146.55859375,11500,41.51520274382697,3.2739342776093503,10.836557692814104,87646600,412.2663573126923,41154.578203125,39230.1409765625,-49.77660698948603,1.0123552149203017,0.0,-0.020901443452522265,0.0,-0.004652022954499069,0.7164179104477613,-1.8121091305759958,-1.7176594786354942,-1.7968558484191488,-2.249089353750629,1.4477521731634395,1.637387760483616,-0.6240927046380227,1.3675089871939277,-0.561544949560332,1.7093457943286323
2020-02-03,39872.30859375,40014.8984375,39563.0703125,39701.01953125,10600,32.43902244078413,11.40763583177826,6.830893319352292,87636000,465.7057581296429,41140.5209375,39235.1913671875,-151.64053401993442,1.167992961919046,0.0,0.023000180948733708,0.0,-0.020901443452522317,-0.07826086956521738,-3.175689078663376,-2.501437848060457,-1.432665920608051,-2.641182342311152,2.9828102318486254,3.242377567551876,-1.4067920082736736,1.3320223904451374,-2.43569035299619,-0.33327717415271707
2020-02-04,40789.37890625,40818.94140625,40117.4609375,40178.73828125,15300,46.10926260942186,45.23787222698551,19.973147445457695,87651300,500.0576905846684,41149.1203125,39245.63560546875,-156.5637506788844,1.225950735199958,0.0,0.008661108834532121,0.0,0.023000180948733684,0.44339622641509435,-1.1129421875884167,-0.879095390494236,-0.3495306410026,-2.3504116209784542,3.2443233541749645,3.1493782367849255,-0.2716130306241495,1.3294072979291964,2.587709088300049,0.988673100275882
2020-02-05,41142.66015625,41177.0,40703.3203125,40921.7109375,13900,50.28266887823928,58.270229766630884,38.305245941798205,87665200,498.17354750719215,41154.18890625,39256.6528125,-130.4547893640629,1.2108442808881292,0.0,0.00397084420719408,0.0,0.008661108834532083,-0.09150326797385622,-0.3250301775799971,-0.32449114816815605,0.09391774442029124,-1.970436791991114,2.69250147719709,2.557821554091035,0.7195734734405981,1.332939009200562,0.9692137809968114,-0.5094704231312297
2020-02-06,41306.03125,41405.4296875,41113.109375,41209.12890625,15000,52.12891305329977,64.2969025815423,55.93500152505288,87680200,483.4697450066784,41163.883515625,39270.2562109375,-95.47993425285676,1.170457994573561,0.0,-0.0039747146489654585,0.0,0.00397084420719418,0.07913669064748197,0.03767571543646698,-0.04344929046434984,0.3051515195826687,-1.6099038154944072,2.086994452502699,1.9603016719222761,1.654273876710355,1.3543394743375587,0.43547695942848824,-0.057640204764922036
2020-02-07,41141.8515625,41394.41015625,41073.359375,41394.41015625,15300,50.11483397440892,73.98360589719088,65.51691274845467,87664900,471.86839045262997,41166.308359375,39282.93041015625,-80.086846952021,1.1469303702479177,0.0,-0.003943198047456618,0.0,-0.003974714648965483,0.020000000000000018,-0.3146387692591315,-0.2829401745489724,0.6006800278791403,-1.4047158387234597,1.6666426864622221,1.6049776203369557,0.569214754107686,1.3735891612908335,-0.43255879155481364,-0.20664538510481015
2020-02-10,40979.62109375,41172.05859375,40798.98046875,41166.71875,15200,48.13575415250256,66.38128919592747,68.22059922488687,87649700,464.81194292029926,41163.29734375,39293.99296875,-80.05552709293988,1.134251441361399,0.0,0.0057716378272241456,0.0,-0.003943198047456575,-0.006535947712418277,-0.6214913332047352,-0.4950458006454059,0.3834980759771894,-1.3155432129617255,1.3959620054336652,1.3850986390431077,-0.4551756915903141,1.384784287553587,-0.38597588215911877,-0.2747560323860408
2020-02-11,41216.140625,41444.33984375,41179.140625,41183.390625,7700,51.16377178294176,77.4648815472987,72.60992554680568,87657400,464.80528628313505,41171.743984375,39305.54447265625,-60.251020128212986,1.1277263694146158,0.0,0.008485942817456602,0.0,0.005771637827224119,-0.493421052631579,-0.08776741990690164,-0.03598159720371384,0.7580660770196381,-1.113930944349719,1.3076877085581367,1.2434703125601339,0.05264866076056576,1.4007144875940698,0.6568629537076709,-1.5887101517642492
2020-02-12,41565.8984375,41671.859375,41330.8515625,41330.8515625,9600,55.31815476026958,93.85495722083714,79.23370932135443,87667000,464.15624797719687,41187.018515625,39316.99576171875,-16.1471390860097,1.116675605304476,0.0,-0.0025527987843099297,0.0,0.008485942817456626,0.24675324675324672,0.6438677750604054,0.5479288590944172,1.2348185591143799,-0.7613154528761,1.2122064766070444,1.0719344491445153,0.6606024861710166,1.4173257769025027,0.8928560249486471,0.4614806669170549
2020-02-13,41459.7890625,41709.30078125,41338.30859375,41707.2109375,9100,53.82227233204807,88.3744209961142,86.56475325474999,87657900,457.50167222882567,41202.7053125,39328.59330078125,10.126631121820537,1.1034828747901946,0.0,-0.004873415562858063,0.0,-0.0025527987843099176,-0.05208333333333337,0.4305011599399294,0.3821007448194873,1.0543776439675834,-0.5296975098410781,0.9920220775059935,0.8914472195094405,0.016346711300582472,1.4350164900461482,-0.2719746784108277,-0.3746638337391645
2020-02-14,41257.73828125,41702.359375,41183.12890625,41510.19140625,9800,50.99449917573925,78.96020457378944,87.06319426358023,87648100,461.91087198033813,41210.854296875,39341.65609375,14.478079576714663,1.1195739059459258,0.0,-0.004897187374224589,0.0,-0.00487341556285803,0.07692307692307687,0.006984133359747722,0.0035500117885112347,0.7369990064985651,-0.4488772713176993,1.0351557662390416,0.9818678710868484,-0.688902350777024,1.463473091724433,-0.5241594501151511,0.04469967080945044
2020-02-17,41055.69140625,41420.33984375,41030.578125,41324.0390625,6900,48.263761445980535,69.54617015661543,78.96026524217301,87641200,456.757361035314,41216.376328125,39354.11015625,1.604642274120124,1.1125311628920243,0.0,-0.003929114197683273,0.0,-0.004897187374224621,-0.29591836734693877,-0.47226148329391865,-0.42300281308699406,0.38787572813719784,-0.4992927242167324,0.8507957577511741,0.8568714279049033,-1.2372543275419703,1.4892371989321955,-0.6251590465406451,-1.0099038872448047
2020-02-18,40894.37890625,41042.4609375,40610.94921875,41042.4609375,12300,46.13939645003779,62.03008545141827,70.1788200606077,87628900,455.8991343542201,41225.3609375,39363.30865234375,-21.367904242441,1.1148210256460058,0.0,0.010481173824221908,0.0,-0.00392911419768327,0.7826086956521738,-0.8357365924507287,-0.7295743654186481,0.0963007922579126,-0.6271557105362902,0.7787002141858806,0.8265462108217025,-1.9816102459721863,1.4920003093690604,-0.47561323996241295,1.9572291843283884
2020-02-19,41323.0,41357.16015625,41048.9296875,41121.51171875,5600,52.16430255525677,82.00096462729896,71.19240674511087,87634500,456.39071404320435,41242.07234375,39376.26935546875,-4.930833160055045,1.1044471941611316,0.0,-0.0036996081177552453,0.0,0.010481173824221868,-0.5447154471544715,0.08693678882785948,0.13970035837183561,0.7226226962555347,-0.47050366138422933,0.740875485741373,0.6840805927552916,-1.6852218712736986,1.5259667330785704,1.1691976311005121,-1.5486461322477945
2020-02-20,41170.12109375,41399.9296875,41134.30859375,41334.9609375,8400,50.01528233302508,74.8778290425619,72.9696263737597,87626100,442.76431259368974,41260.6771875,39386.7833203125,-4.192062489695672,1.0754505957984792,0.0,-0.01959893737408738,0.0,-0.003699608117755271,0.5,-0.24029275945862563,-0.1526911056179348,0.47418055843817963,-0.4304877181461933,0.38841027448793436,0.38698167505817227,-2.1904317389681753,1.539606321449044,-0.4313684228742331,1.194316552217573
2020-02-24,40363.23046875,41037.01171875,40306.359375,41037.01171875,8100,40.52565910163359,15.439337833825345,57.439377167895394,87618000,472.8355558905691,41259.690390625,39393.44171875,-67.9328240728646,1.171451220329472,0.0,-0.002032326180222621,0.0,-0.019598937374087355,-0.0357142857142857,-1.8767536117876438,-1.4675264272433008,-1.4568398291975297,-0.8555566355194776,1.047182601222416,1.2063423652895722,-2.414549199685141,1.5226731255549917,-2.1115486010115627,-0.2265166335213788
2020-02-25,40281.19921875,40536.0,40220.58984375,40497.71875,7300,39.70095799946476,4.071265513893627,31.46281079676028,87610700,461.5908844876713,41253.68015625,39399.94056640625,-123.64180737508286,1.1459214061154641,0.0,-0.009737502578310077,0.0,-0.0020323261802226433,-0.09876543209876543,-1.876056860754489,-1.4911822374660733,-1.6938720157501854,-1.1945796099263422,0.7307134116863111,0.9091769403133233,-2.455896226166198,1.506398082572867,-0.09044948135738314,-0.4218727814880841
2020-02-26,39888.9609375,40255.390625,39760.390625,40194.890625,9000,35.935282579294096,6.597036404561043,8.702546584093328,87601700,465.8207208635519,41231.26515625,39404.5690625,-197.1690867301004,1.1677935697383115,0.0,-0.003592492205413191,0.0,-0.009737502578310075,0.23287671232876717,-2.388399566146293,-1.9110649328339682,-1.5004358062261136,-1.6284267175693576,0.7757758407646683,1.0387098863863449,-2.5195508441557406,1.4751940826469456,-0.9170228658676728,0.5620332841857699
2020-02-27,39745.66015625,39947.80078125,39423.26953125,39947.80078125,9600,34.642474472191324,14.102634205022351,8.256978707825665,87592100,470.0143300875839,41207.403984375,39410.2956640625,-263.960389723572,1.1825550971850551,0.0,-0.036440987218632065,0.0,-0.0035924922054132447,0.06666666666666665,-2.3591307163924045,-1.9436147891824862,-1.1772582876715216,-1.9631247263497482,0.8183267379972109,1.1010586705613046,-2.5372780605290437,1.4562870897472309,-0.214370965814542,0.010607475986880268
2020-02-28,38297.2890625,39087.46875,38219.96875,39087.46875,12700,24.894209642560412,2.2159058469509185,7.638525485511427,87579400,545.4198355277565,41146.306328125,39410.39896484375,-428.82123698657233,1.424173482978516,0.0,-0.00400209871251902,0.0,-0.03644098721863209,0.32291666666666674,-3.641147750814994,-2.875815060603024,-1.4606005722146838,-2.7529896429561953,2.342654152431504,2.816708259623206,-2.611359405861786,1.3874062149715034,-3.0861484622762503,0.7796006718959332
2020-03-02,38144.01953125,39083.171875,37785.98828125,38910.94921875,13400,24.12069438694249,9.125738773039364,8.481426275004202,87566000,599.1172468293454,41078.0153125,39412.17341796875,-565.3254960303748,1.5706715081207177,1.0,0.012575488723914268,0.0,-0.004002098712518998,0.055118110236220375,-3.0969856571770715,-2.6256241341834916,-1.1636357508431858,-3.062604685843836,2.9714332811433035,3.222867521270635,-2.657810966590097,1.3383387281987176,-0.08286509626146268,-0.010739675583679165
2020-03-03,38623.69921875,38754.23828125,38142.30078125,38480.890625,10600,31.313856620461863,21.352133879215586,10.897926166401946,87576600,600.0329791986779,41017.010859375,39417.49736328125,-627.5657752409898,1.5535357600014397,1.0,-0.005546303288733328,0.0,0.01257548872391423,-0.20895522388059706,-2.22778229006468,-1.6018472872183174,-0.7150083642301512,-2.8896605034767715,2.557690792594589,2.630678519411826,-2.052635275570692,1.3281551781867214,1.342752992178864,-0.8489338620209355
2020-03-04,38409.48046875,38791.69921875,37846.1015625,38715.71875,15300,29.94845093425154,15.891983814697403,15.456618822317443,87561300,624.7161704166296,40951.5696875,39422.22982421875,-686.2664552465649,1.62646347410218,1.0,0.0015915056778686334,0.0,-0.00554630328873329,0.44339622641509435,-2.1653269193099263,-1.6151557775709182,-0.8493328307896109,-2.717738516687711,2.577400175682767,2.62273929832492,-2.2325187163092144,1.3142620942331125,-0.28511680229448183,1.1681442212799646
2020-03-05,38470.609375,38887.80078125,38386.6796875,38604.25,13500,30.874717304803127,17.481006711610217,18.24170813517439,87574800,615.8879506547274,40888.128671875,39429.12876953125,-719.5599361740387,1.6009311021076789,1.0,-0.023238214724795998,0.0,0.0015915056778685877,-0.11764705882352944,-1.8931482863259343,-1.4015369243625366,-0.7705711254184788,-2.483694521916402,2.1699862206512175,2.1993335022291327,-1.673478687669752,1.3247616267523554,0.3363108772545041,-0.5759891497640127
2020-03-06,37576.62109375,37747.0703125,37011.08984375,37613.9609375,19000,25.553221776495278,12.82601916425696,15.399669896854851,87555800,676.1473492686755,40810.435859375,39430.41921875,-808.7597634827616,1.7993830461279472,1.0,-0.05167233823806878,0.0,-0.023238214724796036,0.40740740740740744,-2.3594357563722133,-1.8003729936271597,-0.8690540121194102,-2.4717341153993755,2.633286666057009,2.7102660433429415,-1.982721831935589,1.2752149567707978,-1.7248693139924576,1.0316902645450032
2020-03-09,35634.94921875,36950.19921875,35109.1796875,36950.19921875,18800,18.211413194999167,8.357819516750785,12.888281797539312,87537000,804.0969247673414,40699.859609375,39423.0195703125,-1024.32023629178,2.2564839922495263,1.0,0.001752471102642716,0.0,-0.05167233823806883,-0.010526315789473717,-3.1391106651869753,-2.2663528392012307,-0.9465241518844282,-2.758043826632641,3.3456268942963185,3.5175429668925062,-2.200493507980119,1.1281731719072867,-3.2129386509379523,-0.293725761334925
2020-03-11,35697.3984375,36021.51171875,35261.921875,35468.8984375,27900,19.01732104392157,9.350534514962446,10.17812439865672,87564900,800.9178475518171,40582.304765625,39414.53916015625,-1176.5517774664622,2.243630859974534,1.0,-0.08177788691271488,0.0,0.0017524711026426498,0.48404255319148937,-2.606521121049074,-1.95861116703118,-0.8732521502960001,-2.7303790451607854,2.7616991257567243,2.852124048931148,-1.4004666132516328,0.9702843429226492,0.43950026452577534,1.191947207117482
2020-03-12,32778.140625,34472.5,32493.099609375,34472.5,25200,12.711713839026345,3.2002520888442136,6.969535373519139,87539700,972.5879175927587,40406.707578125,39388.776015625,-1515.288773088032,2.9671845292254395,1.0,0.04043364933089459,0.0,-0.08177788691271493,-0.09677419354838712,-3.306735434032124,-2.214983797224147,-1.056443036106314,-2.9898390974997495,3.3358465001328605,3.5919516459572414,-1.8243242470426053,0.5876713618606282,-3.687044627178592,-0.5497071542099669
2020-03-13,34103.48046875,34769.48046875,29388.970703125,31214.130859375,32600,24.88827846732312,40.474700932979445,17.675162512262023,87572300,1287.4394781664903,40263.702421875,39362.53005859375,-1657.6876422577843,3.775097029601445,1.0,-0.07956402452049947,0.0,0.04043364933089455,0.2936507936507937,-2.3240078418474015,-1.1319405949144048,0.08077354862772607,-2.7638300019389477,3.8409672818267477,3.729363764361202,-1.0011968295029918,0.16982281106787006,2.120699126593511,0.6168825814825591
2020-03-16,31390.0703125,33103.23828125,31276.30078125,33103.23828125,18100,19.03401674849289,17.95186462760976,20.542272549811127,87554200,1397.4209216903125,40058.971015625,39324.63140625,-1966.8170520231652,4.451792900679927,1.0,-0.02583557350067659,0.0,-0.07956402452049949,-0.4447852760736196,-2.8487204962820383,-1.4825766387014805,-0.63846661940464,-2.8094426544043145,3.3359873888675695,3.503605413235835,-1.3216835937356017,-0.46411980512975204,-2.766377498347316,-1.6016675441946582
2020-03-17,30579.08984375,32047.98046875,30394.939453125,31611.5703125,21500,17.694365071067253,10.952265319962391,23.126276960183855,87532700,1415.6794998285045,39841.260625,39281.97580078125,-2251.2921876425025,4.629567155406532,1.0,-0.055906833292306696,0.0,-0.025835573500676556,0.18784530386740328,-2.6357665073177716,-1.4674563054956389,-0.8735186105820446,-2.7509745241344112,2.804112180267405,2.9779908933192645,-1.6583811567500744,-1.2097211239351184,-0.6438808236763015,0.38310090024251164
2020-03-18,28869.509765625,31101.76953125,28613.05078125,30968.83984375,31300,15.256643114420044,2.2625905677231524,10.388906838431758,87501400,1492.32516055504,39605.1182421875,39232.266396484374,-2584.892574344063,5.169208527163684,1.0,-0.020134713114080334,0.0,-0.055906833292306723,0.45581395348837206,-2.65600274656041,-1.5416054338755256,-1.1278524129216367,-2.7152978522212514,2.5913575523448062,2.8639775867966435,-2.08056003077414,-2.0126187998908516,-1.676181887460929,1.1644377445112932
2020-03-19,28288.23046875,29370.529296875,26714.4609375,27773.359375,33200,14.52396299167259,12.719377172461476,8.64474435338233,87468200,1575.4496747564658,39353.4934765625,39176.53395507813,-2863.17279188837,5.569276157081881,1.0,0.057540908065923504,0.0,-0.020134713114080327,0.060702875399361034,-2.42049959784629,-1.4710370999674354,-0.7587214547892088,-2.6013747972761663,2.44081195294322,2.6727202454093293,-2.388839301407557,-2.651295129843367,-0.31554975696417215,-0.04276840152414968
2020-03-20,29915.9609375,30418.19921875,27932.669921875,28460.8203125,32100,25.336901917252064,25.88386143210407,13.621943057429556,87500300,1640.4553620506467,39135.4579296875,39127.69731445312,-2918.722408789028,5.483545607904298,1.0,-0.13152580026913935,0.0,0.05754090806592349,-0.033132530120481896,-1.825526558229158,-0.664936752413593,-0.31818517357086157,-2.3161543174450694,2.282025930757746,2.273669505427277,-1.6563626449217408,-2.8905734203323576,2.3209002204766476,-0.3530051837321785
2020-03-23,25981.240234375,27900.830078125,25880.830078125,27608.80078125,21800,19.06007582140242,0.771971879861895,13.125070161475804,87478500,1811.5036118595292,38826.035703125,39058.85486328125,-3242.86324839024,6.9723523416052435,1.0,0.02666497273611256,0.0,-0.1315258002691394,-0.3208722741433022,-2.380625908831417,-1.0388310973535193,-1.0311908522633615,-2.3154561071990596,2.347837245720608,2.7182100500752404,-1.888662217965374,-3.070218487913397,-3.2037627666460673,-1.2086789271702922
2020-03-24,26674.029296875,27462.869140625,25638.900390625,27056.23046875,24700,22.691569065317964,7.812942023343034,11.489591778436322,87503200,1812.3939788695627,38527.5219140625,38994.71475585937,-3404.5988157599604,6.794601440592607,1.0,0.0697963543219964,0.0,0.02666497273611257,0.1330275229357798,-1.9986091553265495,-0.7263712207409686,-0.7573618715563413,-2.17835496808751,2.0847570314939445,2.2795664688806068,-1.360173846723348,-3.02628624836678,1.0832266372551853,0.2101481633426551
2020-03-25,28535.779296875,28790.189453125,26359.91015625,26499.810546875,141500,31.576114323389817,21.865051595525983,10.149988499576962,87644700,1856.5286444413796,38261.043671875,38938.23380859375,-3344.000199701939,6.505967911816206,1.0,0.049446353635399745,0.0,0.06979635432199638,4.728744939271255,-1.5006865560852125,-0.044672031007153445,-0.27121998724358765,-1.9118365496511476,1.953139635241656,1.91246339759092,1.1534701463184425,-2.8805765670952908,2.0150220784838297,4.961279141072034
2020-03-26,29946.76953125,30099.91015625,28566.33984375,29073.7109375,35000,37.443790021674516,35.57820189525312,21.75206517137404,87679700,1835.6430883652097,38020.926484375,38889.39666015625,-3145.8567615900756,6.1296864974022744,1.0,-0.0043804286590282005,0.0,0.04944635363539973,-0.7526501766784452,-1.1457515306127708,0.43762532026828643,0.22628656685556964,-1.6011781192621706,1.7402084851317638,1.583575860357203,1.725829282575636,-2.7036539956178998,1.4227836526786348,-1.0567289570338083
2020-03-27,29815.58984375,31126.029296875,29346.990234375,30747.810546875,116900,37.125038294267206,36.92493246434143,31.45606198504017,87562800,1831.5999436605518,37779.783671875,38837.13650390625,-2965.2304331652267,6.143094781150189,1.0,-0.04612585357046983,0.0,-0.004380428659028213,2.34,-1.095416646907751,0.4868414891596162,0.3677754506484165,-1.3500376060047303,1.591030616916994,1.468225220064798,-0.2591568617308642,-2.569417033712395,0.1392810329394754,2.0650468325112517
2020-03-30,28440.3203125,29497.5703125,28290.990234375,29226.55078125,23200,33.86974184044442,26.981843327664173,33.16165922908623,87539600,1809.671348354441,37509.93890625,38778.92041015625,-2899.6303899330487,6.363048406170939,1.0,0.03615184043560515,0.0,-0.04612585357046983,-0.8015397775876818,-1.2694917384073292,0.29493140490278225,0.084249393091937,-1.2107021474047506,1.4354255770199404,1.4523826920424165,-0.6286451696665287,-2.473468776446629,-0.8229188783846071,-1.0482425816275958
2020-03-31,29468.490234375,29770.880859375,28667.359375,29294.939453125,26400,38.23047632239203,41.942459416405676,35.283078402803746,87566000,1775.4491482487667,37260.4012890625,38728.61426757812,-2733.1708706707104,6.024907058786829,1.0,-0.04082936309022342,0.0,0.036151840435605154,0.13793103448275867,-1.004763286042124,0.7437046083330908,0.8111674507367511,-1.009005484252019,1.2794565197028114,1.2105430629871738,-0.08570063644418528,-2.354480963358594,1.0830997309344732,-0.12286997303606224
2020-04-01,28265.310546875,29505.98046875,28073.4296875,29505.330078125,18000,35.29721880154783,28.7649868220568,32.56309652204221,87548000,1750.9564077488546,36995.129296875,38671.861328125,-2667.586768021629,6.1947184512446105,1.0,-0.023858267079947475,0.0,-0.04082936309022345,-0.31818181818181823,-1.1582786556248326,0.5413640682133559,0.30940162878881283,-0.8950293748126109,1.1550331828884843,1.2008890598257664,-0.3874267316916005,-2.273083421709048,-0.6806896409167315,-0.572297201258125
2020-04-03,27590.94921875,28639.119140625,27500.7890625,28623.529296875,18900,33.73490996721097,26.15166752535036,32.28637125460427,87529100,1707.1973842042935,36720.472109375,38610.8934765625,-2639.5985682692553,6.18752682507977,1.0,0.08974905861764282,0.0,-0.023858267079947426,0.050000000000000044,-1.2073537105158862,0.451054115932451,0.2583576235051729,-0.8150908088859318,1.0094281115306063,1.1197964413609858,-0.713326504691508,-2.2102278678904295,-0.27205147787017,-0.18553798300463603
2020-04-07,30067.2109375,30157.650390625,28602.310546875,28898.359375,21900,43.6056664945273,69.0943238794813,41.33699274229614,87551000,1768.5905118950582,36499.50875,38561.4772265625,-2390.0530488106197,5.882123604917614,1.0,-0.005762090815810308,0.0,0.08974905861764282,0.15873015873015883,-0.6744743606675386,1.543314866061949,2.667952200341347,-0.5596595350822076,1.0468187392125914,0.9205590516021123,-0.21649676969626172,-2.1172860380942424,2.1150218657663915,-0.10209216162684925
2020-04-08,29893.9609375,31227.970703125,29602.939453125,29701.919921875,24700,43.121691615917285,76.13181278751358,57.12593473078173,87526300,1758.336278902554,36269.66,38512.16298828125,-2181.1236184790905,5.881911341821676,1.0,0.042338257073766206,0.0,-0.005762090815810361,0.1278538812785388,-0.6577846450569464,1.5925740197362332,3.031875716714292,-0.33349029626766263,0.964660362635771,0.8611088314082332,-0.688500215389554,-2.037199877430351,0.08031106671303015,-0.12068833371051312
2020-04-09,31159.619140625,31225.19921875,30420.220703125,30571.189453125,18800,47.689391303552526,98.77704951488745,81.33439539396076,87545100,1727.829279070229,36060.5885546875,38469.254287109376,-1891.6121726027777,5.545091136295487,1.0,-0.01507077500709082,0.0,0.04233825707376626,-0.23886639676113364,-0.34465561469588296,1.9804699768195055,3.254290315171929,-0.026434809566758238,0.8517696412244992,0.6555957552330415,-0.23248127175652553,-1.951430309763982,1.0419830853107672,-0.48025205306050345
2020-04-13,30690.01953125,31195.720703125,30474.150390625,31195.720703125,16100,46.20669650708986,90.37494356312054,88.42793528850719,87529000,1655.953638600927,35851.2865234375,38425.44403320312,-1680.6910693438076,5.39573993074445,1.0,-0.010107813195072451,0.0,-0.015070775007090864,-0.1436170212765957,-0.395279166637651,1.741769348804312,2.476673094882863,0.2253306815119389,0.6681431136225062,0.5360602178836212,-0.5457447543475492,-1.8805255448915281,-0.15003137278961443,-0.38330971272484476
2020-04-15,30379.810546875,31568.359375,30222.0703125,31277.109375,23600,45.206822463382785,79.95518931394919,89.7023941306524,87505400,1633.8347403080038,35639.545546875,38382.539140625,-1521.0323339845745,5.378028074885632,1.0,0.00733377937894738,0.0,-0.01010781319507248,0.4658385093167703,-0.4142812079045503,1.5511775545597626,1.870733750640856,0.44217290215000865,0.5757052606840517,0.47763036894933575,-1.0193926421537554,-1.8171243761601426,-0.04595346733195692,0.2177572259539074
2020-04-16,30602.609375,30800.19921875,30016.169921875,30095.509765625,16900,46.108811684963854,83.71267930944637,84.68093739550535,87522300,1573.1343514913606,35427.62453125,38340.32048828125,-1360.8367535081416,5.140523581549525,1.0,0.03222311261243552,0.0,0.007333779378947414,-0.2838983050847458,-0.30653236434722697,1.5402198900804465,1.8161027029043015,0.6717743856177284,0.4043401770329748,0.30704882019823143,-0.5816575202645323,-1.760776839514856,0.31078927373080506,-0.5169533375576627
2020-04-17,31588.720703125,31718.73046875,30960.939453125,31656.6796875,22200,50.02970063125994,97.57391071087532,87.08059311142362,87544500,1540.4905473669776,35241.1225390625,38302.700400390626,-1141.1551329025788,4.876710778650116,1.0,0.0018765969483891013,0.0,0.03222311261243549,0.31360946745562135,0.0007119619610393507,1.736933605945664,2.0515313459179016,0.9624067825574709,0.28274612006016925,0.11383269929722517,-0.03574720871293291,-1.701680102226312,0.7793649211129389,0.07742038789813038
2020-04-20,31648.0,32056.470703125,31490.259765625,32056.189453125,17200,50.263961501054155,91.03381809030533,90.773469370209,87561700,1470.8991466621935,35059.6127734375,38262.93225585938,-951.3064533850884,4.647684361293584,1.0,-0.03195428028627401,0.0,0.0018765969483891531,-0.22522522522522526,0.07884876273489962,1.6101305001259238,1.6804244378389936,1.209366051608351,0.07024968297581602,-0.07306012001574395,0.3744836603504412,-1.6555256153483502,0.14422744846235608,-0.4476804690666522
2020-04-21,30636.7109375,30900.119140625,30378.259765625,30836.189453125,19700,46.278116340201535,68.83540427925466,85.81437769347843,87542000,1456.5306529273942,34874.9008203125,38220.14336914063,-872.3961430407871,4.754200461984217,1.0,0.024246723000566874,0.0,-0.031954280286274006,0.14534883720930236,-0.14328017922932987,1.1933636624309933,0.9292500462479537,1.3249397108304715,-0.03210895330172893,-0.0782343003502984,-0.06487664984643579,-1.6225434899508875,-0.5267739594433422,-0.09234141642277155
2020-04-22,31379.55078125,31471.140625,30578.55078125,30856.140625,21000,49.44912171515934,85.14119345305849,81.67013860753947,87563000,1416.2491665575803,34686.7042578125,38181.42631835937,-741.372110158034,4.513286937822646,1.0,0.015409057326719917,0.0,0.02424672300056696,0.06598984771573613,0.17301454612653316,1.3581008523166116,1.3284047187123236,1.4804918811460306,-0.21747936843087845,-0.3117098757209901,0.43501752649711295,-1.5865571448742013,0.6136751754495594,-0.1587947194605114
2020-04-23,31863.080078125,31959.01953125,31292.919921875,31646.44921875,24400,51.457653898382866,95.75495742996061,83.24385172075792,87587400,1362.6670553302533,34501.11265625,38143.56701171875,-591.6971306825653,4.276633181692208,1.0,-0.016817563577850223,0.0,0.015409057326719822,0.161904761904762,0.4691317575072509,1.4125640182490968,1.5168732901859496,1.633145179442619,-0.4833502897949944,-0.5846837780352738,0.9984648474400271,-1.5557306743844737,0.4210208771882872,-0.07280006151911242
2020-04-24,31327.220703125,31842.240234375,31278.26953125,31426.619140625,17600,49.12799748089346,83.9925162132279,88.29622236541566,87569800,1307.105876154878,34301.5364453125,38102.24272460937,-510.43403843617125,4.172428472164112,1.0,0.01327469739307313,0.0,-0.016817563577850247,-0.2786885245901639,0.3959457975868753,1.1491949128845609,1.0977225964161583,1.68362371006906,-0.8126470469404816,-0.8010151604100345,0.5684078210825497,-1.5386373915701907,-0.24552001810076607,-0.48732617307146747
2020-04-27,31743.080078125,32103.69921875,31651.580078125,31659.0390625,12900,50.982689152571304,92.1654099605803,90.63762786792294,87582700,1269.2039218313153,34113.561015625,38063.02607421875,-407.77549421536605,3.9983641118240363,1.0,0.011701430743671557,0.0,0.013274697393073076,-0.2670454545454546,0.7050840079864047,1.2083804901756168,1.2442088237669509,1.717193351532111,-1.1137035913115367,-1.0872735986015236,0.8266440318991048,-1.5223866683664125,0.33370310715042345,-0.4658677807757505
2020-04-28,32114.51953125,32199.91015625,31661.33984375,32101.91015625,15600,52.64342068262775,97.6264555739477,91.2614605825853,87598300,1217.0158068790786,33936.258984375,38026.62546875,-293.06749898720955,3.7896123767158487,1.0,0.01885877895232601,0.0,0.011701430743671581,0.20930232558139528,1.0711274418521286,1.2494971894309224,1.305709005266972,1.7337758090336528,-1.5688639837502125,-1.4713698972112517,1.139984927196197,-1.5064282309533357,0.2935384723237251,0.014806145281845033
2020-04-29,32720.16015625,32897.58984375,32171.650390625,32311.0390625,16000,55.302578257379224,94.61461258515077,94.80215937322625,87614300,1186.019700137716,33766.339375,37991.79376953125,-151.54354974591843,3.6247368425889865,1.0,0.030484598264091053,0.0,0.018858778952326016,0.02564102564102555,1.411743015508137,1.3815794186922377,1.1461283468982992,1.738112506152126,-1.8773690705556236,-1.7393420373626998,1.3976584374838974,-1.4922961847634075,0.3913858359844153,-0.17147993914830767
2020-04-30,33717.62109375,33887.25,33354.9296875,33381.19140625,21100,59.350944449500076,95.61804708694733,95.9530384153486,87635400,1184.6675675385934,33609.373828125,37961.29947265625,40.63356276216655,3.513496887116354,1.0,-0.05938353357752594,0.0,0.03048459826409111,0.3187500000000001,2.0065225312292045,1.5670949515116726,1.1009169551789901,1.7656275183569892,-1.81785146340916,-1.8179710395622148,1.723669346791282,-1.4747450166785792,0.6567856248561921,0.11853752954886278
2020-05-04,31715.349609375,32748.140625,31632.01953125,32748.140625,18300,49.63290307390831,43.89420144268925,78.04228703826244,87617100,1249.0199957501225,33414.4850390625,37920.679970703124,31.01125542933005,3.9382192254974053,1.0,-0.008255934333846996,0.0,-0.059383533577525904,-0.1327014218009479,0.8615978869605765,0.7680542992139917,-0.3888682645071161,1.6148315003597669,-1.455123329261915,-1.3331644157714984,1.2603111997886893,-1.4841162455444803,-1.3686775768174457,-0.34151809553879064
2020-05-05,31453.509765625,32264.0,31403.5703125,32182.900390625,19200,48.51419343711131,37.13020177165106,58.88081676709587,87597900,1221.2635451608278,33218.40046875,37878.4072265625,2.231497129483614,3.8827576135733053,1.0,0.007383603168788857,0.0,-0.00825593433384697,0.049180327868852514,0.6921422414270338,0.6296595537107051,-0.624187222958861,1.4678784287253337,-1.501121935813896,-1.3299566170198007,0.8196860394815019,-1.5001378082275278,-0.23032515673050968,-0.1554226687207144
2020-05-06,31685.75,31970.83984375,31158.75,31577.630859375,19200,49.599295818570255,43.12956705699768,41.38465675711265,87617100,1192.0368522029114,33031.001640625,37839.2690234375,-1.815890216603293,3.76205976567672,1.0,-0.007649152714548338,0.0,0.007383603168788833,0.0,0.76922398915069,0.6777252224923704,-0.5107070200764976,1.3577183317126684,-1.5212515185583186,-1.3563307363859691,1.1280670868292573,-1.5111216810081423,0.07898486047579716,-0.18939856554445622
2020-05-07,31443.380859375,31705.25,31362.869140625,31677.689453125,19900,48.4516282286003,30.354062639325438,36.871277155991386,87597200,1131.3471384294892,32841.9816796875,37802.88307617188,-24.300516703238827,3.5980454630157,1.0,0.006338960821879058,0.0,-0.007649152714548357,0.03645833333333326,0.5848377341396179,0.5319558992315259,-0.9447343087825378,1.248149948955459,-1.6313427409227503,-1.4022172151240093,0.6796736158991183,-1.5173827568048803,-0.28383626589383093,-0.15220701244398002
2020-05-08,31642.69921875,32088.509765625,31598.0,32083.3203125,15900,49.48677134644248,36.03428247642913,36.50597072425074,87613100,1096.6172647023827,32648.3756640625,37767.44247070313,-25.739708026634617,3.4656249048835193,1.0,-0.0025749546542072365,0.0,0.006338960821879125,-0.20100502512562812,0.6612370631294456,0.5883030861987716,-0.78405844318965,1.1657118322354223,-1.6211604530937413,-1.4125216735721677,0.9563434055529836,-1.5245700671607114,0.08756289122117483,-0.3828022368979316
2020-05-11,31561.220703125,32301.580078125,31500.869140625,32030.33984375,18100,49.05312804517518,33.71228924809766,33.36687812128407,87595000,1075.4810984736412,32456.19765625,37732.46337890625,-33.07366021844791,3.407602984022584,1.0,-0.006023263937987585,0.0,-0.0025749546542072066,0.1383647798742138,0.5777633932279859,0.5016089509744098,-0.9424407523204359,1.0915568971087906,-1.57091615741487,-1.3862715145916162,0.5133226405525897,-1.5302204734064757,-0.293243721922148,-0.060416437638696
2020-05-12,31371.119140625,31536.890625,30844.66015625,31342.9296875,23100,47.99636139788015,23.95407702469933,31.233549583075362,87571900,1049.8439162165953,32276.3554296875,37695.20342773438,-53.607523357692116,3.3465300090523944,1.0,0.020320927395588585,0.0,-0.006023263937987577,0.2762430939226519,0.4048431614348632,0.30996376573980006,-1.3285235026321978,1.0177287940937723,-1.5425672976588456,-1.3646593709158041,-0.08187295756832964,-1.541162886112833,-0.3668444996000806,0.07269999095994308
2020-05-13,32008.609375,32845.48046875,31901.919921875,32841.87109375,18400,51.75023886112546,38.25521278002524,31.97385968427407,87590300,1080.166588495767,32110.9036328125,37661.565322265626,-18.23047409091305,3.3746126732372823,1.0,-0.027671266177898425,0.0,0.02032092739558866,-0.20346320346320346,0.8169276226251758,0.8234146864773009,-0.8705215129913423,0.9958130982520726,-1.3416967744536092,-1.2628780074841688,0.4342019352025438,-1.5435849144011147,0.5275089358564548,-0.46562896522329017
2020-05-14,31122.890625,31630.939453125,31052.650390625,31466.330078125,15200,46.70568155525678,9.144527624107239,23.784605809610593,87575100,1071.294616772855,31935.5822265625,37622.696220703125,-60.96128478969331,3.4421436931450033,1.0,-0.0008084132207755043,0.0,-0.02767126617789839,-0.17391304347826086,0.11665043520905438,-0.02809186751244255,-1.7922948582265685,0.9071266470116162,-1.29059767081703,-1.1256123611377051,0.15488189806461386,-1.561087082960617,-0.9887197343610267,-0.4637374715371084
2020-05-15,31097.73046875,31296.279296875,30770.48046875,31296.279296875,13000,46.566817629337024,10.49965346230635,19.2997979554796,87562100,1032.330631869437,31762.6236328125,37582.529677734376,-95.7522026757506,3.3196333504363684,1.0,-0.03436745974353283,0.0,-0.0008084132207755168,-0.14473684210526316,0.06556918551170275,-0.108111941162189,-1.6519835424581715,0.8254386334298673,-1.3498625073121742,-1.1697553835323855,-0.235089589438882,-1.5819467724619265,-0.08873416347132347,-0.4689550557735901
2020-05-18,30028.98046875,31248.259765625,29968.44921875,31248.259765625,19500,40.99159719658399,1.5446370810585588,7.062939389157374,87542600,1050.0077686555485,31597.2574609375,37536.59637695312,-207.17526138789253,3.4966480788392102,1.0,0.00556760337897544,0.0,-0.034367459743532836,0.5,-0.858465405340438,-1.2071855659355275,-1.8388696848832389,0.6682135699559122,-1.2112168467541853,-0.9458754365288294,-0.8262972901103928,-1.6154677991311184,-1.2566876641013331,2.0979782557021958
2020-05-19,30196.169921875,30739.9609375,30116.8203125,30450.740234375,18700,42.1582571406808,5.810979323433807,5.951756622266228,87561300,1025.7915329480093,31438.30046875,37493.089921875,-278.7745075781713,3.397091537112114,1.0,0.020613192160972918,0.0,0.00556760337897555,-0.04102564102564099,-0.756551641583119,-1.0501011753263223,-1.5987720402681067,0.5437189966393249,-1.2298284514063962,-0.988749164725446,-0.25788498803607873,-1.6403366891918592,0.15376170578182494,-0.2366667790232261
2020-05-20,30818.609375,30878.310546875,30157.75,30159.58984375,16100,46.40655556164836,21.69439590595417,9.683337436815505,87577400,1003.98931965708,31282.198671875,37455.49791015625,-282.04057591012315,3.2577372568650493,1.0,0.0037085065790707825,0.0,0.020613192160972904,-0.13903743315508021,-0.33776305696607245,-0.3309231342797276,-1.1057198137808977,0.49086285053529327,-1.241141278203484,-1.0861618046423942,0.1986795091463436,-1.646472795878959,0.6320453954368926,-0.7129015336339934
2020-05-21,30932.900390625,31188.7890625,30765.3203125,30904.2890625,15500,47.1737807249306,33.52244338239287,20.34260620392694,87592900,962.5235646815744,31132.6670703125,37420.006767578125,-272.2680917225007,3.1116499019706914,1.0,-0.008415329425555378,0.0,0.003708506579070736,-0.037267080745341574,-0.4347925115462005,-0.32121190360388463,-0.7649087082800103,0.45445022608409846,-1.3232671454045877,-1.207997137739753,0.6179087311609941,-1.6440783606239857,-0.016950359186237746,-0.2405315336615386
2020-05-22,30672.58984375,31107.91015625,30474.880859375,30822.779296875,20600,45.57352942758856,24.474556020203117,26.56379843618338,87572300,938.9882598382476,30976.7066796875,37383.456025390624,-282.27433045189173,3.0613269522448903,1.0,-0.0020633752422733907,0.0,-0.00841532942555534,0.3290322580645162,-0.8029553868982805,-0.7804490866728466,-0.9767566269306763,0.38745801270102337,-1.3545407024514686,-1.2204380515833315,-0.04325421109129958,-1.6439650306269777,-0.42915852764146556,1.3493655358567904
2020-05-26,30609.30078125,31086.69921875,30512.140625,30864.26953125,188300,45.17231052088437,22.27475153424211,26.757250312279357,87384000,912.9575694033728,30837.3602734375,37347.26428710938,-291.94587483586656,2.9826149114866847,1.0,0.03253651329680355,0.0,-0.002063375242273402,8.140776699029127,-0.9543163990210519,-0.9294799966907618,-0.9770696344457059,0.3130352535446614,-1.4073048066617522,-1.2873370447893737,-3.9766975531142483,-1.6418761756843971,-0.14220388739934417,5.2337843409366585
2020-05-27,31605.220703125,31660.599609375,30525.6796875,30793.109375,20500,52.29027876604794,56.89098734589692,34.54676496678071,87404500,928.8120231513461,30756.765703125,37316.13548828125,-216.74967367845238,2.938793030037309,1.0,0.01883768337571306,0.0,0.032536513296803626,-0.8911311736590547,0.3424703796387774,0.9924589019796056,0.07828210546020585,0.396849443965504,-1.2955536190373997,-1.301791949890778,-2.8912974246359173,-1.6267506243931142,1.5103812912593957,-0.7656249982036573
2020-05-28,32200.58984375,32267.23046875,31641.76953125,31827.80078125,27500,55.97028504373961,77.584858523869,52.25019913466934,87432000,909.7547190423213,30686.82953125,37287.7244921875,-107.87135473115268,2.8252734606937673,1.0,0.006941169919854195,0.0,0.01883768337571312,0.3414634146341464,1.0551646253618863,1.810185291636542,0.7227924998706462,0.5860477340175362,-1.3324950130059507,-1.4156295200750468,-2.1496234159852334,-1.6060122500186786,0.8057421606098438,0.03850178558830083
2020-05-29,32424.099609375,32480.51953125,31823.80078125,32041.2890625,37100,57.30180019260071,85.35362244066692,73.27648943681093,87469100,891.6807212535841,30679.7487109375,37261.41313476562,-3.5086864492950554,2.750055458735904,1.0,0.027122416118556685,0.0,0.006941169919854273,0.3490909090909091,1.263338661508397,1.9416614071359317,0.9493350558327044,0.821683940726427,-1.3767806821292836,-1.5005688518849327,-1.4743176850209125,-1.582030843176758,0.2165947619554118,0.046136180273357065
2020-06-01,33303.51953125,33673.828125,32876.55078125,32906.05078125,22900,62.151683454332286,90.00618821666559,84.31488972706717,87492000,917.2555637086853,30663.7494921875,37240.944541015626,148.45007804018314,2.754230113270726,1.0,0.015674370940289836,0.0,0.02712241611855659,-0.38274932614555257,2.153449965196523,2.6340424104615217,1.077038938769284,1.2650893174619355,-1.2042953349638996,-1.4614668782005324,-1.07040713020471,-1.5451893911141286,1.1206177462509799,-0.4357755420809052
2020-06-02,33825.53125,33866.62890625,33301.2890625,33450.19140625,75600,64.71378001598009,98.94572186136558,91.4351775062327,87567600,892.1187265687792,30712.4587109375,37222.66659179688,307.45631179359043,2.637412314311484,1.0,0.008396255786817835,0.0,0.015674370940289784,2.3013100436681224,2.408436675866324,2.662749564866893,1.3424340356969948,1.7789603183083427,-1.3024954032604779,-1.6018693933743717,0.12875577772305297,-1.5073310291024586,0.6301164080348738,1.2585518044061552
2020-06-03,34109.5390625,34488.69140625,34027.5,34185.41015625,18400,66.05993872698295,91.61212324422605,93.5213444407524,87586000,875.7645429745806,30783.0676953125,37208.12268554688,451.18596360274387,2.56750623738975,1.0,-0.003777237901512613,0.0,0.008396255786817797,-0.7566137566137566,2.355343710718754,2.485847214912603,1.120596907514196,2.197668637890036,-1.3454600368115155,-1.6438208294966214,0.4095774260570613,-1.4637976973506293,0.2713442339432683,-0.690380244191112
2020-06-04,33980.69921875,34310.140625,33711.23828125,34072.5,17900,64.85125110803972,88.76183694526877,93.10656068362012,87568100,855.9886716013963,30885.291484375,37192.435087890626,548.3751224862353,2.5190437256484577,1.0,0.009020975717028704,0.0,-0.003777237901512631,-0.02717391304347827,2.0021405869236673,2.0383511475184544,1.0001193936639776,2.413597718892205,-1.4216163617233846,-1.6897717458358419,0.10965390792191072,-1.428021727801495,-0.37267979905208615,-0.22082462832451102
2020-06-05,34287.23828125,34405.4296875,33958.01953125,34198.55078125,24600,66.4252658939119,95.54331125095274,91.97242381348251,87592700,826.8044919334394,31005.271640625,37180.37208007812,642.7244442897027,2.411405914793604,1.0,0.0024306374011923396,0.0,0.009020975717028756,0.3743016759776536,2.034155239350737,2.029329336648404,1.1776813061649258,2.5234531169332857,-1.555935149524374,-1.8160734248234172,0.48555182158188565,-1.386251070705552,0.29993012349970233,0.028807363442297333
2020-06-08,34370.578125,34927.80078125,34211.828125,34841.171875,25700,66.8597819595142,88.41769032592272,90.90761284071475,87618400,818.8879322417652,31094.363984375,37167.340712890626,715.9685506822789,2.382525918719225,1.0,-0.012041889934023331,0.0,0.002430637401192426,0.04471544715447151,1.898739037676268,1.8860527704209618,0.984070724190859,2.4804704590954527,-1.5442322074083359,-1.7663343289244668,0.8693261503925515,-1.3522865837732385,-0.01454270130622949,-0.179032554725247
2020-06-09,33956.69140625,34811.2890625,33881.19140625,34520.7890625,19200,62.531592737579565,79.64152962863177,87.86751040183573,87599200,826.8314839566391,31253.8730078125,37153.671669921874,732.1777442156927,2.4349589130007354,1.0,0.008550873567928266,0.0,-0.012041889934023331,-0.2529182879377432,1.447136112045436,1.2234734520239103,0.7318229404317543,2.2740045376328015,-1.4182756624934985,-1.5726686810062964,0.5482366845069426,-1.3240877065947043,-0.7726261044871866,-0.3695917574032674
2020-06-10,34247.05078125,34350.171875,33949.4609375,34029.140625,15500,64.27865403759918,84.71227841633058,84.25716612362835,87614700,796.3943020668792,31405.3334375,37138.270126953124,759.6959201268764,2.3254390784005814,1.0,-0.0206931595957453,0.0,0.008550873567928274,-0.19270833333333337,1.540073305440933,1.3483011475494084,0.8962389693634542,2.1206215501664576,-1.5475672350740477,-1.6791454870548521,0.7676267027309012,-1.3051082216673586,0.30338536760329193,-0.3329365550479273
2020-06-11,33538.37109375,34219.390625,33480.421875,34214.69140625,20900,57.26087475278111,68.79733496498743,77.71704766998324,87593800,794.2682023656735,31505.3852734375,37118.05243164062,716.0653886313448,2.368237265147586,1.0,0.007231106441397639,0.0,-0.020693159595745247,0.34838709677419355,0.9620480439038384,0.4470088657233204,0.4618198883064387,1.8101080489775279,-1.465909434546667,-1.481570488786134,0.4455768166450058,-1.3055485854687625,-1.1381262585082068,0.009673147276348229
2020-06-12,33780.890625,33856.26953125,32348.099609375,32436.689453125,23000,58.91400897448213,74.02630375377407,75.84530571169735,87616800,845.2611823306254,31582.0676953125,37102.166083984375,693.0679218484511,2.5021873807704718,1.0,-0.016343258970840116,0.0,0.007231106441397683,0.1004784688995215,1.0920491393605105,0.6345298231423435,0.6568319825118004,1.5986322405255375,-1.025148545904193,-1.1303729615321052,0.8013935037953486,-1.2952037433430057,0.3087336228057949,-0.1503056480025802
2020-06-15,33228.80078125,33670.55078125,32923.73828125,33670.55078125,18400,53.811268955145714,61.40496901795388,68.07620257890513,87598400,846.1105510034379,31650.3319140625,37081.75243164063,623.1103985501904,2.5463168429505054,1.0,0.011328063604462103,0.0,-0.016343258970840102,-0.19999999999999996,0.7157265356619734,0.023741885438085194,0.3067995990089207,1.309413415835708,-0.9590822231659485,-0.9736282604275541,0.543332947969161,-1.3056443737701806,-0.8516759119919497,-0.33058691910569216
2020-06-16,33605.21875,34022.01171875,32953.30078125,33853.71875,27400,56.57305132568122,59.75138607552804,65.06088628241866,87625800,862.0105786103352,31753.6298828125,37063.026884765626,591.2270442019799,2.565109261817661,1.0,-0.0028952906310124823,0.0,0.011328063604462146,0.48913043478260865,0.9304757760482025,0.34161379502899475,0.2363792176709956,1.1469953627395655,-0.7971485066611603,-0.8865744455524135,0.9676282255732743,-1.3130605354302227,0.6083958275112563,0.09574623795097814
2020-06-17,33507.921875,33933.66015625,33332.9609375,33438.30859375,20200,55.646846145583126,54.25647853576031,58.470944543080726,87605600,843.3454814774541,31834.418515625,37043.55405273438,551.7480039667498,2.5168540282012164,1.0,0.02089442934902987,0.0,-0.0028952906310124593,-0.26277372262773724,0.8077972551555112,0.19687448614971426,0.04063829719383185,0.9803967311907538,-0.917312187592471,-0.9423665217155367,0.6441366299680685,-1.325873172486926,-0.3374523955166665,-0.37696935663989656
2020-06-18,34208.05078125,34276.01171875,33371.51953125,33371.51953125,21200,60.640423883077425,72.09948160480675,62.0357820720317,87626800,847.7131033362074,31953.2733203125,37027.95424804687,570.3801444067576,2.478109930194716,1.0,0.015308667858591859,0.0,0.020894429349029853,0.04950495049504955,1.21773174097084,0.7781399726843243,0.5855941525416528,0.966407237649322,-0.8426482763733253,-0.9795485952000815,0.9673046340255274,-1.327039876751356,1.1739618097509044,-0.17905643610890007
2020-06-19,34731.73046875,34848.37109375,34136.390625,34335.37890625,27900,63.913143254949446,92.39949515712742,72.91848509923149,87654700,838.0179151514783,32096.0889453125,37016.31104492187,620.252934416385,2.412830872062329,1.0,0.005170771548845993,0.0,0.015308667858591862,0.3160377358490567,1.4601396233525317,1.1115575899120143,1.1581154876091424,1.0251832141930237,-0.8916685564811894,-1.0733196344405358,1.3349903983507951,-1.3167258187174529,0.76284325958419,-0.01511963406778208
2020-06-22,34911.3203125,35213.51953125,34794.3984375,34892.03125,25100,64.98830119222978,89.45358003401279,84.65085226531565,87679800,812.5729971049441,32192.9711328125,37008.502998046875,666.5849034761559,2.32753442101702,1.0,0.014869371033616649,0.0,0.005170771548846043,-0.10035842293906805,1.45946191281732,1.1619027051986464,0.9968014091319471,1.0687277277773994,-1.0994725570104193,-1.2063417475909366,1.616449795780799,-1.2954309529640864,0.1138859409392901,-0.28302954537927166
2020-06-23,35430.4296875,35482.16015625,34843.69140625,35015.73046875,25200,67.95982912097313,98.34941067741717,93.40082862285244,87705000,800.1369794545909,32303.7005078125,37002.149345703125,736.6989045517475,2.2583327002011564,1.0,-0.0158465258169895,0.0,0.01486937103361674,0.003984063745019917,1.6448037845921673,1.4116206349773228,1.190560066532084,1.1603311923247352,-1.1714578474168553,-1.2943086056590274,1.8179678928498078,-1.2731803984525614,0.6957809414134198,-0.21346710620309545
2020-06-24,34868.98046875,35706.55078125,34794.9296875,35679.73828125,26600,61.84598404209483,75.060816143044,87.6212689514913,87678400,808.1001304756916,32377.887734375,36989.023642578126,738.4481254992716,2.317533003868354,1.0,-0.0007708543779789949,0.0,-0.015846525816989532,0.05555555555555558,1.2055962458284188,0.6337529019866184,0.4234343435315243,1.0881986313400789,-1.0227254182377268,-1.0783314418544903,1.356810391191047,-1.2869295155749867,-1.221371029482585,-0.1757845522947143
2020-06-25,34842.1015625,35081.609375,34499.78125,34525.390625,24600,61.56045534136852,74.26047977147203,82.55690219731106,87653800,791.9378443702851,32460.929375,36975.027802734374,729.2590482444866,2.2729336315999817,1.0,0.00944742004610532,0.0,-0.0007708543779789689,-0.07518796992481203,1.111659290638575,0.5602448979310098,0.36286969701202487,0.9974481344825826,-1.1666997084739805,-1.1259761064996474,0.985075309374829,-1.3115590526964591,-0.23750084641686023,-0.2620924942295949
2020-06-26,35171.26953125,35254.87890625,34910.33984375,35144.78125,24800,63.76661927672487,84.0616634690819,77.79431979453263,87678600,764.8549514688362,32556.7585546875,36963.62495117188,740.0073977799766,2.1746583551363012,1.0,-0.005963674407989031,0.0,0.009447420046105215,0.008130081300812941,1.2257181060561082,0.7704985858870798,0.6251315236035603,0.9573200310159139,-1.4563633916968381,-1.3207105568669295,1.2293688109910257,-1.3282735910705017,0.3603807265804748,-0.2130275060521019
2020-06-29,34961.51953125,35032.359375,34662.05859375,34926.94921875,18300,61.350348155798535,77.81622504328224,78.71278942794538,87660300,746.5946647567765,32643.9367578125,36953.08790039062,723.2631428829409,2.135475444908624,1.0,-0.0013076877267629845,0.0,-0.005963674407989061,-0.2620967741935484,1.0297982541776618,0.4265177637196887,0.3628562477882958,0.8573179604642267,-1.6149975667885836,-1.3540118406906572,0.9411855986242329,-1.3447804503473602,-0.6795108578013681,-0.38280811211723764
2020-06-30,34915.80078125,35233.91015625,34812.80078125,35168.30078125,18500,60.80946863163815,76.4549204519615,79.44426965477521,87641800,723.3457154884353,32710.478359375,36941.002958984376,698.2550298680726,2.071685882332323,1.0,0.014281454995807435,0.0,-0.0013076877267629294,0.010928961748633892,0.9573533692212187,0.3001052581261976,0.2514725360164632,0.7428515403454505,-1.8727723658227045,-1.5073331584226997,0.6663608448251209,-1.3710112658013887,-0.5008222119518253,-0.19804809592899972
2020-07-01,35414.44921875,35467.23046875,34927.19921875,35009.58984375,19400,64.48699449707756,91.30249190620444,81.85787913381604,87661200,711.0659992035471,32785.80734375,36935.26065429687,710.4826795872723,2.007841474002303,1.0,0.012120758884278673,0.0,0.014281454995807463,0.048648648648648596,1.2380867493216425,0.7713745832681927,0.8199691781113261,0.7223169158527076,-1.9693177831081046,-1.6691937807378492,0.8571810705574244,-1.359328979408363,0.6858065147093316,-0.1759637904029804
2020-07-02,35843.69921875,36014.921875,35595.359375,35604.0,20600,67.32907598775041,94.4609353971666,87.40611591844417,87681800,703.1664747068652,32889.947109375,36930.85545898438,746.2082435600096,1.9617575474437516,1.0,0.00495826770460769,0.0,0.01212075888427866,0.061855670103092786,1.4630824266775606,1.150428631311517,0.9312654719259932,0.7668378074395124,-1.9920799987239193,-1.7612939132557501,1.0478536631840722,-1.3405783666195377,0.5515025883415529,-0.1719867881841164
2020-07-03,36021.421875,36110.2109375,35872.37890625,36025.37890625,16500,68.45471898353838,97.18746945255262,94.31696558530787,87698300,671.9768492813748,32982.78453125,36927.74045898437,779.8718660479426,1.8654922940389198,1.0,0.012932842479583546,0.0,0.004958267704607611,-0.19902912621359226,1.5223554783845026,1.279720138176774,1.021971951293254,0.8157353638237781,-2.2426026407542907,-1.9656972350297337,1.1749680357725512,-1.3145058646344858,-0.01644040046009119,-0.3348622451475733
2020-07-06,36487.28125,36661.66015625,36254.01953125,36313.4609375,22300,71.25087039066116,94.76134986099817,95.46991823690577,87720600,669.7098087077053,33075.2685546875,36925.26801757813,834.5216416034673,1.8354609764401268,1.0,0.005131604077790806,0.0,0.012932842479583595,0.35151515151515156,1.817649254645103,1.7268686871672596,0.8936455971022591,0.9462594588195766,-2.0741665164964753,-1.950936771369345,1.337337656524814,-1.2834732231211612,0.5647614976150821,0.016005031219358215
2020-07-07,36674.51953125,36723.26953125,36271.08984375,36660.3515625,20600,72.31311578678626,98.54553591407473,96.83145174254184,87741200,654.1719429071549,33182.21453125,36922.913369140624,882.7645862939389,1.7837232805456151,1.0,-0.009420922671000398,0.0,0.005131604077790897,-0.07623318385650224,1.9620464894707714,1.9651837501823277,1.2411840640388652,1.1025317553670948,-2.0655237418311483,-1.9895683159463584,1.559727451236245,-1.250015312782245,-0.07955105138275412,-0.24434955425932828
2020-07-08,36329.01171875,36828.4296875,36234.171875,36738.37890625,24800,67.36667113690855,81.44833870700938,91.58507482736074,87716400,649.8923621637866,33273.9331640625,36918.20432617187,882.9398931164615,1.7889073537014675,1.0,0.011249402837156556,0.0,-0.009420922671000365,0.20388349514563098,1.6269899786742603,0.9289900231114254,-0.14620040858958616,1.1287071002858053,-1.9488344382169829,-1.8562598464672584,1.2552628734430389,-1.2345928334324352,-1.2123277744441576,0.23135840335266167
2020-07-09,36737.69140625,36806.30078125,36422.30078125,36450.69140625,17400,69.98222928327633,96.10339286133654,92.03242249414022,87733800,637.5635550449448,33366.3966015625,36916.371376953124,905.6164773151104,1.7354480661146805,1.0,-0.0039023486714140757,0.0,0.011249402837156586,-0.2983870967741935,1.8833141089032706,1.4004874025866785,1.000483266082926,1.2812090977253792,-1.926107681237659,-1.8917392588261004,1.5105943302252844,-1.195788146312078,0.5935639450218088,-0.7337670809093905
2020-07-10,36594.328125,36748.890625,36401.109375,36555.12890625,20900,67.92550791870416,89.94689113521457,89.1662075678535,87712900,616.8648189703059,33443.8799609375,36912.418076171874,901.6262290825398,1.6856842318929879,1.0,0.002715264532541544,0.0,-0.0039023486714140354,0.20114942528735624,1.6710924906491138,0.8952614066256201,0.48410854490072996,1.358512261346804,-1.9786949017972506,-1.8966908739472879,1.1852940725555163,-1.1752334529086759,-0.6952659111555013,0.2785433488537562
2020-07-13,36693.69140625,37024.19921875,36533.9609375,36880.66015625,16500,68.61399594038613,86.9075637793984,90.98594925864984,87729400,607.8200662759983,33503.4013671875,36910.269990234374,896.151439038993,1.6564702077711075,1.0,-0.018003988892419668,0.0,0.0027152645325414504,-0.21052631578947367,1.6345084438696609,0.9847062822268229,0.24643453095293733,1.4246352111553868,-1.922662814781131,-1.8480391778577272,1.4742563843215253,-1.140736171857602,-0.05404067876548625,-0.5666724522363328
2020-07-14,36033.05859375,36538.1015625,35877.421875,36517.28125,14100,59.473331478425386,60.73785572478805,79.19743687980032,87715300,622.7093137741413,33589.755546875,36908.02983398437,828.9494681896031,1.7281611333492277,1.0,0.0005203554938645209,0.0,-0.01800398889241972,-0.1454545454545455,0.9630301425222751,-0.9484839437263387,-1.731259088033947,0.9440638167643025,-1.6224637847971577,-1.5021823706948185,1.1395353727515722,-1.1097231485656835,-1.8203609467126052,-0.51828950728117
2020-07-15,36051.80859375,36810.25,35894.9609375,36314.76171875,23500,59.63768044812571,58.83434649450644,68.82658866623096,87738800,643.6078672545598,33681.7215234375,36905.469482421875,768.3473603367893,1.7852304568324393,1.0,0.011646325389145373,0.0,0.0005203554938644217,0.6666666666666667,0.9174796102469572,-0.8592994696673312,-1.7143267005249003,0.3605979722020626,-1.291397321168638,-1.2310471062082915,1.49065754188607,-1.0859481754891356,-0.1257582626877819,2.5853672296250623
2020-07-16,36471.6796875,36524.62109375,36038.41015625,36401.19921875,18500,63.233348172868666,76.60937179597425,65.39385800508957,87757300,632.3652294149484,33777.4401171875,36907.36053710937,745.6049715166446,1.7338527724339499,1.0,0.015037995019680296,0.0,0.011646325389145451,-0.21276595744680848,1.213330877351956,-0.08625051421932456,-0.3414099794246556,0.08098602105040163,-1.3262534024903363,-1.3050381824827826,1.7384533316817075,-1.0195040741223715,0.8305799847562125,-0.9698074976076592
2020-07-17,37020.140625,37125.98046875,36512.921875,36547.75,16500,67.32780382940095,95.42448672180812,76.9560683374296,87773800,633.9320545460236,33888.9753125,36902.38813476563,763.0418075234556,1.7123977484783626,1.0,0.0107738017607814,0.0,0.015037995019680395,-0.10810810810810811,1.570294196645136,0.7720825508494127,1.0859817668103589,0.22276736150295734,-1.2192667642332715,-1.2790012541537565,1.8903156645446322,-1.0328376445062513,1.1004140298656617,-0.49933565241361855
2020-07-20,37418.98828125,37478.87109375,37185.78125,37409.03125,20100,69.94870867794779,97.65319306582082,89.89568386120106,87793900,621.4176555605933,34004.50109375,36894.032919921876,799.8244201923517,1.6607013821161347,1.0,0.013665250377873616,0.0,0.010773801760781465,0.21818181818181825,1.7448659364403678,1.2755538511839293,1.2059443158203602,0.5755925514187795,-1.267719517613027,-1.3407702350463677,2.0367393465743833,-1.0941932349373389,0.6918812194295388,0.8218405013286153
2020-07-21,37930.328125,37990.55078125,37742.05078125,37823.609375,22700,72.94514722069529,97.48568502321545,96.85445493694812,87816600,617.8565730205509,34131.8832421875,36888.19885742188,860.3185410703518,1.628924935698934,1.0,-0.0015504372531710072,0.0,0.013665250377873583,0.12935323383084585,1.9597712496379809,1.7253046615406848,1.1235026525655085,1.1343310645986138,-1.2202266191970443,-1.3405251229219248,2.1905536746072474,-1.1356552165962035,0.8860333828503715,0.4129858138005283
2020-07-22,37871.51953125,38199.26953125,37601.62109375,38178.0703125,22300,72.05528267085829,85.91467959522163,93.68451922808595,87794300,616.4131347690828,34261.89125,36884.58885742188,893.2187360907701,1.6276429950492068,1.0,0.007101622065311488,0.0,-0.0015504372531710553,-0.017621145374449365,1.7447495709874281,1.4438051089550354,0.28033592972154103,1.3751784947717705,-1.1536289766876346,-1.2513907831462645,1.6693759910809383,-1.1578545400975233,-0.4442868483713548,-0.22984441763082805
2020-07-23,38140.46875,38225.03125,37738.58984375,37814.921875,19600,73.63908905951665,96.39793140628431,93.26609867490713,87813900,607.1294398748627,34384.5284375,36880.34250976562,930.2707497980373,1.5918247986264265,1.0,-0.00030336052175551723,0.0,0.007101622065311508,-0.12107623318385652,1.8020773491458706,1.6135153754532519,0.9737050222951703,1.5953218686179567,-1.1713787838824579,-1.2675067896882952,1.8469942094646992,-1.1946954862420331,0.2693526241726406,-0.6183198721450717
2020-07-24,38128.8984375,38235.73046875,37748.41015625,37949.58984375,19900,73.44623384511438,95.46997235505452,92.5941944521868,87794000,598.5716450623725,34524.64859375,36876.87415039063,947.7757413088839,1.5698634620759817,1.0,-0.005092409608115892,0.0,-0.00030336052175550243,0.015306122448979664,1.6639498757809366,1.4628744393040862,0.8498983303490302,1.611786525672229,-1.1883493824477378,-1.2544988252216378,1.4216810847489214,-1.2295027639829734,-0.4291032302301658,-0.011792846838774483
2020-07-27,37934.73046875,38275.33984375,37769.44140625,38275.33984375,18600,70.12709070343635,85.79562022392473,92.55450799508783,87775400,591.9521302364886,34661.38859375,36873.21116210937,935.2004324064619,1.5604490210471615,1.0,0.014715242288589643,0.0,-0.005092409608115855,-0.0653266331658291,1.4533768850295348,0.8184412444247248,0.09817083846295892,1.398574684059723,-1.1890307900648451,-1.2175861620949848,1.062478884467121,-1.2708436261741671,-0.9893384462340586,-0.3887435234405857
2020-07-28,38492.94921875,38554.71875,37998.12890625,38052.1796875,15500,73.79376695612183,97.6928396762126,92.98614408506394,87790900,593.9547124517394,34830.66796875,36874.148857421875,959.2206982817006,1.5430220975700732,1.0,-0.010958378639756976,0.0,0.01471524228858967,-0.16666666666666663,1.7664445864919034,1.4606474821907431,0.9495410915292687,1.5199363988384182,-1.111580013194376,-1.2184319053615411,1.2461679802034826,-1.2284460317585029,1.0373704146685827,-0.7951637193505634
2020-07-29,38071.12890625,38617.03125,37884.41015625,38427.1484375,17600,67.0922214642338,80.0737160293153,87.85405864315088,87773300,603.8594539730437,34988.1671484375,36873.970146484375,933.4592212804491,1.58613487784942,1.0,-0.008800857851498978,0.0,-0.010958378639757016,0.13548387096774195,1.388907193271372,0.040388515851678186,-0.5882806376113379,1.2481144126006118,-0.9445479063036574,-1.0310748884906908,0.8982880992504325,-1.2015639142019727,-1.5142077492136494,0.5909609405015643
2020-07-30,37736.0703125,38413.80859375,37678.421875,38262.828125,14800,62.25591445555343,67.84355662018422,81.87003744190402,87758500,613.2542585999691,35126.5163671875,36874.28395507813,875.9096951110332,1.6251142567879673,1.0,-0.003423241647321435,0.0,-0.008800857851498978,-0.15909090909090906,1.0612622775880598,-1.054872057981133,-1.6420640604485202,0.651472823495748,-0.7865811169767776,-0.8542985506873308,0.5800039472231364,-1.1609970944602372,-1.2300553301538915,-0.7983604806674421
2020-07-31,37606.890625,37897.78125,37431.6796875,37847.87890625,20200,60.44677123236694,63.128297259531756,70.34852330301041,87738300,602.7433517356857,35259.996171875,36874.65850585938,810.534225803247,1.6027471075606525,1.0,-0.017743797783069178,0.0,-0.00342324164732144,0.3648648648648649,0.8949298282539079,-1.3953700769943829,-1.855511878668703,-0.1182707457236866,-0.8860529030815025,-0.8967050962778067,0.1461248253983584,-1.1194301873918897,-0.633632555746906,1.6912208843793262
2020-08-03,36939.6015625,37596.01953125,36911.23046875,37595.73046875,14300,52.03491831577872,38.37669512807634,56.44951633593075,87724000,609.380266343851,35385.33640625,36868.466767578124,696.8462351683338,1.6496665924043856,1.0,0.020257624936313903,0.0,-0.017743797783069226,-0.2920792079207921,0.27618969832221946,-2.70347631065344,-3.0731419649228635,-1.4666346362511153,-0.7497884298534503,-0.6635721232681424,-0.16922508075543066,-1.2514168157616414,-1.9027097879202182,-1.3567387724579827
2020-08-04,37687.91015625,37745.6015625,36987.73046875,37092.859375,15100,58.93619121349094,63.968297009514835,55.1577631323743,87739100,623.4245330335759,35526.90859375,36867.504326171875,659.5273128313711,1.65417644663481,1.0,-0.0006522524371366191,0.0,0.020257624936314,0.05594405594405605,0.8781246708179969,-1.3095878685172764,-1.2503544144472676,-1.7955705046227368,-0.48750352824004783,-0.5960114147979885,0.11289182053814881,-1.264086310757417,1.708539837166135,0.23957568729230697
2020-08-05,37663.328125,38139.9609375,37550.6015625,37892.359375,19800,58.637719758096914,54.67426093284718,52.33975102347944,87719300,620.991307459749,35648.0707421875,36865.185576171876,620.8119003841057,1.6487956279348297,1.0,0.009614686534024933,0.0,-0.0006522524371366245,0.3112582781456954,0.8034864593482565,-1.3166139508930603,-1.7339576595079838,-2.0470293974373,-0.48312346332979483,-0.580278131478792,-0.32272375224086647,-1.3173354790475609,-0.3248000242746724,1.3332289144970566
2020-08-06,38025.44921875,38221.3984375,37755.1015625,37946.80078125,16600,61.713708747567,65.31939498723337,61.32065097653179,87735900,616.4969506769097,35764.5679296875,36864.240478515625,612.2916855706208,1.6212746025178335,1.0,0.00039765720223349595,0.0,0.009614686534024974,-0.16161616161616166,1.0840253541927949,-0.7686075223600048,-1.0237836468889208,-1.9737071078742676,-0.5310385583079803,-0.6936625010414208,-0.03775040476346649,-1.3205975315375704,0.6555634940941235,-0.7580045965727992
2020-08-07,38040.5703125,38109.6796875,37787.37890625,37951.0703125,15300,61.84131963150003,66.20584631942934,62.06650074650329,87751200,595.4829385749875,35876.89734375,36861.912880859374,599.8448616646565,1.5653890929687613,1.0,0.003719918269824178,0.0,0.0003976572022335034,-0.07831325301204817,1.0398388711118527,-0.7294213703163225,-0.9173496502382243,-1.9273664653087743,-0.9880194448604401,-1.0032592084218674,0.25055999799349704,-1.3649170967950681,-0.22523361606034148,-0.37543644281669786
2020-08-10,38182.078125,38430.69140625,38073.2890625,38168.421875,17200,63.081459961736826,74.50152856177795,68.67558995614688,87768400,580.8142353732027,35974.468515625,36859.828330078126,594.5456101809032,1.5211697840849323,1.0,0.005891077824879392,0.0,0.0037199182698242073,0.12418300653594772,1.1357938728909904,-0.5231667462479924,-0.39822888268346784,-1.8364496157269157,-1.376028393911162,-1.2995899913617361,0.5873366433327102,-1.3924153012443061,0.0734851508379953,0.4722647756618178
2020-08-11,38407.01171875,38556.26953125,38313.05859375,38371.33984375,18700,65.02712216722253,87.68792149947903,76.13176546022876,87787100,566.0554618644024,36066.098125,36856.603095703125,601.5617470078068,1.473833647901481,0.0,-0.0009733330146523742,0.0,0.005891077824879298,0.08720930232558133,1.3439563604268197,-0.20334485326960244,0.3895012980192568,-1.6812483225107984,-1.7838927063240229,-1.6536086670138395,1.010868694550442,-1.4450293147079567,0.2682879882408326,0.2934380919330575
2020-08-12,38369.62890625,38414.37109375,38125.80859375,38321.12890625,25300,64.41948752752634,85.49641045604956,82.56195350576883,87761800,546.2345360169451,36151.299921875,36851.95934570312,597.2212110800756,1.4236117251787372,0.0,-0.0015413395095506548,0.0,-0.0009733330146524111,0.3529411764705883,1.2537405352415376,-0.3132022944263982,0.26819335845940034,-1.6215971077661118,-2.30732523810835,-2.021115003906618,0.2884322665212187,-1.5433438269540747,-0.37988766326343304,1.394763338031352
2020-08-13,38310.48828125,38516.8515625,38215.05078125,38456.640625,15400,63.40999220698193,82.02938044585915,85.07123746712922,87746400,528.7749821050204,36237.895703125,36848.692587890626,582.2967959107118,1.3802355590539799,0.0,-0.011306262512764486,0.0,-0.0015413395095507099,-0.3913043478260869,1.124341122543475,-0.4712371163137287,0.08057717238133942,-1.621999323334023,-2.6747727608334277,-2.2924541627264112,-0.23841437606274477,-1.5798404679546352,-0.39703807548129877,-1.6846240671138728
2020-08-14,37877.33984375,38540.5703125,37654.921875,38432.94140625,18600,56.43460872613928,56.6367060924923,74.720832331467,87727800,554.2659432046618,36309.697734375,36842.78514648438,529.4148654115197,1.4633180299648714,0.0,0.004579028172661363,0.0,-0.011306262512764453,0.20779220779220786,0.5375946134917976,-1.5897654604454663,-1.398757375524132,-1.8463252120824716,-1.7563112643762087,-1.4938339657572006,-0.890178928768831,-1.7098670869611068,-1.318034413203995,0.7338143345426906
2020-08-17,38050.78125,38119.37890625,37734.140625,38062.0703125,21500,58.40759966482572,66.80444714153222,68.49017789329454,87749300,542.1925387793287,36383.301796875,36837.93709960938,495.7857173376615,1.424918282799591,0.0,0.012550046196489067,0.0,0.004579028172661426,0.15591397849462374,0.7099987431198669,-1.1651136083525493,-0.721283192193235,-1.8834116380529022,-1.9956184510878634,-1.7359951260561775,-0.22241937333218,-1.785101700699181,0.3239740912573803,0.5607512677207089
2020-08-18,38528.3203125,38571.23046875,38062.01171875,38084.69921875,13600,63.33158158738054,97.41505082831326,73.61873468744592,87762900,540.6394444915196,36474.734375,36835.28840820312,501.8823987061478,1.4032260947439132,0.0,0.0022442906749803562,0.0,0.01255004619648914,-0.3674418604651163,1.2547373161536222,-0.274322779486431,1.1792442388761242,-1.681589669674882,-1.882727497986313,-1.789963570697515,0.20944135190446636,-1.7718946491696332,1.100683775920552,-1.5588154961576
2020-08-19,38614.7890625,38788.51171875,38550.6484375,38727.890625,12800,64.15898578079214,90.74605063838996,84.98851620274515,87775700,520.6074417599825,36562.089140625,36829.203154296876,507.8373354055948,1.3482073951442617,0.0,-0.010213662875683358,0.0,0.0022442906749804425,-0.05882352941176472,1.2942570958265482,-0.10980862733665689,0.7391545447415019,-1.5135537387398337,-2.2417204033474776,-2.0879776867267856,0.5891076527210871,-1.8754516339453746,0.01694913059032479,-0.2659596001209306
2020-08-20,38220.390625,38402.44921875,38155.78125,38283.8984375,15800,57.75731649395224,69.73702828225659,85.96604324965325,87759900,516.2074682414124,36655.72953125,36820.04575195313,475.2535804219151,1.3506075155175428,0.0,0.005607690593821606,0.0,-0.010213662875683371,0.234375,0.7094563611286502,-1.160146711425135,-0.507210068379575,-1.5850066142355235,-2.1185859506598765,-1.8843036995983038,0.013533651970087789,-2.0620060376660527,-1.1899201730266906,0.8819125896107517
2020-08-21,38434.71875,38579.828125,38411.37109375,38471.9296875,16800,60.08792189014869,80.3533622559653,80.27881372553726,87776700,505.0096133670258,36748.80609375,36811.57409179687,461.40640252391313,1.313941222392907,0.0,0.009479954240591393,0.0,0.0056076905938216015,0.06329113924050622,0.9447693134617551,-0.7041764423586288,0.17818317040677414,-1.5425335964852929,-2.142943458308785,-1.9701133861286892,0.5510642581362448,-2.1719319240611448,0.4043111137786528,0.18743431308644384
2020-08-24,38799.078125,38894.94140625,38545.76171875,38566.9609375,28100,63.749487851426046,92.86911849740376,80.98650301187521,87804800,501.81054500152396,36860.211640625,36804.74432617187,474.36498647819826,1.293356876637192,0.0,0.0011546867455372047,0.0,0.009479954240591448,0.6726190476190477,1.3705786743784583,-0.03521101349148465,0.9462572672430068,-1.3617128464033263,-1.9865311878271346,-1.9185069072938978,1.4660154930545122,-2.1953682074610517,0.7717682849720737,2.3913482721314963
2020-08-25,38843.87890625,39008.890625,38679.671875,38948.4609375,15700,64.18457173089388,87.81273801555612,87.01173958964172,87820500,489.48255964427227,36964.98484375,36797.45391601563,482.6857058984606,1.260127910566404,0.0,0.0059222450287524184,0.0,0.0011546867455372034,-0.4412811387900356,1.4315050720184523,0.014168487758519529,0.5821688824409136,-1.2219891973624468,-2.0348611402905825,-1.9672273189150935,1.8881183935219976,-2.214851837504714,-0.15353721312373272,-1.7514816894088918
2020-08-26,39073.921875,39111.55078125,38765.08984375,38930.1796875,16400,66.41367116165725,97.41671292608952,92.69952314634979,87836900,479.26672949110997,37076.30484375,36791.58237304688,502.0551023143562,1.2265641801309712,0.0,0.00101210406077263,0.0,0.005922245028752382,0.04458598726114649,1.8411962955728893,0.376199492652681,1.1165060599092804,-1.0392766743035013,-2.0452209936387753,-2.0365976543550244,2.1884187512057007,-2.1791185133336617,0.3520285645555829,0.10877561973826644
2020-08-27,39113.46875,39326.98046875,39046.94140625,39293.53125,14500,66.7962616477127,87.23060785381044,90.82001959848536,87851400,465.0361818488878,37174.413203125,36784.800810546876,514.6638661465986,1.1889412949315261,0.0,0.009046496131847166,0.0,0.0010121040607726783,-0.11585365853658536,1.9147923366646336,0.4228054382711889,0.44278800720218114,-0.9102766687087632,-2.1007060593244646,-2.0877748970167143,2.3155035857848536,-2.1775496542415733,-0.15241346690656052,-0.5597124009602851
2020-08-28,39467.30859375,39579.578125,39235.03125,39264.48046875,22500,70.08029926022414,94.16677491110426,92.9380318970014,87873900,465.11283850253864,37269.124765625,36778.86866210937,546.9039522271632,1.1784761998597326,0.0,-0.021258595053600036,0.0,0.00904649613184727,0.5517241379310345,2.376110540787319,0.9853846122779232,0.8890927451088262,-0.6823368043506969,-1.909277768234357,-1.9679791526796695,2.536235202145185,-2.1401893248547927,0.7906181010261893,1.9455512234483334
2020-08-31,38628.2890625,40010.171875,38395.890625,39888.1484375,27900,55.94948332474959,41.32755280755758,74.24164519082409,87846000,547.196296466643,37343.464140625,36770.392060546874,499.00042227913946,1.4165688145837563,0.0,0.0070547188437230565,0.0,-0.02125859505360006,0.24,0.7500495634027935,-1.4165641817230779,-2.19787629153734,-0.8942545449700754,-0.2904179358334515,-0.3668759123468731,1.6728887857825825,-2.1501920922704847,-2.346954064965608,0.7492054521256113
2020-09-01,38900.80078125,39226.8203125,38542.109375,38754.0,22000,58.85164476582641,52.897947404734104,62.79742504113198,87868000,557.0187708261685,37412.8715625,36763.17067382813,477.5213786899112,1.431895384258128,0.0,0.00476161068744066,0.0,0.007054718843723107,-0.2114695340501792,1.1901577917745056,-0.8551294754337165,-1.404530447720378,-0.9512067786616469,-0.05933078476117775,-0.22469067140306181,2.0437607659965997,-2.1117940799825323,0.6633416620681533,-0.9180052570357768
2020-09-02,39086.03125,39141.83984375,38736.21875,38892.640625,17100,60.74477278255112,60.76252520963804,51.66267514064324,87885100,546.2046510350136,37497.212578125,36758.020537109376,470.0274488414798,1.397442087536103,0.0,-0.002432834460520982,0.0,0.004761610687440632,-0.22272727272727277,1.4248249280520913,-0.46459732779517077,-0.8863736936224192,-0.9335210535384859,-0.23433402307361018,-0.41533780907991047,2.169275619371783,-2.026328365079886,0.3935930050292658,-0.9209849116510475
2020-09-03,38990.94140625,39236.359375,38943.4296875,39165.80078125,9200,59.23804562702734,55.218959812173054,56.293144142181724,87875900,528.113582211084,37580.189375,36751.54284179687,451.2141835175862,1.354451991062803,0.0,-0.016254075841534106,0.0,-0.002432834460521005,-0.4619883040935673,1.1699400477610686,-0.6999631195073456,-1.131086025265705,-0.9892905268157945,-0.5583782495395293,-0.6645538467014116,1.8234003495102977,-1.9773891855346586,-0.34637438716846786,-1.6837967588159026
2020-09-04,38357.1796875,38729.66015625,38249.76953125,38325.0,15400,50.285526496437996,15.151114132123858,43.71086638464498,87860500,543.3320316960065,37643.907578125,36741.54528320312,380.77591336618934,1.416506729959267,0.0,0.0015655682127632966,0.0,-0.016254075841534155,0.673913043478261,0.01565766246714495,-2.295274793836194,-2.8591888553769946,-1.3629728934134895,-0.20703654700367524,-0.1960897755876611,1.4137367659707167,-1.9984568863522212,-1.6879761941768219,2.0752938840979334
2020-09-07,38417.23046875,38519.921875,38060.73828125,38284.78125,12500,51.04054646854355,18.286962358858244,29.55234543438505,87873000,537.3214289855775,37713.021796875,36732.210478515626,326.04028353685135,1.3986469675961017,0.0,-0.001350407242193063,0.0,0.0015655682127633241,-0.18831168831168832,0.09593814284290274,-1.9691696403122672,-2.3415928468190748,-1.6474429673798685,-0.29836234094954767,-0.28765251925206,1.5282825591783755,-1.9910311910714324,0.11294598287862265,-0.7115954115058041
2020-09-08,38365.3515625,38746.48046875,38275.44921875,38498.0703125,11900,50.32940787359079,15.625732634679544,16.354603041887213,87861100,532.5864162008935,37782.0128125,36721.68874023438,275.30219603765727,1.3881963660186216,0.0,-0.004468346581438941,0.0,-0.0013504072421930413,-0.04800000000000004,0.009155429130367078,-2.023304131412373,-2.192607751907806,-1.9443977741959846,-0.3600867148447304,-0.328265460540287,1.2271771747151539,-1.9991428391743744,-0.13714924912144794,-0.2727647916825763
2020-09-09,38193.921875,38252.671875,37935.26171875,37988.55859375,14000,47.95188594182177,12.466089457939631,15.459594817159134,87847100,525.2652324544011,37837.602265625,36709.400146484375,218.73748351222457,1.37525869737461,0.0,0.016924117916340582,0.0,-0.004468346581438909,0.17647058823529416,-0.31203668907211474,-2.2169492581882118,-2.065937533921864,-2.277001016428615,-0.47132812224164694,-0.37835481430553275,0.9155360883394296,-2.026707880089009,-0.5039355106725777,0.45152929792928986
2020-09-10,38840.3203125,38878.25,38367.0703125,38516.87890625,16500,56.32900593807962,43.61917025774836,23.903664116789173,87863600,536.6268676362296,37897.5346875,36700.72588867188,223.49221391523315,1.3816231774574905,0.0,0.0003663839184513677,0.0,0.01692411791634063,0.1785714285714286,0.8134432485801342,-0.626266630137578,-0.7939143933217633,-2.1696468497960084,-0.17162838601654334,-0.28217046253851863,1.132137798428294,-1.9844694452188238,1.6770413922507947,0.4235552673713671
2020-09-11,38854.55078125,38978.51953125,38711.80078125,38865.171875,11400,56.495015212445345,44.305005676074074,33.46342179725402,87875000,517.3477163764989,37954.197265625,36693.201591796875,225.80570431457454,1.3314983855794695,0.0,-0.0025202163718555733,0.0,0.00036638391845134066,-0.3090909090909091,0.7852644427020815,-0.5681997739989468,-0.7353985923810696,-2.0557297503387955,-0.5631394328417851,-0.6153037263904839,1.2448769030878521,-1.9301222071095292,-0.08094635568085753,-1.089311450789156
2020-09-14,38756.62890625,39230.16015625,38573.171875,39073.51171875,14700,54.94716212104779,39.58567483155333,42.50328358845858,87860300,527.3220424388918,37999.58421875,36682.53858398437,217.23355201417144,1.3605983216818283,0.0,0.007423830822489338,0.0,-0.0025202163718556214,0.2894736842105263,0.5711486984275624,-0.8888081156036496,-0.9210356665274979,-1.9541082833661556,-0.2766529190194563,-0.33071354127558755,0.9257730569525962,-1.9243659415494974,-0.4730115591098365,0.7993176070500372
2020-09-15,39044.3515625,39102.25,38753.6796875,38904.671875,11600,58.541449109426054,53.45242734531051,45.78103595097931,87871900,514.554061728971,38046.980859375,36673.653837890626,230.9941169267986,1.3178706807444396,0.0,0.006620675966053828,0.0,0.00742383082248943,-0.2108843537414966,1.1632151434790288,-0.2123527836940572,-0.36897964512501785,-1.7105607654921966,-0.5436372304853273,-0.6481239856505958,1.0635232278330737,-1.8903267610256334,0.7627252691607974,-0.8013074464263226
2020-09-16,39302.8515625,39359.51171875,39037.9609375,39161.01171875,11700,61.512318238704154,65.91079809555008,52.9829667574713,87883600,500.7681131233302,38106.45765625,36665.065048828124,259.7638573349541,1.2741266682062522,0.0,-0.008218233211052394,0.0,0.006620675966053868,0.008620689655172376,1.691121154110691,0.3260471726187235,0.09850412820164174,-1.3909492876169989,-0.880884062401955,-1.0272140912593146,1.2095714376582933,-1.8548346145879044,0.6304287804308846,-0.058680845407845385
2020-09-17,38979.8515625,39234.80859375,38926.33984375,39120.640625,11400,56.10254996708377,50.34385901497994,56.56902815194684,87872200,491.892656382378,38151.300859375,36654.313447265624,253.57759859679936,1.2619151604353367,0.0,-0.0034384751256708946,0.0,-0.008218233211052417,-0.02564102564102566,0.8527624680089833,-0.6481528918594128,-0.4832147960414029,-1.3422300472816853,-1.1294977081463289,-1.1369567495204072,0.9386774157198522,-1.8523777925488545,-1.1030118525468384,-0.1872686491570596
2020-09-18,38845.8203125,39200.421875,38635.73046875,39200.421875,14300,53.98103545212007,63.93249736703528,60.0623848258551,87857900,497.0925670872081,38196.330703125,36644.57350585938,235.14908991479751,1.2796552192444015,0.0,-0.020894904032669217,0.0,-0.003438475125670859,0.2543859649122806,0.4716131191535282,-0.9803102475997384,0.043973387199955874,-1.3805050039629956,-0.927567092470825,-0.9063706177223784,0.6134006998217014,-1.834484396881129,-0.5044216917616574,0.6971286109882431
2020-09-21,38034.140625,38990.76171875,37938.53125,38812.69140625,15800,43.30194818504187,6.94252457433737,40.406293652117526,87842100,536.7452743488361,38223.1396875,36630.73334960938,153.28166114781925,1.4112196714023588,0.0,-0.007889293541780924,0.0,-0.020894904032669248,0.10489510489510478,-1.568447802684729,-2.5053601129967253,-1.9327076163398282,-1.8216444848692674,0.557514999805298,0.7807901571872149,0.25895896377926464,-1.86867728821481,-2.277345034031647,0.2084143688875686
2020-09-22,37734.078125,38209.96875,37531.140625,38200.7109375,15300,40.14049080147369,11.099360556164449,27.32479416584569,87826800,546.8940493953478,38257.160078125,36616.02649414063,63.4571040096198,1.449337247841795,0.0,-0.0017399722813554227,0.0,-0.007889293541780917,-0.03164556962025311,-2.0970219437721047,-2.572225195192543,-1.636207757460756,-2.2074213310253974,0.9988609864623109,1.3054034789405162,-0.07783189574266977,-1.9030754027672425,-0.8004295514812593,-0.22709011761499112
2020-09-23,37668.421875,38140.0703125,37313.08984375,38124.94140625,15000,39.46159432040242,17.363576669644424,11.801820600048742,87811800,566.9002222063943,38289.49234375,36600.117158203124,-12.878954762585636,1.504974708225401,1.0,-0.029595620336828884,0.0,-0.001739972281355473,-0.019607843137254943,-2.039897821580613,-2.3285411071792113,-1.3180720814668299,-2.3966970605784383,1.6915099010099601,1.900092112770063,-0.43309137312680024,-1.9393348440123335,-0.12712408589315913,-0.14960794253289844
2020-09-24,36553.6015625,37304.26171875,36495.98046875,37282.1796875,13900,30.140206372137484,2.0122390405203365,10.158392088776397,87797900,610.1531639237948,38291.13078125,36578.98721679687,-161.47117440163856,1.6692012218838246,1.0,0.02284476927183774,0.0,-0.029595620336828832,-0.07333333333333336,-3.3649845545604102,-2.898663078982013,-1.68731987995829,-2.79208709194372,2.7538362750695717,3.1076278840628633,-0.8034373949738116,-2.0202541402856746,-2.6508241913785806,-0.37731190987710594
2020-09-25,37388.66015625,37471.171875,36730.51953125,36991.890625,13500,41.321276543382965,31.174085755131884,16.849967155098877,87811400,632.111531679238,38298.501171875,36563.70477539062,-209.4350920031502,1.690650397841476,1.0,0.015859588108317852,0.0,0.02284476927183765,-0.02877697841726623,-1.8529293670089673,-1.517086106594139,-0.6894126090549829,-2.59609234796801,2.8812201657274095,2.8069216068522227,-0.6269068699837672,-2.0138290588651993,2.0514419107636077,-0.19692415702692692
2020-09-28,37981.62890625,38035.87109375,37544.05078125,37756.25,13600,47.719971809081805,51.88169109381991,28.356005296490707,87825000,633.1900606664354,38309.753984375,36551.17577148438,-197.3245848020233,1.6670955904217208,1.0,-0.00022142695013841498,0.0,0.01585958810831789,0.007407407407407307,-0.8889820523485135,-0.7814024043312957,0.005863955219336499,-2.2283799425505793,2.4998815003782395,2.2905167918097207,-0.3859065615950549,-1.9747922889379472,1.3586932061392587,-0.053935069409434405
2020-09-29,37973.21875,38235.94140625,37831.3515625,38176.859375,10600,47.640622137015235,51.58799231717831,44.88125638871003,87814400,616.8614737438329,38310.611796875,36539.84247070312,-186.25847812247957,1.6244645411941354,1.0,0.002494150894174595,0.0,-0.00022142695013838143,-0.22058823529411764,-0.8611198531577078,-0.7372549391119456,0.04848317553746708,-1.9582492161968135,1.906245012505654,1.7846386009652553,-0.771629191189405,-1.9290035783659865,0.01740099013169108,-0.8850462759107397
2020-09-30,38067.9296875,38236.33984375,37828.109375,38068.890625,18400,48.6756432928935,54.89547979439722,52.78838773513181,87832800,601.9592591014163,38314.54,36528.11926757813,-167.9105593208733,1.5812765864676792,1.0,0.016526275500518706,0.0,0.002494150894174485,0.7358490566037736,-0.6764932143000706,-0.5785078690580902,0.21033548642929273,-1.7184510213340238,1.4505780146445602,1.3589982325446859,-0.3135497461870387,-1.8916816348871033,0.2542992978095792,2.2110535268355473
2020-10-01,38697.05078125,38738.890625,38410.19921875,38410.19921875,12900,55.03416561916224,76.86559427280565,61.11635546146039,87845700,606.8879504156009,38325.671640625,36518.69596679688,-101.4356005381851,1.5683054345569356,1.0,0.007149083248329749,0.0,0.01652627550051866,-0.29891304347826086,0.29026734612805805,0.12357026963488132,0.9758873094514937,-1.3418606350928617,1.4406237718212376,1.1841091298994268,-0.00271876963112173,-1.8342696771434843,1.3742311990668075,-1.0719056333068595
2020-10-05,38973.69921875,39263.8515625,38819.890625,38956.78125,15500,57.52608310207481,86.5266879835867,72.76258735026319,87861200,604.0245811894866,38342.56765625,36508.515908203124,-26.129297639636206,1.5498261476264852,1.0,0.015417348257794445,0.0,0.007149083248329857,0.20155038759689914,0.6928060528093003,0.40689442179880764,1.2979495266495145,-0.9702389341269969,1.2830147536648324,0.9873328741312914,0.5020053453538605,-1.7899216572281764,0.565487962501458,0.5106179016545326
2020-10-06,39574.5703125,39623.76171875,39191.1015625,39336.33984375,11300,62.399985086868334,98.42727472549431,87.27318566062888,87872500,607.3130039616663,38375.364453125,36501.69516601563,81.10187362150464,1.5346041641539712,1.0,0.007691275075041284,0.0,0.015417348257794394,-0.2709677419354839,1.5298389572242799,0.9513465958529381,1.6896020371285714,-0.4916693217825886,1.2572860600841613,0.8244554524606414,0.8997820124302642,-1.7199803029032947,1.2334444737054264,-0.9492806923439238
2020-10-07,39878.94921875,39968.0390625,39450.8203125,39633.19140625,15000,64.61507174493912,97.43409158156578,94.12935143021559,87887500,600.8777001072615,38403.084453125,36494.32905273438,188.47160005263868,1.5067540942747437,1.0,0.007616114822483784,0.0,0.007691275075041304,0.32743362831858414,1.823251142816425,1.19170242052438,1.6168220211126763,-0.010879196570965024,1.0545397707339992,0.5818993202352469,1.4189025200217205,-1.6641272556424693,0.5631687884939653,1.0132827366084176
2020-10-08,40182.671875,40468.87890625,40062.23046875,40204.3203125,14400,66.72180607790875,92.7960144022685,96.21912690310951,87901900,600.0956992067428,38445.3153125,36487.44956054688,294.6739440507881,1.4934191063090991,0.0,0.00813326717712198,0.0,0.0076161148224838104,-0.040000000000000036,2.0469959594563414,1.4200692881716481,1.4765895889545941,0.4779218337646013,0.9761239181613246,0.43865977680322593,1.8204984705704894,-1.611639745661092,0.5508802016337018,-0.2508487087161236
2020-10-09,40509.48828125,40585.359375,40066.5390625,40226.25,16600,68.86957635769322,98.14467929019631,96.12492842467685,87918500,594.2903144419754,38500.783671875,36481.62739257813,400.59362552739185,1.4670397964939126,0.0,0.0020813025189218306,0.0,0.008133267177121928,0.15277777777777768,2.2114519916821953,1.628870748411188,1.6173320415514052,0.9722477921633441,0.8066408208851434,0.18870527192431724,2.1722739008579373,-1.5566053680697072,0.5708395220777427,0.38670319487971927
2020-10-12,40593.80078125,40905.48828125,40387.3984375,40716.94921875,17600,69.41793871517483,92.93146733709297,94.62405367651924,87936100,588.8474236782629,38560.521875,36476.18870117187,485.7397449118798,1.4505846024406945,0.0,0.0007811768518765325,0.0,0.0020813025189219125,0.06024096385542177,2.1139120876106454,1.6980773773815283,1.4461196768708733,1.3763010018206032,0.6411965689662716,-0.01053389885290383,2.434734142364511,-1.5058209959779043,0.08952287885828089,0.1298102293007738
2020-10-13,40625.51171875,40786.8203125,40461.96875,40592.5390625,11000,69.63459113059047,93.65061647682477,94.90892103470468,87947100,569.9905764512441,38634.240078125,36471.102958984375,549.4438192739544,1.403036053791231,0.0,0.004165524453490057,0.0,0.0007811768518766193,-0.375,1.931990692114794,1.5957242334008301,1.3658764637187544,1.6344141097513694,0.17882425665884522,-0.40718407867594253,2.395656908053368,-1.4579085059499977,-0.08567252752854854,-1.365459038441915
2020-10-14,40794.73828125,40880.25,40279.55078125,40623.19140625,15000,70.82251542313993,97.48838181698991,94.69015521030254,87962100,572.1840509011553,38696.376640625,36467.77034179687,606.5925056627675,1.4025927730099972,0.0,-0.026138864224313548,0.0,0.004165524453490166,0.36363636363636354,1.9065115354819209,1.6052764380883615,1.391977419497824,1.812246722567861,0.21857060045423524,-0.4017233344121842,2.4294803808285446,-1.4002082843650883,0.22508516347372837,1.2042722765644163
2020-10-15,39728.41015625,41048.05078125,39667.46875,41048.05078125,30400,55.96535242522301,69.43529650190719,86.85809826524063,87931700,629.9267637832155,38737.67828125,36460.59358398437,559.3911701478792,1.585582612809681,1.0,0.006407764909262332,0.0,-0.02613886422431355,1.0266666666666668,0.8346758971613925,0.1429000149068863,0.49686276681208097,1.5679091474513192,1.4610073216598476,1.0647036374344585,1.5559795781561072,-1.3863301786040096,-2.181471399427864,2.8920248055529654
2020-10-16,39982.98046875,40125.7109375,39699.421875,39936.609375,11000,58.21879786147564,69.60415774828768,78.84261202239492,87942700,615.3812136915573,38776.82890625,36452.632783203124,536.3428419507691,1.5391079066067337,1.0,0.011220301450529293,0.0,0.006407764909262426,-0.638157894736842,1.0287676596523236,0.37258117123655105,0.4850775514880916,1.4361859032267301,1.0563553563500387,0.6335845120986612,1.678928656027771,-1.3842745863129207,0.4470417092496295,-2.031256077806238
2020-10-19,40431.6015625,40519.48046875,40211.21875,40318.5703125,12300,61.91738536113937,80.85526595131657,73.29824006717048,87955000,609.7468412850175,38824.64953125,36447.00079101563,547.9603034977554,1.5080947024630185,1.0,0.002789143315920309,0.0,0.011220301450529213,0.11818181818181817,1.3486632032432913,0.7007619825921461,0.7810838848788252,1.4234315597956464,0.872130055038787,0.3507709611302952,1.781128244866886,-1.3622189393863136,0.7832852551111973,0.23882850744177106
2020-10-20,40544.37109375,40732.01171875,40305.58984375,40420.2890625,12100,62.808623949317926,84.3574890362184,78.27230424527421,87967100,596.6522008360877,38871.895390625,36443.45395507813,559.8136014647971,1.4716030480691384,0.0,0.004018745280898368,0.0,0.002789143315920395,-0.016260162601625994,1.3476372645292636,0.7450333146907453,0.8341497368383253,1.3958286479695736,0.5369614340167009,0.02745998280784434,1.851122259069204,-1.3239673611206821,0.07681547546584348,-0.1960436830693423
2020-10-21,40707.30859375,40976.01953125,40150.48046875,40767.140625,16700,64.11536552043384,87.08258674051149,84.09844724268214,87983800,613.00126238351,38917.901328125,36438.85729492187,575.7185944422163,1.505875194307558,1.0,-0.0036558622429498848,0.0,0.004018745280898406,0.3801652892561984,1.3829985403391263,0.8224053855305268,0.863850718479102,1.3723524444557873,0.8465038765464498,0.2829547056673466,1.9610943841326454,-1.3009939425168335,0.16454947888582386,0.9793233492736098
2020-10-22,40558.48828125,40721.5703125,40309.05078125,40531.30859375,13900,61.973561343977906,78.02839716764638,83.15615764812541,87969900,598.6811387311164,38961.678515625,36434.326689453126,569.7471697727597,1.4760933262098035,0.0,0.003131569349164252,0.0,-0.003655862242949892,-0.16766467065868262,1.169447646164266,0.5687691273336178,0.515006164824766,1.2674561771047579,0.4772172233308401,0.004192682178750496,1.559507137263779,-1.2803708904395217,-0.4787083373178942,-0.6622532584629925
2020-10-23,40685.5,40811.12109375,40590.8984375,40728.390625,12400,63.10631617844157,80.47599915015178,81.8623276861032,87982300,573.9634011431796,39009.17875,36434.37104492188,568.707846871941,1.4107320818059985,0.0,-0.013272541814651411,0.0,0.0031315693491642538,-0.1079136690647482,1.1958626281736,0.6532581520573487,0.55830847174181,1.1900557440532096,-0.1221990473616973,-0.563846766846044,1.6338979058315348,-1.215677617100656,0.13036485414860796,-0.4504773474288903
2020-10-26,40145.5,40724.3984375,39948.2890625,40649.76171875,10100,55.5322331875668,43.49276457540029,67.33238696439948,87972200,588.4023992758096,39054.541953125,36430.75120117187,518.3356383670616,1.4656746068072624,0.0,0.009380915980620493,0.0,-0.013272541814651428,-0.18548387096774188,0.7035346161790581,-0.08553514626438519,-0.7156602843918485,0.9584793932523394,0.16633752996449724,-0.13535753898753167,1.356574651267783,-1.198569771666594,-1.2074905657237505,-0.7075961995825862
2020-10-27,40522.1015625,40555.6015625,39978.390625,40199.078125,13900,59.20922162490858,61.90380529045438,61.957523005335474,87986100,587.603009148966,39103.968359375,36429.273017578125,503.00556388753466,1.450080293201639,0.0,-0.014797865902268998,0.0,0.009380915980620408,0.3762376237623761,0.9549563292578962,0.26047554868453965,-0.10819526971391473,0.8594700583867396,0.10125558197348816,-0.30464923819160655,1.4674591905390868,-1.1611144743834327,0.6508031889703721,1.007200846350976
2020-10-28,39922.4609375,40664.3515625,39774.6015625,40664.3515625,29400,51.85656470938275,18.46990484651797,41.288824904124205,87956700,609.184937066897,39131.851171875,36421.623564453126,437.42798486355605,1.5259203034116489,1.0,-0.0043236156025107265,0.0,-0.014797865902268947,1.115107913669065,0.4384652330294047,-0.436082081305776,-1.5213204151414164,0.6035019411208328,0.5925243671879343,0.326351378474647,0.9320273588644633,-1.2049895867347202,-1.2663202394436772,2.717919857346426
2020-10-29,39749.8515625,40010.828125,39524.25,39537.171875,19500,49.9343053769988,14.805187480934034,31.72629920596879,87937200,600.4273076335472,39154.552421875,36412.374228515626,367.29519662694656,1.5105145907009883,1.0,-0.003415893259035362,0.0,-0.004323615602510711,-0.33673469387755106,0.2847297920162556,-0.585114498487676,-1.5203765490006884,0.3479170641421317,0.3026044398144826,0.1179060643193242,0.5878893345077794,-1.2771926778331508,-0.38771766868475954,-1.0826078885662547
2020-10-30,39614.0703125,39988.25,39241.87109375,39779.8203125,12000,48.413971234881316,20.60698729621828,17.96069320789009,87925200,610.8524218204367,39182.426015625,36401.14612304688,297.33060246292007,1.54200872821616,1.0,0.0036226474928711607,0.0,-0.003415893259035352,-0.3846153846153846,0.15683589584821708,-0.7020397759199002,-1.2675392447983218,0.1015336618556537,0.5797527872869692,0.38206391849332155,0.3688694784989881,-1.3832494915581859,-0.32929321464482336,-1.149486709637107
2020-11-02,39757.578125,39968.03125,39334.921875,39880.37890625,15400,50.14178599014435,28.552365792786052,21.321513523312785,87940600,612.4422041904055,39208.883203125,36390.170869140624,250.5745709673065,1.5404414279583474,1.0,0.012665529566886815,0.0,0.0036226474928711117,0.28333333333333344,0.2500876889232059,-0.5205153526117525,-0.9658600947980435,-0.061506913881274224,0.6418176369143299,0.3043566630014098,0.5724015715051602,-1.494995264318507,0.2272892803307175,0.5451057553679676
2020-11-03,40261.12890625,40354.73046875,39952.7890625,39990.75,21400,55.74319806684966,56.43169500542841,35.197016031477574,87962000,611.3500713018051,39238.12421875,36382.112861328125,251.2560949839317,1.5184623181465267,1.0,0.008817728871355348,0.0,0.012665529566886713,0.3896103896103895,0.6132503051504464,-0.022299391646515763,-0.1673654286535953,-0.07061396139024365,0.5590889481394203,-0.026496830812136732,0.8553520234084756,-1.5684677367603235,0.9160795091857313,0.7822343237210082
2020-11-04,40616.140625,40693.51171875,40076.46875,40171.7109375,20900,59.22156547888629,79.24751431493303,54.74385837104916,87982900,611.7567068338191,39273.569453125,36375.53077148437,277.24675837320683,1.506191128502424,1.0,0.01782590664964244,0.0,0.008817728871355346,-0.02336448598130836,0.8535583807195481,0.2697171622601425,0.5191664202973196,-0.005414444196068404,0.5444167944090862,-0.21917975461697642,1.1182331949000044,-1.6212284024286991,0.5430903061222526,-0.2554778788767867
2020-11-05,41340.16015625,41370.91015625,41030.171875,41112.12109375,42600,65.22447028011072,98.5556864342408,78.07829858486741,88025500,621.9719085778319,39318.89421875,36372.50471679687,352.2068503206756,1.5045222520353474,1.0,0.013374366122682044,0.0,0.017825906649642453,1.0382775119617227,1.394324099683325,0.8380244929075644,1.1062346198710769,0.21769278235176084,1.1046056356182454,-0.24161324253635102,1.6909440261212312,-1.6162257616432325,1.232149898176275,2.1285950947024457
2020-11-06,41893.05859375,41954.9296875,41383.2890625,41438.76171875,19000,68.97985545895612,97.71950764747467,91.84090279888282,88044500,621.4574530544153,39374.486015625,36374.32545898438,451.028372070723,1.4834377672942938,0.0,0.016813551394766976,0.0,0.013374366122681947,-0.5539906103286385,1.8925942733420584,1.2892936265112074,1.045561575813147,0.5185182888393624,1.0311390747713618,-0.4770182824061557,1.8828805936464963,-1.5208364572883628,0.8522700584842522,-1.4476297159153635
2020-11-09,42597.4296875,42645.328125,42263.640625,42273.96875,24300,72.98265826510381,98.59265337977814,98.28928248716453,88068800,630.8011729255285,39437.0884375,36380.693564453126,579.5018638598485,1.4808432751768443,0.0,0.01596853976848295,0.0,0.016813551394766924,0.2789473684210526,2.409457409828867,1.7263243783933366,1.0142184692027794,0.9489324344216788,1.6167080663097997,-0.46900561671187313,2.1080948380510467,-1.345981897062387,1.2441476525901345,0.37965956534423906
2020-11-10,43277.6484375,43316.44140625,42660.08984375,42959.25,28700,76.17938235600343,99.0479249153956,98.4533619808828,88097500,637.101926198705,39530.075625,36391.504912109376,727.8161880381085,1.4721269505176195,0.0,0.007302232189357273,0.0,0.015968539768483003,0.1810699588477367,2.698620035080603,1.9666841191291404,0.9655261337267271,1.4750191915103092,1.9678124017094991,-0.578391425673538,2.320402967150047,-1.0884670041498483,1.158553060224193,0.14968854089591135
2020-11-11,43593.671875,43708.46875,42970.2109375,43444.05859375,30300,77.51073520801926,97.42988100037692,98.35681976518356,88127800,644.3273466487974,39623.933046875,36402.54127929688,860.9325146673655,1.4780295371684549,0.0,-0.005424651298658241,0.0,0.007302232189357216,0.05574912891986061,2.6471714155089763,1.966622702929127,0.8458787738393798,1.9363893810392678,2.1671282431526393,-0.4143179356477593,2.508025252671854,-0.8176688346492089,0.2655370219871168,-0.15041946743951723
2020-11-12,43357.19140625,43543.9609375,43127.55078125,43291.890625,14500,74.17009533603024,92.13546034847204,96.20442208808151,88113300,631.5983285845977,39709.35625,36411.26127929687,936.5501974006329,1.456732569844346,0.0,0.001979108677635207,0.0,-0.005424651298658212,-0.5214521452145214,2.250941809129706,1.4587390774708702,0.6004642140344361,2.156538750287719,1.35197791018306,-0.811013760258848,2.109196017901069,-0.5802408994853019,-0.9708796552739237,-1.3517768599849977
2020-11-13,43443.0,43522.25,43053.37109375,43298.921875,24400,74.59791172281635,94.0565779496943,94.54063976618109,88137700,619.975512703555,39798.397421875,36422.70067382813,991.9670138879374,1.4271010581763575,0.0,0.01173286691757015,0.0,0.0019791086776352884,0.6827586206896552,2.1090238921909594,1.40238051830887,0.6469289575208615,2.2603048293564596,0.6910852380989521,-1.3803191253966438,2.229237663193978,-0.2603125090256,-0.19593598317814376,1.2569119221118208
2020-11-17,43952.7109375,44161.16015625,43699.21875,44095.8515625,20900,77.03148983025,95.7626149611939,93.98488441978674,88158600,626.988701528301,39910.308046875,36437.62993164062,1064.740981775285,1.426507462576923,0.0,0.005172373646605629,0.0,0.01173286691757025,-0.14344262295081966,2.244156000894919,1.5645978527323046,0.6953510384239006,2.3783260425599475,1.0091682997678428,-1.3054288830987146,2.2587932819745897,0.1761584124094465,0.7711060557467572,-0.5400086606493306
2020-11-18,44180.05078125,44215.48828125,43785.78125,43978.578125,18300,78.04192047704132,99.28749039855613,96.36889443648145,88176900,612.8971536512794,40025.564453125,36452.53688476563,1127.759195071354,1.3872712747342353,0.0,-0.013130130760197993,0.0,0.00517237364660561,-0.12440191387559807,2.1443200924817543,1.5524776534309592,0.8259308408760263,2.3841519401159004,0.2538033229166075,-1.9696111786906332,2.2356594682664683,0.6469660019211703,0.14927145757282825,-0.5126874207263682
2020-11-19,43599.9609375,44230.0,43518.109375,43902.23828125,24100,69.62517192870702,87.36923054032191,94.13977863335731,88152800,619.9681158904738,40130.256640625,36465.96758789063,1118.0055091771428,1.4219464938952362,0.0,0.00647452558282467,0.0,-0.013130130760197978,0.3169398907103824,1.5962989394659515,0.5700092232816262,0.39420392796270287,2.1160450681805645,0.5915311374364308,-1.1507169416107776,1.7798983726829887,1.0900864991118646,-1.590974406039398,0.4658485617492131
2020-11-20,43882.25,44013.01953125,43453.75,43732.140625,17100,71.2501073471081,92.89592543530651,93.1842154580615,88169900,615.6325027018685,40244.023203125,36481.76139648438,1120.1417145685482,1.4029191819058242,0.0,0.004441395723783535,0.0,0.006474525582824686,-0.2904564315352697,1.6354120165038608,0.730869065271126,0.6030072678362954,1.9220327820169878,0.33664772105425583,-1.4326403221639794,1.8160685680557256,1.5676702924981778,0.3436260156412523,-0.8519454834823783
2020-11-23,44077.1484375,44271.1484375,43747.21875,44164.171875,17800,72.34991743392021,95.50755314337404,91.92423637300082,88187700,609.0823016160208,40348.759765625,36502.78559570313,1124.597685720575,1.3818550500826527,0.0,0.010115697352387282,0.0,0.004441395723783437,0.040935672514619936,1.613431067656502,0.8341741375105918,0.7069076986814146,1.7618143268571023,-0.03505701187566401,-1.7045590165494038,1.8410889244164894,2.080664736143443,0.15591528748602854,-0.11765362331435557
2020-11-24,44523.01953125,44601.62890625,44247.12109375,44341.19140625,17900,74.73140445293302,98.26283772760115,95.55543876876057,88205600,603.0393135541623,40462.129140625,36521.45379882812,1150.8409676263545,1.3544438807230912,0.0,-0.01560806019147574,0.0,0.010115697352387265,0.00561797752808979,1.720342235550944,1.0627872465545,0.8006821641612285,1.6913373654625492,-0.3901341582101242,-2.009804632085052,1.8504457069402855,2.368873112571708,0.6855591944818602,-0.19094537723460392
2020-11-25,43828.1015625,44825.37109375,43757.96875,44749.73046875,19100,65.2924544015598,73.72286739723603,89.16441942273707,88186500,636.2081014252935,40563.55859375,36534.88100585937,1102.851895058222,1.4515985834295022,0.0,0.009848400988449727,0.0,-0.015608060191475759,0.06703910614525133,1.2204048760516444,0.043435511093094736,-0.1006506757679313,1.4155051238268164,1.3720750605743388,-0.32598330447304674,1.5182478464196247,2.417813915952819,-1.6945892037238532,-0.09040007943482198
2020-11-26,44259.73828125,44361.78125,43582.3984375,43967.58984375,14600,67.9963480560611,83.56713153943663,85.18427888809127,88201100,646.4348665020583,40667.866328125,36549.64954101563,1087.118064826107,1.460548325871848,0.0,-0.002485770036661247,0.0,0.009848400988449635,-0.23560209424083767,1.3629997737675186,0.3536795367855078,0.2938252557809833,1.2738838980863747,1.8905635602822228,-0.20425460727014425,1.5370340737700776,2.430777393968886,0.6536740235825174,-0.7187787993193319
2020-11-27,44149.71875,44407.28125,43995.41015625,44325.03125,15700,66.57271499919852,73.62515877481499,76.97171923716255,88185400,629.6803113054827,40764.803671875,36564.68887695312,1053.6256931789976,1.4262385562886122,0.0,0.011454719771006469,0.0,-0.0024857700366612834,0.07534246575342474,1.2165340592616287,0.15945812704075668,-0.09306025242127217,1.0939067041855717,0.8871510497717885,-0.8014167857380989,1.2871852399640547,2.398591187568282,-0.6434083100582138,0.047156256071188375
2020-12-01,44655.44140625,44730.7890625,44118.1015625,44435.828125,16000,69.71186659068175,92.15207320065234,83.11478783830131,88201400,628.466539069377,40878.31546875,36583.067978515624,1055.720648732633,1.407368327975852,0.0,-0.000837576397683198,0.0,0.011454719771006427,0.019108280254777066,1.3946774036087495,0.4733347444113777,0.5865751273930131,1.031340392934766,0.7796244917203486,-1.1103653261442101,1.3478707524310536,2.383342222681126,0.8123553421640748,-0.1496503659176996
2020-12-02,44618.0390625,44729.640625,44169.96875,44729.51953125,16000,69.19431613398129,88.82403599756591,84.86708932434442,88185400,623.5526344929929,40993.75984375,36600.07747070312,1042.347328383119,1.3975348258123437,0.0,0.0003274320276499713,0.0,-0.0008375763976832262,0.0,1.278805074728049,0.38721037687035237,0.44784931255745397,0.9294952391231435,0.4600050790874491,-1.2218691904866055,1.1123496528882482,2.323800743711553,-0.44219369220869736,-0.1882652314063447
2020-12-03,44632.6484375,44953.01171875,44551.421875,44902.01953125,30700,69.2902208978008,83.13558485568817,88.03723135130213,88216100,607.6981494399218,41125.73,36615.41122070313,1021.1564739396708,1.3615552083827018,0.0,0.010012902200410678,0.0,0.0003274320276500653,0.91875,1.200120874625409,0.3734013731076643,0.23283638857838893,0.8125766194241678,-0.5099937588766578,-1.7679580686294227,1.3183278611465277,2.2390597410139645,-0.3094468916107342,1.9335932982797899
2020-12-04,45079.55078125,45148.28125,44665.91015625,44665.91015625,27600,72.14682295338264,96.71916866959913,89.55959650761774,88243700,601.1220539442131,41272.639453125,36633.51002929688,1028.5671712539042,1.333469485668075,0.0,0.007706775305633747,0.0,0.010012902200410734,-0.10097719869706845,1.3391506715291466,0.6624510844156085,0.7329900396619021,0.7846271742283699,-0.8713633451847161,-2.0561807156196075,1.4687103923307196,2.1873020535677243,0.6889018355178971,-0.45312378151920824
2020-12-07,45426.96875,45458.921875,45024.46875,45099.921875,18700,74.1591741181179,98.40646453312138,92.75373935280288,88262400,589.2171304481978,41427.810390625,36654.35618164062,1050.365963850476,1.2970645998654662,0.0,0.0039963698601395235,0.0,0.007706775305633684,-0.322463768115942,1.414088677216296,0.8363221864282196,0.7630874973657747,0.7979461381984312,-1.5237607082664302,-2.341184881694119,1.5247131120846953,2.1575005559583396,0.4099244912726968,-0.9595958341256913
2020-12-08,45608.51171875,45742.23046875,45335.171875,45568.80078125,18200,75.16875108300202,94.15687606575733,96.42750308949262,88280600,576.2058063983266,41608.90859375,36677.12028320313,1069.956867650064,1.263373402648094,0.0,0.010852980345037363,0.0,0.003996369860139515,-0.0267379679144385,1.4010585009802947,0.8937511684598048,0.5834181085009963,0.8032230070646409,-2.3086401582245517,-2.4868819246517835,1.5648137938132796,2.135133669012388,0.014636469947564991,-0.2681171613001512
2020-12-09,46103.5,46164.1015625,45792.01171875,45891.0390625,20700,77.72419639304273,97.76407004395763,96.7758035476121,88301300,574.7332376377318,41783.205390625,36703.16588867187,1112.5988703545881,1.2466151976264965,0.0,-0.0031151885160562646,0.0,0.010852980345037455,0.13736263736263732,1.5418857042526528,1.102699289532994,0.665629771330688,0.8705555561654383,-2.248314695950235,-2.3547272714906056,1.621040264428855,2.1284236189139056,0.6905894576963871,0.09563222121056841
2020-12-10,45959.87890625,46043.96875,45685.87109375,45999.421875,12700,75.30268517072707,92.46508611371334,94.79534407447609,88288600,563.5114996814652,41942.770390625,36726.35028320312,1121.8717040791598,1.2260943960077195,0.0,0.0030272667337484997,0.0,-0.0031151885160562998,-0.38647342995169087,1.371545783362487,0.7779694610614596,0.42733616627139587,0.8396393913421925,-2.580602941579095,-2.2788474123048617,1.4029194347196545,2.0862126917762476,-0.8153366454244458,-1.078697126787697
2020-12-11,46099.01171875,46309.62890625,45706.21875,46060.3203125,26300,76.08015687239238,92.27725012926632,94.16880209564574,88314900,566.3614037220749,42105.28625,36750.994736328124,1127.4507958396716,1.2285760206258758,0.0,0.003350380257440104,0.0,0.003027266733748535,1.0708661417322833,1.3647676612841784,0.8165918424991374,0.36502869977221736,0.7995688774570752,-2.1600469646041325,-2.024906919104425,1.5320151469100678,2.052509032975813,-0.2186993799986449,2.375395711573144
2020-12-14,46253.4609375,46373.33984375,45951.53125,46284.69921875,18400,76.94769783729862,95.70471433110188,93.48235019136051,88333300,556.0362030097838,42268.996875,36780.44588867188,1131.2941724088596,1.2021504807199788,0.0,0.00020995050539292413,0.0,0.0033503802574401664,-0.30038022813688214,1.3815708984169506,0.8867196226337504,0.4760565135661563,0.7577646841759904,-2.324096669527054,-2.0693748359852093,1.6028551646843807,2.0478057639534457,-0.21514672614926275,-0.8855484717846903
2020-12-15,46263.171875,46350.30078125,45841.671875,46287.390625,16400,77.00417083793067,96.05265920297391,94.67820788778072,88349700,552.6499675269421,42420.319296875,36810.355751953124,1122.1877852774924,1.194578635939977,0.0,0.008717280855486089,0.0,0.000209950505392964,-0.10869565217391308,1.3468200108885255,0.8940566113593521,0.4728414227237675,0.6809194946696485,-2.174470752546146,-1.9575088433808103,1.6751770802075518,2.0376990644533315,-0.6252865344276894,-0.45915261829091547
2020-12-16,46666.4609375,46704.96875,46402.19921875,46573.30859375,13100,79.27488975553064,98.76679118014256,96.84138823807278,88362800,544.7318894893034,42574.17453125,36844.24325195313,1134.4358939605881,1.167287766301495,0.0,0.004797426283296673,0.0,0.008717280855486065,-0.2012195121951219,1.5472582524578637,1.3038649187122058,0.7623007754756811,0.6809000049404805,-2.1798083881110677,-2.026207649676109,1.7224683783307961,2.0453820906816653,0.4150480217617616,-0.6422368672846318
2020-12-17,46890.33984375,46992.5703125,46627.6015625,46774.3203125,17200,80.43015851288484,96.58908889013428,97.13617975775026,88380000,531.8916652400675,42720.489921875,36879.96665039063,1148.963232100199,1.1343310093559988,0.0,0.0015003423463005065,0.0,0.004797426283296602,0.3129770992366412,1.6472511263399892,1.5582477783509308,0.5421552768213519,0.7044207128661188,-2.287682168148553,-2.1045130905778957,1.8032650785377886,2.053958228022142,-0.0412952007789808,0.6088642609682448
2020-12-18,46960.69140625,47026.01953125,46630.30859375,47026.01953125,12800,80.79248707266727,97.7534398940393,97.70310665477204,88392800,522.1644704014913,42862.124765625,36923.283662109374,1152.8635421001818,1.1119181910767104,0.0,-0.0299554888700548,0.0,0.0015003423463004761,-0.2558139534883721,1.6635518041621578,1.656861471250108,0.6542358583537403,0.7074569888373018,-2.262427957210313,-2.0744976261570245,1.8388383646418023,2.092309255005764,-0.427686628361696,-0.7456595062830746
2020-12-21,45553.9609375,47055.69140625,44923.078125,46932.1796875,24400,57.762902742473955,47.95998619279995,80.7675049923245,88368400,637.1965283192419,42969.550546875,36960.33336914062,1030.5634792984492,1.3987730489418364,0.0,0.009938333778947255,0.0,-0.029955488870054836,0.90625,0.642509380609707,-3.0803928931095235,-4.091198906702514,0.013744352871366269,0.9911018801042901,0.43690946667408403,1.5132833707226023,2.0836389359358263,-3.3948087623726333,2.110623341046057
2020-12-22,46006.69140625,46080.1796875,45112.19140625,45529.609375,25100,61.56047978292821,58.11153763962483,67.94165457548802,88393500,660.8245106714388,43079.494609375,36997.248330078124,959.1152796897077,1.4363660816992938,0.0,0.009509231546056523,0.0,0.00993833377894715,0.028688524590164022,0.9515274306496825,-2.115263980949549,-2.632048938450797,-0.6711866601763796,1.5566798881965378,0.7948561169552175,1.6756615421209415,2.0691909248560614,0.6982148676002429,-0.1043927230178119
2020-12-23,46444.1796875,46513.3203125,45899.1015625,46072.30078125,10500,64.84942297516673,74.41139356374146,60.16097246538874,88404000,657.495527766336,43196.5021875,37037.42182617188,927.1066069371082,1.415668297277074,0.0,0.011397754865341543,0.0,0.00950923154605654,-0.5816733067729083,1.2509074929854662,-1.4062800835741982,-1.209475219583714,-1.3437890747421015,1.404678337472158,0.6404083181211817,1.6772279897195892,2.0645013158752485,0.6982602769343499,-1.537157719533497
2020-12-24,46973.5390625,47053.3984375,46539.01953125,46743.48828125,13700,68.37534773542666,96.14780867809996,76.22357996048873,88417700,654.047186497312,43323.462734375,37079.93647460938,933.691367806874,1.3923736630256418,0.0,0.008094151411374722,0.0,0.011397754865341447,0.3047619047619048,1.584923437370944,-0.730903732906448,0.5477083935978772,-1.6701409897091584,1.27770878882196,0.46104032797538635,1.696168893573048,2.061618508764738,0.9329484863543168,0.6388416743190223
2020-12-28,47353.75,47406.71875,47148.23828125,47153.58984375,9600,70.65239442702668,97.86729410580486,89.47549878254875,88427300,638.2709365689326,43454.64296875,37128.82211914063,958.5402282569048,1.347878333962849,0.0,0.005476401024206108,0.0,0.008094151411374817,-0.2992700729927007,1.7510218973135208,-0.29038558659202474,0.6848690381169282,-1.531287786201842,0.8782359835672799,0.08852544457309534,1.662131964983241,2.0753663991031472,0.5716767006842834,-0.8068085787837723
2020-12-29,47613.078125,47714.55078125,47361.8984375,47466.62109375,12800,72.12656058154656,96.36490595661732,96.7933362468407,88440100,618.4516397604374,43612.336328125,37188.71276367187,987.7723171763573,1.298911274202433,0.0,0.0027963036678801158,0.0,0.005476401024206101,0.33333333333333326,1.8142105042807337,-0.013479072771114028,0.5497294467132834,-1.187402657567505,0.375276725841147,-0.3389114446718074,1.672589971493371,2.1173389266180975,0.2528685864445139,0.6771572113739156
2020-12-30,47746.21875,47807.8515625,47358.359375,47789.03125,15600,72.87976501093823,97.86351289502262,97.3652376524816,88455700,606.3831074561203,43767.60109375,37248.95686523437,1010.0391909203609,1.2700128373121071,0.0,0.0001070110918469329,0.0,0.0027963036678801956,0.21875,1.7794665430017464,0.13275317090311936,0.6564055033946498,-0.877215183177537,0.07067183157311831,-0.5767426838821643,1.6969483280813575,2.138778073564834,-0.043548951621365836,0.448336731986067
2020-12-31,47751.328125,47896.96875,47602.12109375,47753.109375,13900,72.9100183201328,95.10269060416437,96.44370315193476,88469600,584.1305752271118,43913.995625,37323.82280273437,1016.3819146124297,1.2232760808202374,0.0,0.0024638548993238083,0.0,0.00010701109184685365,-0.10897435897435892,1.6452875907432987,0.16523733415495803,0.43789849561205557,-0.7516537630247248,-0.47870008335026654,-0.9730889347249962,1.6944421192348396,2.189454120187605,-0.29985843740122625,-0.4056009822782717
2021-01-01,47868.98046875,47984.359375,47771.1484375,47785.28125,82700,73.63923228953331,96.23102561223344,96.39907637047345,88552300,559.0520519966037,44060.4878125,37392.65030273437,1019.1539572958281,1.1678795882472703,0.0,0.006430475633400054,0.0,0.0024638548993238807,4.9496402877697845,1.601563107954722,0.33215397731615076,0.5392788387850946,-0.6619478685412007,-1.0720366332837912,-1.4084485842006527,2.2263808745056743,2.193683976038668,-0.02806033077724536,4.8658830767894035
2021-01-04,48176.80078125,48220.46875,47594.46875,48109.171875,13900,75.49761836716425,98.67568105462179,96.66979909033985,88566200,563.8340482825606,44209.87765625,37476.583955078124,1034.2669620216184,1.170343483044229,0.0,0.005417139878901452,0.0,0.006430475633400157,-0.8319226118500604,1.7117043264974559,0.6398330327456628,0.6997723574581455,-0.4009774226359985,-0.8910697680993053,-1.2897235594845073,2.1229008487967858,2.225532315465183,0.36034053756297146,-1.018938969407437
2021-01-05,48437.78125,48486.23828125,47903.37890625,48037.62890625,12200,76.97941838736604,98.64005463899781,97.84892043528434,88578400,565.1930001909492,44367.463515625,37565.877412109374,1055.14007192618,1.1668432896912453,0.0,-0.00544456516058939,0.0,0.005417139878901356,-0.12230215827338131,1.7674708681793705,0.8682350540683843,0.6767549173248143,-0.05859477552970479,-0.8064112186180759,-1.2328051855102216,2.0189494349372485,2.2465307618893724,0.24557078908492821,-0.30931704304841917
2021-01-06,48174.05859375,48616.66015625,47864.140625,48616.66015625,22500,72.22607254015531,88.01701007977309,95.11091525779754,88555900,578.5734666951671,44517.2346875,37662.40015625,1038.4315550061074,1.2010062751288095,0.0,-0.0016759700886085362,0.0,-0.005444565160589443,0.8442622950819672,1.470174971645111,-0.003042796603762996,-0.14515293596128087,-0.2720249160479518,-0.4397226613303187,-0.8529464572764236,1.685627595485962,2.261475789834175,-0.9785269907130906,0.636657926370675
2021-01-07,48093.3203125,48558.33984375,48037.87109375,48524.359375,18400,70.78501000213362,85.83110272569502,90.8293891481553,88537500,574.4231297883695,44676.19109375,37761.42560546875,1007.0661981740632,1.194392747383404,0.0,0.014330293724196691,0.0,-0.001675970088608536,-0.18222222222222217,1.3170696636738208,-0.24393469379272098,-0.2877327411537318,-0.7010149961748978,-0.5186183334526621,-0.8588227733876754,1.426821031332697,2.2600961619488515,-0.5003551421003415,-0.3872234011229908
2021-01-08,48782.51171875,48854.33984375,48365.578125,48464.91015625,22200,75.3129711354568,98.17289892816298,90.67367057787702,88559700,587.7514441784859,44841.399296875,37855.758359375,1025.993894622763,1.2048404714523513,0.0,0.00997916213409919,0.0,0.014330293724196697,0.2065217391304348,1.7228051598129157,0.540158960910355,0.6474994094419156,-0.3643583244796161,-0.1438531831334944,-0.7091524862804975,1.4995520512535283,2.2330960271632683,1.3233349472392149,-0.0022138090442443722
2021-01-11,49269.3203125,49303.7890625,48956.37890625,49252.30859375,21200,77.91652961936826,99.1776703580172,94.39389067062505,88580900,583.0032941478797,45028.336484375,37972.198759765626,1067.9647822862971,1.1832988367813293,0.0,0.005029277061837893,0.0,0.009979162134099218,-0.04504504504504503,1.9267384646774217,0.9642178787807304,0.6849356441148813,0.31815886830821705,-0.2189448535231315,-0.8661605658334169,1.5547084368271593,2.241708858790779,0.7854302347897394,-0.26144359662791733
2021-01-12,49517.109375,49569.140625,49079.5703125,49228.26171875,12700,79.12341637648578,98.58226985833342,98.64427971483785,88593600,576.3295097444598,45223.681640625,38086.41416015625,1108.4440664125796,1.1638997449948778,0.0,-0.0005006161064909699,0.0,0.005029277061837867,-0.40094339622641506,1.9598024130251648,1.1144436795179948,0.5859495684932793,0.9246197081151737,-0.3552895283185033,-1.002446570942097,1.5532890769844416,2.2279075971752644,0.14528420484955018,-0.5995190704377222
2021-01-13,49492.3203125,49795.19140625,49073.8515625,49763.9296875,27200,78.6602710450519,90.69855322824444,96.15283114819835,88566400,586.6873907448555,45421.246640625,38191.19686523438,1125.5492889740563,1.1854109628331149,0.0,0.0018556382721624898,0.0,-0.000500616106490992,1.1417322834645671,1.7985029045986265,0.9625262164379207,-0.07134137915017155,1.1317323433276356,-0.03769598950241153,-0.7260487413648122,1.2601368730516893,2.186955598990457,-0.49985112107444085,0.8917552496640329
2021-01-14,49584.16015625,49663.578125,49182.37109375,49432.828125,24500,79.14727314229197,92.02738998258612,93.76940435638797,88590900,579.1530793523658,45617.77828125,38289.383818359376,1133.4502994398936,1.1680203466738854,0.0,-0.011081931800769603,0.0,0.0018556382721623965,-0.09926470588235292,1.741680289798933,0.9854451837847422,0.03119938695779104,1.1771860222353365,-0.208546238232523,-0.8578733070289742,1.391573971268786,2.133750746071533,-0.21509807109649273,-0.3273666698762655
2021-01-15,49034.671875,49656.7109375,48795.7890625,49656.7109375,14700,69.00094399305718,68.79064615463533,83.83886312182194,88576200,599.2794218986254,45793.249140625,38385.47922851562,1082.8899142699374,1.22215444497379,0.0,-0.00959325974382285,0.0,-0.011081931800769551,-0.4,1.2823156388338,-0.8897112810504656,-1.7858745207198308,0.384935945959837,0.3666255709353139,-0.2107888593514403,1.2050891476364651,2.080541721130823,-1.7131069681767925,-0.5813487899944285
2021-01-18,48564.26953125,49122.23046875,48403.96875,49061.21875,16600,61.70789024856249,49.486798465605155,70.10161153427552,88559600,607.7781573880093,45952.21171875,38486.09897460938,993.4114777918367,1.2514924310699616,0.0,0.017173521589021894,0.0,-0.009593259743822857,0.12925170068027203,0.8792901711410854,-2.0135089683794023,-2.7458125433277014,-0.9370291683390497,0.5982714264581187,0.15967825251520715,1.003683286533729,2.0378737586433604,-1.4195894084460363,-0.06695292287910443
2021-01-19,49398.2890625,49499.859375,48805.5390625,48900.30859375,11000,68.13800562911521,81.96490854389094,66.74745105471045,88570600,631.1932778424372,46113.374296875,38585.74796875,978.5178337244652,1.2777634404378562,0.0,0.007972584450277488,0.0,0.017173521589021856,-0.3373493975903614,1.4283841245923432,-0.8664564044578601,-0.48640853861065664,-1.099135103947376,1.1867771245584349,0.47635059865936796,1.0447479233335726,1.9957175157617113,1.611138196478763,-0.5272211092622703
2021-01-20,49792.12109375,49874.421875,49373.6796875,49508.7890625,12200,70.64477501250059,96.39024239807561,75.94731646919055,88582800,621.8753428179773,46271.355546875,38693.38202148437,987.1146240993257,1.248943264833191,0.0,-0.0033611617927440988,0.0,0.007972584450277598,0.10909090909090913,1.6148969652154685,-0.416881821496061,0.4969837752143968,-0.9200918206330979,0.8788185529527699,0.14387179826991311,1.0974695738421874,1.9665702979429476,0.5593297627426405,-0.0908909360270953
2021-01-21,49624.76171875,50184.01171875,49398.859375,50096.5703125,19300,68.18959560195394,78.40352499460721,85.58622531219123,88563500,633.5379857416932,46411.9021875,38803.55108398438,969.2502262551279,1.2766569829237489,0.0,-0.015037304571440402,0.0,-0.0033611617927441495,0.5819672131147542,1.3846814874227429,-0.7775801030289775,-0.6884626555274994,-1.099641508783987,1.1190300427878868,0.4562642426486559,0.8570850132370665,1.940298987878107,-0.6586783232396864,0.36095648032671995
2021-01-22,48878.5390625,49676.87890625,48832.078125,49594.94921875,18400,58.43750127349,43.72650015912118,72.84008918393465,88545100,648.628185420858,46523.92,38897.60772460938,884.6805832717291,1.3270204017175518,0.0,-0.010862624557396979,0.0,-0.015037304571440369,-0.04663212435233166,0.760470877195659,-2.1371593141863827,-2.5767754877835403,-2.0635932575417297,1.4063104140871359,0.9893789672047496,0.6247747100055092,1.8940056641282512,-1.8225109978098002,-0.2713683706897804
2021-01-25,48347.58984375,49263.1484375,48274.921875,49253.6796875,15500,52.666113104184326,20.839486299582244,47.656503817770194,88529600,672.8852123550824,46618.998359375,38989.875869140626,765.985562535192,1.3917657830094872,0.0,-0.019394144760479997,0.0,-0.01086262455739695,-0.15760869565217395,0.2956835060005992,-2.5628377730017182,-3.091959394730918,-2.970246025710963,1.8379761462941557,1.594960788705953,0.40773869907057775,1.8505258144876289,-1.2894362721125452,-0.3443609261258695
2021-01-27,47409.9296875,48387.25,47269.6015625,48385.28125,19600,44.3380760237737,4.814975157119325,23.126987205274236,88510000,704.654014151148,46700.053125,39071.127421875,589.4626071856619,1.4863004834553373,0.0,-0.01129658525186987,0.0,-0.01939414476047996,0.26451612903225796,-0.5138354354217117,-2.969464861604107,-3.056519564375199,-3.5982756457522447,2.291557106776082,2.289922345660781,0.1277139821476474,1.7988545253126933,-1.946159926810478,0.05975689119070659
2021-01-28,46874.359375,47172.01953125,46518.48046875,46834.5703125,25000,40.40772368121972,9.708794768834668,11.78775207517873,88485000,717.9965287653516,46768.6803125,39152.04912109375,401.72006616040744,1.5317468619065295,1.0,-0.012556754942317545,0.0,-0.011296585251869828,0.2755102040816326,-1.0023090922445141,-2.8083307128680643,-2.4497409747271677,-3.6703946314976874,2.27940282793018,2.3680955319033306,-0.24053405850956783,1.7535663432853024,-1.106957446909727,0.058033585339769045
2021-01-29,46285.76953125,47423.66015625,46160.4609375,47423.46875,14500,36.570904799114565,3.114378333037225,5.879382752997059,88470500,756.9395780499693,46815.341484375,39231.57891601563,203.09728931826976,1.635361333981752,1.0,0.050011912239832756,0.0,-0.01255675494231756,-0.42000000000000004,-1.4743081373375004,-2.6743920448816176,-2.3301124073030706,-3.5576094458197183,2.6344413190549525,2.739940056611988,-0.4986722237031103,1.7124902765300782,-1.143576253201655,-0.6327093141662403
2021-02-01,48600.609375,48764.3984375,46433.6484375,46617.94921875,22000,54.76332435919186,60.64664198774986,24.489938363207234,88492500,879.9173872071143,46903.75265625,39321.568916015625,229.8262432673946,1.8105069021207398,1.0,0.02463157129909958,0.0,0.05001191223983281,0.5172413793103448,0.43994536614636387,-1.0412412839638328,-0.4386576759416301,-2.823219953685001,3.605139332139441,3.2030922308344385,-0.266572245135496,1.6883112217302707,3.4431630808652596,0.30039603140112964
2021-02-02,49797.71875,50154.48046875,49193.26171875,49193.26171875,28400,60.99394787746145,90.39920235255512,51.38674089111405,88520900,928.0569376744633,47027.7078125,39412.61390625,343.64453347519157,1.863653518615174,1.0,0.009197835995248276,0.0,0.024631571299099653,0.290909090909091,1.360685221707539,-0.45875521603128655,0.5362305137045774,-2.0984545764196807,3.324546900020324,2.905613580541957,0.08145854791420024,1.6678030869209934,1.5272338147998272,0.05559405228664753
2021-02-03,50255.75,50526.390625,49515.87890625,50231.05859375,22400,63.08876157839161,93.80107687545072,81.6156404052519,88543300,933.9465648941444,47155.1778125,39505.65265625,465.4403359630742,1.8583874778391418,1.0,0.0071342893599239884,0.0,0.00919783599524826,-0.21126760563380287,1.6845792556832309,-0.29254098645987925,0.601142425798204,-1.506268016903662,2.7873111326949522,2.475454527330493,0.3628526046851119,1.6521678160927373,0.4309861421799536,-0.4141834456955848
2021-02-04,50614.2890625,50687.51171875,49926.44921875,50212.25,33600,64.6874665935986,98.38255279677287,94.1942773415929,88576900,921.5977031159912,47285.920625,39605.540546875,584.1616410636852,1.8208251467840937,1.0,0.002318314569332493,0.0,0.007134289359923995,0.5,1.8890366935916267,-0.1604112750270684,0.7051306553228527,-1.0086036203761357,2.3200257747787703,2.062861146995875,0.8777444338522103,1.6463146932767436,0.2861594548509587,0.28877952382642597
2021-02-05,50731.62890625,51073.26953125,50565.2890625,51031.390625,32200,65.21841557614573,93.0459203023983,95.07651665820727,88609100,892.0536149469918,47410.0928125,39702.3009375,679.8802392500438,1.75837763182308,1.0,0.012164809967770815,0.0,0.0023183145693324025,-0.04166666666666663,1.8609319616227045,-0.11428636843271794,0.5080975288207696,-0.6303393029251196,1.8626846803722046,1.6489299627368714,1.4058964168386456,1.638626154233884,-0.053227657583220594,-0.2793779714128785
2021-02-08,51348.76953125,51523.37890625,51146.671875,51146.671875,20600,67.94803378714366,96.74413489041865,96.05753599652992,88629700,884.8890710222067,47560.506171875,39799.729384765626,796.3561111709787,1.7232916759255117,1.0,-0.00038348350758465866,0.0,0.012164809967770918,-0.36024844720496896,2.1655163575090395,0.12988313635126722,0.6275245010390237,-0.19729794172602902,1.6531345358685643,1.4015349505947197,1.723987186130074,1.633820281995262,0.6765719722738098,-0.5784413789323279
2021-02-09,51329.078125,51835.859375,51193.9296875,51484.23046875,21200,67.76529230596637,91.07056084994032,93.62020534758574,88608500,867.5348293420492,47701.89296875,39899.738671875,876.9660284318743,1.6901430164581768,1.0,-0.0003835545215142124,0.0,-0.00038348350758465877,0.029126213592232997,1.9455578562014546,0.12245217962926129,0.45228672588300844,0.10133698597918203,1.4063912192981374,1.1883733230182996,1.2754948701124036,1.6337015655462968,-0.2351719833900657,-0.1953310839955099
2021-02-10,51309.390625,51512.859375,50846.21875,51355.890625,16000,67.56962858841571,90.7236689054045,92.8461215485878,88592500,853.1852433176172,47845.08640625,39997.57022460937,928.5575188393341,1.6628247440185169,1.0,0.004329205697909222,0.0,-0.00038355452151417335,-0.24528301886792447,1.76103681080205,0.11907550679453396,0.4486290240505658,0.29447187553766135,1.2104070203100281,1.0143414919983182,0.908432280384685,1.632557479764996,-0.22060863007071038,-0.45364458214521136
2021-02-11,51531.51953125,51592.44921875,51157.30859375,51165.83984375,12100,68.66883369412221,94.63755986295016,92.14392987276499,88604600,823.3249134377874,47982.60796875,40094.65522460938,976.1160349695201,1.597711305482662,1.0,0.00024802781125538384,0.0,0.0043292056979091775,-0.24375000000000002,1.762405146682174,0.23136944241459279,0.5817749103109506,0.47080658877341897,0.9271923187282312,0.712762162093842,1.1480650733618345,1.6324905006850687,0.1262088627678883,-0.43496528496354436
2021-02-12,51544.30078125,51804.578125,51260.62109375,51614.76953125,15100,68.73450038361136,94.86276431583136,93.40799769472865,88619700,803.3700647100883,48121.133203125,40188.77592773437,1003.272738091815,1.5586011499496875,1.0,0.011831145553570763,0.0,0.0002480278112553247,0.24793388429752072,1.6288283959582548,0.25123082016465326,0.5895309816476665,0.5709205415543865,0.7288323415151778,0.5188529426146868,1.463821217796327,1.6305505373413611,-0.17772918217930805,0.050523157658332984
2021-02-15,52154.12890625,52235.96875,51886.4609375,51907.75,14700,71.77421867448808,98.65295467842837,96.05109295240328,88634400,795.3913435700821,48271.5628125,40280.958466796874,1061.7633076253187,1.525078378741294,1.0,-0.0009578729871953301,0.0,0.011831145553570677,-0.026490066225165587,1.874283257029593,0.5341126492658285,0.7101014616217094,0.7741551907297455,0.6205419345814128,0.3459402309091492,1.6800695210522185,1.6288691727911029,0.6556223882939354,-0.14290048789843823
2021-02-16,52104.171875,52516.76171875,51863.609375,52400.03125,21100,71.16383743311908,93.50896287087185,95.67489395504386,88613300,785.2314150115047,48412.055234375,40382.902578125,1091.504209380917,1.5070413495781227,1.0,-0.007683525821318891,0.0,-0.0009578729871952962,0.435374149659864,1.6816953716086087,0.4963793881324069,0.5490680032575159,0.8695332816609405,0.4982736617541033,0.2335683872380147,1.1051933357881847,1.638858767319068,-0.27021363793845493,0.9423292302820911
2021-02-17,51703.828125,52078.1484375,51586.33984375,51996.94140625,13600,66.29803495654338,87.21058644442984,93.12416799790999,88599700,766.1314590285401,48537.592421875,40484.15416992187,1070.4304377149965,1.481769313437157,0.0,-0.007332855854181494,0.0,-0.007683525821318926,-0.35545023696682465,1.3156350615989536,0.08416208539329742,0.3567731173744542,0.7911525993064068,0.30900579633195396,0.08981498519416313,0.758799484737536,1.648051805957174,-0.7279365196122501,-1.0838742171162874
2021-02-18,51324.69140625,51903.9609375,51186.6796875,51903.9609375,18200,61.97620594998948,80.40361477116788,87.04105469548983,88581500,762.6421583836444,48651.916015625,40582.348876953125,1011.4764859087736,1.4859166952356475,0.0,-0.008474082855314294,0.0,-0.00733285585418153,0.33823529411764697,1.001046353250727,-0.28980813958689206,0.1398617330509291,0.5849213607764353,0.23945543591668625,0.0689125203403727,0.31064996407236567,1.6535997612774553,-0.6955894117025981,0.790656322832457
2021-02-19,50889.76171875,51432.98828125,50624.328125,51238.01953125,15000,57.357059899575475,51.04558447419889,72.88659522993218,88566500,765.9291582312413,48747.64125,40679.58078125,919.0654490416855,1.5050751513914826,1.0,-0.0225082878670263,0.0,-0.008474082855314258,-0.17582417582417587,0.6685261126520511,-0.6801556204675033,-0.7895515652620393,0.26571411966065583,0.22092757268565621,0.10919029069385541,-0.06524430458895422,1.6579165363030777,-0.7555803132077847,-0.6193294672903326
2021-02-22,49744.3203125,50986.03125,49617.37109375,50910.51171875,16300,47.3483126239172,7.612473412771762,46.353890886046166,88550200,808.9813723754385,48823.330078125,40770.08888671875,744.8157159658585,1.626278874237937,1.0,0.00014252569349547286,0.0,-0.0225082878670263,0.08666666666666667,-0.1042212084374507,-1.4961709430538905,-1.9856541974957613,-0.32925183555262555,0.5261014319877778,0.5901035759269498,-0.4432976580641796,1.6555207931705325,-1.6236887830309266,0.1117960390531014
2021-02-23,49751.41015625,50327.30859375,49659.8515625,49994.8515625,14900,47.409484069317614,4.623008067427961,21.09368865146619,88565100,798.8724908664786,48896.378046875,40861.039833984374,600.372913017949,1.6057283368602582,1.0,0.020708583872583387,0.0,0.00014252569349548772,-0.08588957055214719,-0.11048159852097504,-1.391191962584922,-1.8757937123519233,-0.796446891885344,0.39302783672186853,0.44956990934926694,-0.07835112961928982,1.652977942047711,-0.019593081432643936,-0.35869157012798203
2021-02-24,50781.69140625,50881.171875,49648.78125,49763.94140625,45900,55.50037923182475,40.15741454292659,17.464298674375424,88611000,829.838071876016,48986.94265625,40958.0926953125,562.5512963149667,1.63412846027,1.0,0.00507303282671466,0.0,0.02070858387258334,2.0805369127516777,0.5427520139106555,-0.6022473566537502,-0.7833406631578588,-0.8728034100529121,0.6109363361298051,0.5301278519819796,0.9844204596220683,1.6561483282244818,1.346980222335116,3.8196624030109168
2021-02-25,51039.30859375,51386.12109375,50991.76171875,51207.609375,33500,57.270569577878426,49.04263288083164,31.274351830395386,88644500,813.7374729920149,49082.465390625,41053.24619140625,547.0587933845381,1.5943348282183838,1.0,-0.03799660234303172,0.0,0.005073032826714563,-0.27015250544662306,0.674494922339181,-0.38424454390853696,-0.48477071316654063,-0.8691581079767667,0.41533084263204184,0.28660905964407507,1.625924870191783,1.6563896008426113,0.268452290583805,-0.7321315043837688
2021-02-26,49099.98828125,50400.30859375,48890.48046875,50256.7109375,23100,43.304940591628586,5.777483820373833,31.65917708137734,88621400,909.1010909925852,49131.1359375,41143.1316796875,373.9828895970568,1.8515301587958772,1.0,0.015271929561464859,0.0,-0.037996602343031705,-0.31044776119402984,-0.5850457165753383,-1.6594143758948037,-1.6107567639001887,-1.4058473547552097,1.2491982322294726,1.5058983603633018,1.0692360603555442,1.6509281920609107,-2.3143315019942725,-0.7945232035840172
2021-03-01,49849.83984375,50058.421875,49440.4609375,49747.7109375,18400,48.53111824258805,26.455735472807024,27.09195072467082,88639800,912.6248411895434,49190.3259375,41236.8922265625,293.9374156655904,1.8307477898626894,1.0,0.008967948195044194,0.0,0.015271929561464948,-0.20346320346320346,-0.11371801702828621,-1.0645191284170255,-0.9690491280973341,-1.5711110243931288,1.2197270409786114,1.326715088244465,1.377066375261692,1.6502438002301036,0.8878885987664313,-0.5931255623148824
2021-03-02,50296.890625,50439.8203125,49807.12109375,50258.08984375,17500,51.40704926938142,38.783813479718376,23.672344257633068,88657300,892.6301538724331,49257.049921875,41338.23177734375,263.53618170884147,1.7747223392548097,1.0,0.02281965740302659,0.0,0.008967948195044206,-0.048913043478260865,0.14468610314165814,-0.7392239533154283,-0.6127189406526261,-1.5480451762788323,0.9685475134942328,0.9755381525498114,1.602669859578285,1.6572428519579014,0.46811573196325557,-0.25685665679057196
2021-03-03,51444.6484375,51539.890625,50512.83984375,50738.2109375,15800,57.909744221101164,70.4349109366517,45.22481996305902,88673100,917.6565714529736,49374.863671875,41444.47416992187,328.2733175637186,1.7837745991555034,1.0,-0.011635229915648113,0.0,0.022819657403026605,-0.0971428571428572,0.8581783581664889,-0.06855927430043848,0.27672338452630135,-1.232009934730181,1.171633473918837,0.9723962422812403,1.7495065950150719,1.6680183396136776,1.2848420046855302,-0.37855360970503543
2021-03-04,50846.078125,51256.55078125,50539.921875,50812.140625,21800,53.86166083972671,53.92846063029447,54.382395015554835,88651300,916.7329993849041,49471.65140625,41544.61151367187,327.5030906116881,1.8029571467266514,1.0,-0.008668472156622208,0.0,-0.011635229915648138,0.379746835443038,0.4374779188792732,-0.42573675890073387,-0.1462227203715013,-1.1535097277295576,1.1179723062376485,1.0436379777863771,1.2533794151721556,1.6697160394640234,-0.7454741395296517,0.6067036327608599
2021-03-05,50405.3203125,50886.19140625,50160.5390625,50517.359375,19200,51.03276824444915,41.773920424677485,55.37909733054121,88632100,903.0843811252681,49550.87421875,41641.97361328125,288.00724011522834,1.7916449603462048,1.0,0.0007092505270943466,0.0,-0.008668472156622253,-0.11926605504587151,0.12940641622372773,-0.663398473231681,-0.45699362714543157,-1.2034899412870108,0.923202665028057,0.9391562912273799,0.8462143001435432,1.6665650585263463,-0.5550637102265057,-0.39893312542611264
2021-03-08,50441.0703125,50985.76953125,50318.26171875,50654.01953125,14200,51.25639054652259,48.6433925663231,48.115257873764996,88646300,886.2574833663203,49620.22484375,41740.816015625,256.63291576484335,1.7570156181771057,1.0,0.011585998326946187,0.0,0.0007092505270942517,-0.26041666666666663,0.12023988222763164,-0.6116477358037339,-0.26697418178574445,-1.2209812842850756,0.6736546161097582,0.6659251087835307,1.0350890723610424,1.664615568752677,-0.028521225216559733,-0.68018789110645
2021-03-09,51025.48046875,51111.94140625,50396.1015625,50714.16015625,12200,54.88358265943095,70.84831052134226,53.75520783744761,88658500,874.0847948222975,49693.659453125,41842.8969140625,275.7469143847338,1.71303589264117,1.0,0.004978517549787281,0.0,0.011585998326946179,-0.14084507042253525,0.46472770350114545,-0.2483614317734767,0.323203501998343,-1.0830904320491963,0.45749586442100626,0.2911317063816235,1.1743165067038266,1.6656133909856148,0.5859871971628561,-0.42810684793407017
2021-03-10,51279.51171875,51430.4296875,51048.9296875,51404.6796875,9300,56.40227828417276,90.17219339799985,69.88796549522172,88667800,840.5751108171333,49766.988125,41941.26836914063,307.84445558967127,1.6392026418414256,1.0,-0.009505425800920278,0.0,0.004978517549787176,-0.23770491803278693,0.5926031974353212,-0.13805689588624176,0.82914202565664,-0.9311545695605102,-0.12218963567469152,-0.33556850316534487,1.2641920783247642,1.6628273883552869,0.13993552573625498,-0.5962386719585212
2021-03-12,50792.078125,51821.83984375,50538.4296875,51660.98046875,12200,52.73417711500984,64.87084703662444,75.29711698532216,88655600,872.2061854909095,49827.9053125,42034.22581054687,290.6003113845363,1.7172090957656785,1.0,-0.007816179503878097,0.0,-0.009505425800920286,0.31182795698924726,0.155656836124149,-0.6045740232399046,0.015463372750672572,-0.9656516656494922,0.33679222405427495,0.25135812578730554,1.0003700982852448,1.6552611125041063,-0.772328582658616,0.5625533467542767
2021-03-15,50395.078125,50834.78125,49799.0703125,50773.46875,17600,49.88838088047127,51.3276423587606,68.79022759779495,88638000,883.8850963487017,49880.7803125,42124.080703125,242.10874186331785,1.7539115509580365,1.0,-0.0006174648131870517,0.0,-0.00781617950387814,0.4426229508196722,-0.42335209817259684,-1.0727316486324743,-0.49279378348768715,-1.1320456326967487,0.49319905170373113,0.5220830939142557,0.6243754852073803,1.646292718471682,-0.6819953569555407,0.7831022585735237
2021-03-16,50363.9609375,50857.98046875,50289.44140625,50608.421875,100,49.662160489139254,50.266114803818624,55.48820139973454,88637900,861.3603796452231,49930.679921875,42209.38291015625,198.87541469583084,1.7102713202286506,1.0,-0.01116552060803647,0.0,-0.0006174648131870297,-0.9943181818181818,-0.6042241668780051,-1.061928247621735,-0.5146958250977064,-1.263505098122507,0.08476717327724972,0.1917246120740719,0.5885989231831992,1.6341326089618349,-0.14455347886359302,-2.0309370887677742
2021-03-17,49801.62109375,50561.12109375,49718.6484375,50436.01953125,100,45.63487508003232,31.082528903505732,44.22542868869497,88637800,860.0112565455644,49963.176328125,42289.263359375,117.87774445410469,1.7268740206802105,1.0,-0.011748644916569373,0.0,-0.011165520608036439,0.0,-1.3725028854528316,-1.4364342584436205,-1.081081967365383,-1.459125587271961,0.10533731376536942,0.38436886825755856,0.5433542670295538,1.6183813777556475,-0.9007155010366001,-0.028304769412291774
2021-03-18,49216.51953125,50296.3515625,48962.359375,50161.25,12600,41.833601396804525,11.122452786942917,30.82369883142241,88625200,893.867037328024,49978.75109375,42364.79826171875,6.399926664103987,1.8161931112590433,1.0,0.013038686118235993,0.0,-0.01174864491656935,125.0,-1.9888478802523646,-1.7139376754913682,-1.6032492284873046,-1.6746121458821162,0.8111903316718021,1.1991271573057722,0.11220730597033905,1.600604925890547,-0.887373075054764,5.2933961122448325
2021-03-19,49858.23828125,50003.578125,48586.9296875,48881.19140625,17500,47.04372313864087,39.29965694082018,27.168212877089598,88642700,931.2085659117366,50012.4346875,42444.18595703125,-29.82193829004973,1.8677125346042014,1.0,-0.0017439288219435276,0.0,0.013038686118235887,0.38888888888888884,-1.1116105815416881,-1.0577788779558868,-0.6446811423011812,-1.6373180057251173,1.5354015176219344,1.61089697247337,0.6133008774340802,1.5892159269461712,1.0589416001686565,-0.16628393973795783
2021-03-22,49771.2890625,49878.76953125,49281.01953125,49878.76953125,11600,46.43678630964074,36.61181664386448,29.01130879054251,88631100,907.3900969180412,50045.9940625,42521.6062109375,-64.7971611795947,1.8231195414259647,1.0,0.005628794211019939,0.0,-0.001743928821943519,-0.3371428571428572,-1.152065001324407,-1.0519843369540516,-0.6809917386457126,-1.592978888821401,1.044527904545454,1.1817312293689197,0.21301104835818893,1.5777058829315773,-0.0933212260087275,-0.19764579053217715
2021-03-23,50051.44140625,50264.6484375,49661.921875,49876.2109375,13400,48.73189031074869,45.27209869864527,40.39452409444329,88644500,885.628415888181,50071.37265625,42600.01052734375,-69.11263703402074,1.769436385857194,1.0,-0.017404749753944557,0.0,0.005628794211020027,0.15517241379310343,-0.7575345731586143,-0.7439658168584689,-0.34560768279376525,-1.4802212308537395,0.6176479864851652,0.7034244204833036,0.6298439055668026,1.5692469504061959,0.5110559524379736,-0.17685593401746205
2021-03-24,49180.30859375,49854.578125,49120.33984375,49786.46875,9200,42.61694159467199,18.342979482863342,33.40896494179102,88635300,888.8764977890253,50069.592421875,42676.12861328125,-141.19817567172868,1.8073829205333347,1.0,-0.015050485065359382,0.0,-0.01740474975394457,-0.31343283582089554,-1.6654632800784106,-1.3449028502873412,-1.1887707817297597,-1.540479144762262,0.6628847696006345,0.9761577223603355,0.30383637632505694,1.5599253792429935,-1.2455640288063825,-0.19686895044405806
2021-03-25,48440.12109375,49247.94921875,48236.3515625,49201.98046875,14300,38.22760660694519,5.683173818070891,23.099417333193156,88621000,897.6422948219521,50048.05265625,42747.09396484375,-255.1126498104204,1.8530967193180088,1.0,0.011733639252263043,0.0,-0.015050485065359331,0.5543478260869565,-2.225071134375169,-1.7078092630789843,-1.5094467326775685,-1.685464895060297,0.7954344143541562,1.2687507676564596,-0.19613287229319207,1.5469439702264225,-1.006480687295177,-0.16005153548931347
2021-03-26,49008.5,49234.66015625,48699.91015625,48969.25,10600,43.07594748653608,21.53537752550701,15.187176942147067,88631600,890.2777782275269,50038.37625,42824.444609375,-296.11384757082124,1.816578304227893,1.0,0.02301800963098238,0.0,0.011733639252263117,-0.25874125874125875,-1.492993256770179,-1.104844465094638,-0.9125271584025144,-1.655551899710135,0.6112162179739097,0.9095963917105794,0.12717317681592424,1.5432858356209254,0.9998866993742443,-0.1956596478860684
2021-03-30,50136.578125,50268.44921875,49331.6796875,49331.6796875,10500,51.253576180799094,52.99770668438857,26.73875267598881,88642100,916.6828811219893,50049.424609375,42906.223046875,-234.87363815151912,1.8283714513513967,1.0,-0.012514409857324103,0.0,0.02301800963098244,-0.009433962264150941,-0.2565738414881357,-0.09954331795786898,0.24793635990914228,-1.4136058392810156,1.0471081537333984,0.9411680179513153,0.45308932731073,1.5462257076135082,1.6962530636128692,-0.18434588126956025
2021-03-31,49509.1484375,50050.3203125,49442.5,50049.12109375,11900,47.19272390249124,35.4985646350033,36.677216281632944,88630200,900.7825413989901,50058.914140625,42987.62478515625,-234.26816552212404,1.8194264491059295,1.0,0.010516837876080667,0.0,-0.012514409857324105,0.1333333333333333,-0.8904745308076482,-0.5587857925478531,-0.3403050399677862,-1.3420804064183052,0.6883720130667016,0.813539086602088,0.0597948302572323,1.5500804294254598,-0.7766478639412467,-0.17833131635891433
2021-04-01,50029.828125,50092.48046875,49478.53125,49868.53125,8500,50.68465262022311,50.02042739558877,46.17223290499353,88638700,880.2944469240622,50088.2253125,43069.74783203125,-189.58836812848313,1.759539218732949,1.0,-0.017399776196013066,0.0,0.010516837876080709,-0.2857142857142857,-0.23219922095317597,0.020310387404029715,0.3094341987139922,-1.1819389993197535,0.23338257195549347,0.2515395552864118,0.3168137581931097,1.5552960324864546,0.8302932769992597,-0.19560239183578135
2021-04-05,49159.3203125,50028.671875,48580.80078125,50020.91015625,12700,45.292251008501,35.20592665878949,40.24163956312717,88626000,920.9182252687721,50083.4459375,43148.00482421875,-221.86449631718278,1.8733339261295792,1.0,0.0008557952435583728,0.0,-0.017399776196013073,0.49411764705882355,-1.257511246914716,-0.8302616027971483,-0.25974921185445043,-1.2330048377113356,1.0317458774954096,1.2424725269266041,-0.14128250860907976,1.5565470543143671,-1.0956320198846152,-0.16271507606102215
2021-04-06,49201.390625,49582.26171875,48936.3515625,49441.12890625,9600,45.59351289357526,36.810666078609884,40.67900671099603,88635600,901.2747917674312,50071.631328125,43222.9715234375,-241.26765448420338,1.8318075573040395,1.0,0.009356871582326337,0.0,0.0008557952435583882,-0.2440944881889764,-1.1350112685938734,-0.7364087403122345,-0.12923148409691276,-1.2615399610313394,0.5577125771650215,0.8182872888682633,0.1316088461965768,1.5550278226524055,0.1501279143802781,-0.19418319449748087
2021-04-07,49661.76171875,49900.12890625,49093.8984375,49277.08984375,9800,48.9090673584678,61.314041546457055,44.443544761285466,88645400,894.4859115519004,50072.371328125,43297.6216796875,-216.99531047564233,1.8011562228050875,1.0,0.0017004877762545395,0.0,0.009356871582326232,0.02083333333333326,-0.48106790359914553,-0.025317190678593858,1.0147254536769283,-1.162055565702702,0.3331097371970708,0.44115623037759505,0.4332688145198664,1.5544651289788958,0.6960607969264786,-0.18287280513126153
2021-04-08,49746.2109375,50118.078125,49581.609375,49885.26171875,21800,49.51681668477375,73.29414441747574,57.13961734751422,88667200,868.913257155336,50089.724765625,43371.7961328125,-188.76894589086442,1.7466923425525187,1.0,-0.0031136165364353285,0.0,0.0017004877762545334,1.2244897959183674,-0.36757772615480105,0.0860344973388216,1.4812919353856118,-1.0262881876509369,-0.5107031169331894,-0.31002217017894207,1.4359206114700833,1.5551599280348445,0.11576768925227887,-0.13182907607405198
2021-04-09,49591.3203125,49906.91015625,49461.01171875,49743.390625,8900,48.38007605851868,66.67832846677445,67.09550481023574,88658300,838.6979128942406,50114.599375,43442.6005859375,-176.85900701799255,1.6912191641786927,1.0,-0.034440329386017494,0.0,-0.003113616536435382,-0.591743119266055,-0.5667872295595585,-0.15747500170967696,1.1100408534220878,-0.9326660023741817,-1.6723823956604251,-1.1616087619311706,1.1319406017142515,1.5536894337169183,-0.22326743046105774,-0.21066154264277748
2021-04-12,47883.37890625,48956.6484375,47693.44140625,48956.6484375,19100,38.01643109030708,7.376191213012096,49.11622136575408,88639200,914.3536981339377,50124.068359375,43507.672578125,-301.7584091743702,1.9095429750772897,1.0,0.013797683091528123,0.0,-0.03444032938601749,1.1460674157303372,-2.4611348971283302,-2.0850526950702624,-1.6650292981607449,-1.3373327351461624,0.937842075996779,1.8333428925536728,-0.2436396045283328,1.5469997905011041,-2.220859312957757,-0.13312032776818997
2021-04-13,48544.05859375,48627.4296875,47775.3203125,47991.53125,10000,43.0945462053891,33.03357696123495,35.69603221367382,88649200,909.9076750529421,50157.46234375,43576.18236328125,-343.4714311296484,1.8743955520235216,1.0,0.005348153847676551,0.0,0.013797683091528068,-0.47643979057591623,-1.5448332201844253,-1.0238844849197821,-0.44051399137359654,-1.4349483250456887,0.7622276289841216,1.3422323834726257,0.47766932058915856,1.5467547164245274,1.0307832133495736,-0.20389701445881578
2021-04-15,48803.6796875,48887.8515625,48010.55078125,48512.76953125,16100,45.00137414041716,43.11591894442068,27.841895706222562,88665300,907.5786112098748,50207.820546875,43644.3444140625,-351.52785474270786,1.8596520119410815,1.0,0.000580930837214343,0.0,0.005348153847676507,0.6100000000000001,-1.2067615285528315,-0.6502848060538666,-0.030090628307141692,-1.3761360035285222,0.6642030126682608,1.094303739905852,1.5495791168357056,1.5483308188186822,0.4122317562058475,-0.15768036586355225
2021-04-16,48832.03125,49089.55078125,48694.48828125,48935.73828125,11900,45.217259442603364,44.21694715732052,40.1221476876587,88677200,870.9703175520266,50212.448984375,43713.69697265625,-351.57218900089356,1.7836045219847916,1.0,-0.018074394048476123,0.0,0.0005809308372144439,-0.26086956521739135,-1.1080635757936088,-0.5791747866797734,-0.005080851929433383,-1.2862592910102948,-0.8702614653200635,-0.10521376888395666,2.135557117137735,1.553246832810995,0.09177380497534993,-0.19575765062743172
2021-04-19,47949.421875,48020.7890625,47362.7109375,47940.80859375,10500,39.95878537389755,20.191458442279487,35.84144151467355,88666700,913.7096029054532,50175.483046875,43778.865078125,-418.0079886162712,1.9055695922412061,1.0,-0.005080793140428244,0.0,-0.018074394048476106,-0.11764705882352944,-1.9120931716952514,-1.5303466666076313,-1.1470683505585761,-1.4451963256111753,0.9461642137041079,1.7066680258748863,1.3770475529335768,1.553734237858615,-1.256448514666829,-0.1893771625147209
2021-04-20,47705.80078125,48478.33984375,47438.5,48473.0390625,11600,38.62360677502758,11.807320912687583,25.405242170762516,88655100,922.7189058229208,50124.4840625,43840.3218359375,-484.7293662936572,1.9341859704943485,1.0,0.007857977177008988,0.0,-0.005080793140428197,0.10476190476190483,-2.018394240030176,-1.7112946913227802,-1.4496918837271602,-1.5974535297757126,1.3132990748625089,1.928056304117616,0.6912525519350694,1.5500768109022582,-0.21369017320800615,-0.17993584523513806
2021-04-22,48080.671875,48143.16015625,47204.5,47501.7109375,15800,41.84375026918486,30.072022695461445,20.690267350142822,88670900,923.8575665677121,50073.81171875,43901.50669921875,-501.5757217668943,1.9214739115325892,1.0,-0.004205903294690596,0.0,0.00785797717700909,0.3620689655172413,-1.5046083545933782,-0.9899027306763774,-0.5273978704355328,-1.5616851715902915,1.3349008464959893,1.6096753003282136,1.6561490069190885,1.5473862502968043,0.7790747163379295,-0.168632975213364
2021-04-23,47878.44921875,48265.390625,47669.55078125,47863.80859375,11200,40.606100715698254,23.131324777845112,21.67022279533137,88659700,900.4277292235898,50016.748125,43960.7918359375,-525.1901925448765,1.880653496335398,1.0,0.010611507020177968,0.0,-0.004205903294690616,-0.2911392405063291,-1.5822432812538676,-1.1641363388070223,-0.823661977059595,-1.5518570731891688,0.3558717997897687,0.9950362495669441,0.8591364986411945,1.5435316589060586,-0.2083023760508003,-0.19699823764485794
2021-04-26,48386.51171875,48667.98046875,48152.23828125,48197.37109375,15200,45.00704770131826,40.56907582493605,31.257474432747518,88674900,892.5065521361905,49957.50296875,44020.28798828125,-497.177282840501,1.8445358436333406,1.0,0.011524470073214974,0.0,0.01061150702017799,0.3571428571428572,-0.9898586388175653,-0.21803665641224348,0.024501753924486138,-1.3561444711526438,0.014169428253469691,0.4738444536277358,1.7029468509751455,1.5411089912005844,0.9522383772649234,-0.1695202887589449
2021-04-27,48944.140625,49009.26171875,48399.53125,48424.078125,10100,49.43560187779256,59.70804798652859,41.1361495297699,88685000,873.2382269836055,49909.80421875,44081.63609375,-425.0807908887509,1.784152741947557,1.0,0.01613470394343041,0.0,0.011524470073214887,-0.3355263157894737,-0.3600873184003477,0.7917652099090332,0.9840290975337372,-1.0096851652392524,-0.7946430927081741,-0.38080568541238446,2.1075009729021255,1.5416641057487304,1.0255101491006582,-0.19958360193081326
2021-04-28,49733.83984375,49801.48046875,49066.640625,49066.640625,14300,54.966455565458155,86.81215108141299,62.3630916309592,88699300,872.1026281812052,49878.293203125,44148.660234375,-300.75476075972983,1.7535397043966665,1.0,0.0006454672030322664,0.0,0.016134703943430306,0.41584158415841577,0.6110431812250738,2.078823810867426,2.3541544156161143,-0.43131226324988975,-0.955768192883473,-0.9447131531994655,2.5693190626004156,1.5502141688993292,1.3266128143870861,-0.16763836226798953
2021-04-29,49765.94140625,50375.76953125,49535.98046875,50093.859375,13200,55.181069522948434,80.77022091655427,75.76347332816528,88712500,869.7945163468333,49842.981640625,44213.801484375,-197.36011381237768,1.7477706474926598,1.0,-0.019764160055183323,0.0,0.0006454672030322683,-0.07692307692307687,0.7308945474958635,2.0383678048081806,1.941315847246991,0.13112308029724148,-1.052750428574493,-1.07036251876828,2.7126101896317776,1.5557573276309034,0.09759599311910226,-0.18865050384600301
2021-04-30,48782.359375,49569.421875,48698.078125,49360.890625,19400,47.68292481804999,49.754817729985405,72.44572990931755,88693100,883.9422852684881,49787.7428125,44274.741640625,-192.5661779412403,1.812012162989991,1.0,-0.0013086665870186808,0.0,-0.019764160055183333,0.4696969696969697,-0.46229278479661806,0.4126014695541766,0.4637536116533204,0.2560509627468095,-0.4141037660917987,-0.10186948554655649,1.6874972909325276,1.555321221322861,-1.42344409687016,-0.1647328133969279
2021-05-03,48718.51953125,48863.23046875,48028.0703125,48356.01171875,14700,47.23429610663035,47.74174873282462,59.42226245978808,88678400,880.4578474814533,49719.030625,44334.86578125,-191.70839602862543,1.8072344068597825,1.0,-0.009544785370617133,0.0,-0.0013086665870186698,-0.24226804123711343,-0.4957308422891601,0.33468502725261956,0.3722144959053184,0.37818178565923494,-0.6191812329838093,-0.24150273204213699,0.9967443979318242,1.5544724995923533,-0.021732031799307786,-0.19708492195953442
2021-05-04,48253.51171875,48996.53125,48149.44921875,48881.62890625,13200,43.987837241885934,33.07860490610892,43.525057122972974,88665200,878.0738606077781,49642.017421875,44395.968046875,-225.94627392012626,1.8197097565161926,1.0,0.008787734765742034,0.0,-0.009544785370617093,-0.10204081632653061,-1.0613655441889358,-0.380651472024231,-0.3335668414490076,0.2589870019515651,-0.7852784572204037,-0.08868087536935375,0.4071247781461885,1.5562407637138391,-0.6525625243121941,-0.1907825619480098
2021-05-05,48677.55078125,48742.71875,48254.3203125,48569.12109375,12700,47.529429368300804,46.44987651583738,42.42341005159029,88677900,850.2976585107939,49581.491875,44459.0967578125,-216.36945789300808,1.7467963052042426,1.0,0.005592124770682841,0.0,0.008787734765742128,-0.037878787878787845,-0.45409598271155127,0.37375446264270173,0.2598497026510941,0.40754906593896933,-1.9158779177498066,-1.2867251801636506,0.8830384482889708,1.5623230250104274,0.6926340539157142,-0.26901564656642607
2021-05-06,48949.76171875,49011.30859375,48614.109375,48877.78125,9500,49.726963881250136,55.0335347264564,44.85400538280089,88687400,817.9334842421657,49533.99328125,44521.48716796875,-184.6856730239815,1.6709652008966975,1.0,0.011290114968798925,0.0,0.005592124770682938,-0.25196850393700787,-0.04131217370342815,0.8411212680538414,0.6547919991162933,0.7288675653371983,-2.8524141719213016,-2.254209985075845,1.2029379626997023,1.5678860198048228,0.47454700222012364,-0.7018109258049412
2021-05-10,49502.41015625,49617.46875,49412.05078125,49496.05078125,12200,53.94423904376336,72.46026027135721,57.98122383788365,88699600,807.2030233141539,49506.24625,44583.898515625,-113.6715995736231,1.6306337828123696,1.0,-0.006880504634520242,0.0,0.011290114968798948,0.28421052631578947,0.7552369870257989,1.643605202998831,1.403726125751161,1.3452209522649161,-2.7255066057061654,-2.462966779719722,1.5846237083003087,1.5742149509563579,0.8705466677288525,0.46082876851312016
2021-05-11,49161.80859375,49304.46875,48988.1796875,49066.44921875,15000,51.09916855717887,61.72003276487507,63.07127592089622,88684600,786.2764122738572,49494.596015625,44642.6126171875,-83.9088849093896,1.5993642926591138,1.0,-0.009580766574154877,0.0,-0.006880504634520279,0.2295081967213115,0.3273796258995447,1.0080737916903815,0.8558648807496163,1.6067404220316321,-2.822748662499417,-2.496474273353357,0.9065945430890415,1.5755204646031427,-0.4862871175898421,0.33054694659948863
2021-05-12,48690.80078125,49171.28125,48550.71875,49171.28125,17400,47.37790865123238,46.867690261072,60.34932776576809,88667200,774.439704254296,49473.383828125,44696.41498046875,-97.20756490283384,1.590525708816273,1.0,0.000857451496589007,0.0,-0.009580766574154853,0.15999999999999992,-0.34561790297928296,0.19560738069961978,0.11722856497837805,1.459843733195289,-2.6494068442418377,-2.2726344173872133,0.1552928868090568,1.5706149055248464,-0.7276449795364248,0.1391948118704994
2021-05-14,48732.55078125,48898.9296875,48473.4296875,48898.9296875,18200,47.7411946829418,39.27989930599661,49.28920744398121,88685400,749.5154396647033,49432.401015625,44750.72013671875,-103.18849578199297,1.5380180754935604,1.0,0.01740478743473325,0.0,0.0008574514965891122,0.04597701149425282,-0.3005329608514974,0.21736065790113965,-0.32186896721623703,1.3263135994032498,-2.720231068772388,-2.4439913552667463,0.8650093655030876,1.5689199919881225,0.04641885196008244,-0.08570905758074916
2021-05-17,49580.73046875,49628.421875,48923.12890625,48990.69921875,20600,54.59868356639695,66.13539519243407,50.76099491983422,88706000,759.9694149565103,49403.229453125,44807.9214453125,-39.03741532228014,1.53279188864615,1.0,0.012355559316257174,0.0,0.01740478743473317,0.13186813186813184,0.9220141037941393,1.610623871416834,0.990007980872987,1.67771084436047,-2.1872647691811666,-2.190565680800486,1.64233074257929,1.5732137533615662,1.33058576358648,0.0861801930126996
2021-05-18,50193.328125,50313.25,49959.19921875,49986.6796875,14400,58.80342147261104,92.2289275903436,65.88140736292475,88720400,758.0087089774739,49425.09625,44868.24359375,60.53646263416158,1.5101782194831774,1.0,-0.005791357354827724,0.0,0.012355559316257203,-0.30097087378640774,1.809956134430136,2.261754911893779,2.0931618264623295,2.1521334222733834,-1.9963089968615422,-2.115222915176832,2.034674986567602,1.5826792754215635,1.0022534413663593,-0.905101071135571
2021-05-19,49902.640625,50279.01171875,49831.3984375,50088.80859375,13300,56.14620695830403,79.84712426228472,79.40381568168745,88707100,735.83760699694,49426.152265625,44928.08314453125,114.67156402300316,1.4745464323751705,0.0,-0.006768805132744415,0.0,-0.00579135735482772,-0.07638888888888884,1.3373593858031187,1.5971284867967206,1.3910917550274253,2.220195352151363,-2.1326147805523874,-2.127157496475849,1.4061030515396262,1.590896374084985,-0.5088531046665421,-0.3624468914280828
2021-05-20,49564.859375,50099.171875,49496.78125,49971.51953125,8300,53.141175375911565,65.4593676322064,79.17847316161156,88698800,726.3056797114443,49411.511640625,44983.4426953125,128.8327937262511,1.4653641488545923,0.0,0.019683725648621392,0.0,-0.006768805132744471,-0.37593984962406013,0.9012697327019634,1.0003859998475677,0.694546913187076,2.067976945320254,-2.0431297149678755,-1.9700759323856447,0.9976746929346271,1.5911868825086866,-0.5463066614357064,-1.0476569891260519
2021-05-21,50540.48046875,50591.12109375,49832.71875,49833.98046875,18100,59.82882458054483,98.02420516321949,81.11023235257018,88716900,747.7311110713412,49393.42828125,45045.789453125,216.28691799544322,1.4794697322548713,0.0,0.002204529274684904,0.0,0.01968372564862131,1.180722891566265,2.0890255311542414,2.0064469919707983,1.9620760607090477,2.252045292409843,-1.5673122895345446,-1.708187871794028,1.6888960355228513,1.6028693373111245,1.5536519366549983,2.299202246494953
2021-05-24,50651.8984375,50857.58984375,50465.8984375,50727.28125,16800,60.52176917935005,92.73051823893466,85.40469701145351,88733700,722.2997035841025,49389.5446875,45110.36859375,291.2283414343183,1.4260071702452712,0.0,-0.0002836455876916015,0.0,0.002204529274684841,-0.07182320441988954,2.013769152789598,1.9103199948722183,1.5905174428580249,2.2985550432111803,-1.7854868453727204,-1.867075152251436,2.214694499349084,1.617153107720689,0.09684663820807603,-0.3772128138056687
2021-05-25,50637.53125,50961.3515625,50474.33984375,50922.3203125,10800,60.377139403322104,88.48394172650578,93.07955504288662,88722900,705.4934189530952,49394.18890625,45175.521796875,345.4781899527079,1.3932223817745761,0.0,0.007504083865660414,0.0,-0.0002836455876915611,-0.3571428571428571,1.8512856115511727,1.725110240490215,1.3348218862130317,2.2354178152032085,-1.8418143733284378,-1.8708274549241548,1.6359239926013258,1.6307275166579813,-0.08396086375305441,-0.9458864377452655
2021-05-26,51017.51953125,51072.609375,50620.44921875,50899.578125,9400,62.90223035695483,98.04527347875623,93.08657781473221,88732300,687.3981859028742,49405.717890625,45245.91138671875,414.35701461864664,1.3473767290505352,0.0,0.0019150131101563228,0.0,0.0075040838656603714,-0.12962962962962965,2.092615698730012,1.907445623644772,1.6197009577847328,2.2186916119816673,-1.887882694359799,-1.926905462488157,1.8375641870476611,1.6508590551144522,0.549700443878327,-0.4148796806889444
2021-05-27,51115.21875,51282.8984375,50891.66015625,51128.80078125,12300,63.54549251824779,94.03162297142475,93.52027939222891,88744600,666.2439069990975,49407.51265625,45313.0479296875,471.39355834988237,1.303415936176733,0.0,0.006018954115304456,0.0,0.001915013110156405,0.3085106382978724,1.99579433364775,1.811833369419027,1.3842711341371912,2.1526245703470037,-1.946694687277731,-1.9527509464022406,2.082994959986573,1.6628797728395877,0.06983661340766555,0.5654153694054964
2021-05-28,51422.87890625,51529.3203125,51258.69140625,51381.26953125,15200,65.57009990343224,96.51684502778957,96.19791382599017,88759800,648.2337395348762,49410.38,45381.84568359375,535.250993300564,1.2605940260884325,0.0,0.010006489542098729,0.0,0.006018954115304398,0.2357723577235773,2.080615805983377,1.9206033693093518,1.4056703816154552,2.1048333124558023,-1.958199690967733,-1.9671126271726567,2.389869426322667,1.6761225597435607,0.3614121004713552,0.5282521319953577
2021-05-31,51937.44140625,52013.21875,51179.94140625,51476.21875,15300,68.70101568656806,97.85926950979159,96.13591250300196,88775100,661.4511398359565,49433.287265625,45451.40564453125,620.2297415576395,1.2735535712322543,0.0,-4.93382024724005e-05,0.0,0.010006489542098818,0.006578947368421018,2.2577798851071833,2.0832357690561847,1.354495151038237,2.1109418970919673,-1.6571273974891172,-1.7398234659885299,2.5581614952644074,1.688273343929204,0.7854045825397719,-0.162128517532647
2021-06-01,51934.87890625,52228.6484375,51808.87890625,52067.51171875,13400,68.66752705085027,92.17703279602553,95.51771577786889,88761700,644.1881677941025,49464.08328125,45520.8771875,679.5359717697938,1.240376759050417,0.0,-0.001644336894558984,0.0,-4.933820247243759e-05,-0.12418300653594772,2.0107573974181463,1.8771272833524508,1.0653267666301611,2.0425964616430017,-1.7019905588148565,-1.7361502859866556,1.9136393771246945,1.6977861339427376,-0.2214578021843031,-0.4909484789111115
2021-06-02,51849.48046875,51913.921875,51450.578125,51749.1015625,13500,67.48686852317074,89.90290595587807,93.31306942056504,88748200,632.7676401838095,49493.793671875,45589.21419921875,711.4445563033005,1.2203934050316712,0.0,0.007385786998980749,0.0,-0.0016443368945590064,0.00746268656716409,1.7608553825571196,1.596563815049433,0.9180139968088324,1.9205755701320086,-1.6713813293835185,-1.6707565189570484,1.3806806420835482,1.702855994872305,-0.37582596484844144,-0.12129307207593845
2021-06-03,52232.4296875,52273.23046875,51942.19921875,52121.578125,15000,69.97954607350044,98.7821031545219,93.62068063547515,88763200,617.8378087421088,49542.40984375,45658.3412890625,758.8851849258208,1.1828624715307214,0.0,-0.002534419843036332,0.0,0.007385786998980848,0.11111111111111116,1.8804229434650424,1.7413335635013891,1.1826276793339217,1.8592985141774565,-1.6885472338331573,-1.696696218744494,1.68741901677251,1.7073990868720441,0.4935439279050835,0.17432508885954096
2021-06-04,52100.05078125,52389.01953125,51952.69921875,52367.51953125,16700,68.0376808337958,90.00881940214448,92.8979428375148,88746500,604.8722732962439,49600.08046875,45726.9933984375,776.845363719236,1.160982118493305,0.0,0.004385042510980038,0.0,-0.002534419843036373,0.11333333333333329,1.6578214390681951,1.4435292722058486,0.8078981146373369,1.7519537426052936,-1.6916613644751248,-1.6692094314695487,1.1243631709606308,1.7097447232823093,-0.6106394857266175,0.180269220438637
2021-06-07,52328.51171875,52378.69140625,52054.76171875,52231.37890625,19800,69.60524203451551,97.90792436113358,95.56628230593331,88766300,584.8049457393693,49649.4859375,45797.083515625,800.2885943839428,1.1175646440749543,0.0,-0.0010117124395691611,0.0,0.004385042510979931,0.18562874251497008,1.6904454184587918,1.5192304465794322,1.0739414612324472,1.6774010377449142,-1.7616694685954981,-1.7282234573832747,1.5898996935314411,1.7131816540190983,0.16909047660121296,0.42682206146447743
2021-06-08,52275.5703125,52432.4296875,52135.0390625,52428.71875,12300,68.76362754711488,94.65673842288889,94.19116072872231,88754000,564.2753514008429,49699.5715625,45869.07466796875,805.3124538718621,1.079424572563515,0.0,-0.006387872681326856,0.0,-0.0010117124395692123,-0.3787878787878788,1.5476972827028834,1.3522404793915255,0.8961938199491521,1.5806828874208285,-1.8134554399109721,-1.7532778767578994,1.1576914285781537,1.7184151091626123,-0.44647989033578245,-1.3123478859707016
2021-06-09,51941.640625,52446.921875,51717.0703125,52401.41015625,15200,63.54454939042792,80.67169130172316,91.07878469524853,88738800,576.1022236222112,49737.375546875,45938.52896484375,773.4329105490397,1.1091336674970713,0.0,0.006908294013864719,0.0,-0.0063878726813269004,0.2357723577235773,1.2192520364322958,0.6867290964077883,0.2031594716580673,1.4152604644999576,-1.5789354930645636,-1.5206106874793863,0.6480900890440315,1.7181725532923,-0.9814228428820885,0.6046268142881708
2021-06-10,52300.46875,52346.3515625,51957.921875,52143.8984375,8600,66.48796725245596,92.60719877273031,89.31187616578076,88747400,563.8599888991961,49799.77875,46007.38970703125,768.2664759166364,1.0781165109522963,0.0,0.0033325316754450694,0.0,0.006908294013864724,-0.4342105263157895,1.3801886098414238,0.9758246768700906,0.7248759276460297,1.3213249896651087,-1.5775894198994342,-1.5347417583206528,0.8531132988273695,1.716064452935914,0.5270879016431219,-1.4554732243545436
2021-06-11,52474.76171875,52641.53125,52388.94921875,52477.19140625,8500,67.84597686832976,92.30480839075632,88.52789948840325,88755900,547.9458825492535,49880.4715625,46076.6895703125,769.3672385873651,1.0442084243966456,0.0,0.0014629800829103932,0.0,0.003332531675445116,-0.011627906976744207,1.396185905772921,1.0693762681121204,0.697889228668174,1.2422701768047593,-1.6095242851021343,-1.554543213730382,1.0443460845278127,1.7132629733388207,0.17865044798438065,-0.11386276062323004
2021-06-14,52551.53125,52590.921875,51936.30859375,52492.33984375,9900,68.45238129292915,95.54693977738565,93.48631564695741,88765800,555.5649824564497,49951.3321875,46148.3452734375,767.5860068355032,1.0571813403752144,0.0,0.004215282142706355,0.0,0.0014629800829104589,0.16470588235294126,1.3459540739457665,1.070131079717638,0.8197492753378278,1.1588148296700076,-1.439373692480883,-1.4019048512052346,1.2571881415590958,1.7128830742214216,-0.046032185811237615,0.4162745354900247
2021-06-15,52773.05078125,52869.51171875,52671.2890625,52751.828125,16300,70.19887687598889,95.12294353484882,94.32489723433025,88782100,538.5946600488461,50004.061640625,46220.03693359375,775.1141097298023,1.0205865533174863,0.0,-0.0051365291277856145,0.0,0.004215282142706389,0.6464646464646464,1.3969446364029388,1.1962493722085668,0.7454120684550085,1.104746948019576,-1.5130167395815541,-1.4643741652662658,1.5993726439452272,1.7113906847681222,0.21161880442897466,1.857220718476166
2021-06-16,52501.98046875,52816.30859375,52425.5703125,52782.2109375,12900,65.42573713751992,78.24705800753705,89.63898043992383,88769200,528.0334901346429,50063.91828125,46288.5514453125,750.5551442227152,1.0057401366962464,0.0,-0.0034027734221633156,0.0,-0.005136529127785616,-0.20858895705521474,1.1379369901707448,0.5823393171703988,-0.12612355229017982,0.9782173450943386,-1.5320230037485763,-1.448028323363437,1.1541850313749733,1.7041987834767132,-1.0218587602133868,-0.7601015305853862
2021-06-17,52323.328125,52523.87890625,52040.51171875,52122.25,8900,62.41366667408689,67.6732249786142,80.34774217366667,88760300,524.843039946454,50109.78828125,46355.94869140625,708.5089854867038,1.0030765602153753,0.0,0.00040366495226645143,0.0,-0.00340277342216333,-0.31007751937984496,0.9625284026144375,0.1500416903572399,-0.7989623431171032,0.8144736717244475,-1.4941913057070595,-1.4011842503253373,0.8476447754136761,1.6952189787987604,-0.8474605182088062,-1.0330395718870349
2021-06-18,52344.44921875,52586.41015625,51601.109375,52568.0703125,11800,62.63269518329671,62.995977943382876,69.63875364317802,88772100,557.732878610993,50173.490859375,46422.301328125,669.1775354315687,1.0655052960442857,0.0,0.004394195032767846,0.0,0.00040366495226651367,0.3258426966292134,0.9233426029237735,0.1196182956390994,-1.1511451674456021,0.6578163412119852,-1.101600486588676,-1.073525438557952,1.1456321732004617,1.6846850769080937,-0.2858459939725922,0.8373978214979024
2021-06-21,52574.4609375,52629.1796875,51740.19140625,51887.55078125,12500,65.02309375973222,79.20615999581553,69.95845430593752,88784600,581.3939787994935,50240.952265625,46489.6062890625,649.0848551412928,1.1058486733523507,0.0,0.0002710441485446757,0.0,0.004394195032767945,0.05932203389830515,1.036541651084519,0.40558163334471603,-0.2511719350204341,0.5508129638553083,-0.7950501611792791,-0.8346462227401079,1.4444331589548836,1.6759158390458206,0.2781515747185235,0.012713783826046206
2021-06-22,52588.7109375,53057.109375,52520.55078125,52885.0390625,7700,65.1717420381481,67.82977764423077,70.01063852780972,88792300,578.1914512959582,50299.49125,46555.21330078125,627.0825004393264,1.0994592584387937,0.0,-0.005374400845000746,0.0,0.00027104414854473013,-0.384,0.9832998791659927,0.3817147409667478,-0.9406677849215677,0.43391312721070024,-0.7807968532806573,-0.8145028850275341,1.563699497809037,1.6648138818157954,-0.2548191485772719,-1.2352620264677439
2021-06-23,52306.078125,52912.3515625,52264.12109375,52912.3515625,13600,59.748054534171246,48.418183379120876,65.15137367305572,88778700,583.1942382569612,50350.68859375,46623.60224609375,580.1517417646901,1.114964568483333,0.0,0.007511973542749723,0.0,-0.0053744008450007374,0.7662337662337662,0.7101623472833853,-0.5169560324433776,-2.0141830946261208,0.2306145828654821,-0.6711502182869978,-0.6855267373281945,1.0841582573895372,1.6587368161616698,-1.0843073803837917,1.9787065140520237
2021-06-24,52699.0,52830.6796875,52385.05078125,52514.5703125,7900,64.20763528415976,75.40457589285714,63.884178972069584,88786600,579.009047131464,50412.8421875,46692.5932421875,568.1154081390923,1.0987097423698058,0.0,0.004289247661245944,0.0,0.007511973542749795,-0.4191176470588235,1.0051557850327286,0.12590704136261335,-0.5231718172743068,0.12612715786929857,-0.6723421925161183,-0.7241873290583591,1.3341331863075134,1.6544254548133832,0.7364232360479943,-1.2147177970109944
2021-06-25,52925.0390625,52973.0703125,52614.48828125,52877.16015625,10700,66.50658048178383,90.92923677884616,71.58399868360804,88797300,563.264260282788,50513.675390625,46761.78828125,570.2425886815545,1.064268010492388,0.0,-0.003579576361318817,0.0,0.004289247661245943,0.35443037974683533,1.2040769688564574,0.5126106414764264,0.4216535921555368,0.058600100540041826,-0.8209450619161983,-0.8674196660784042,1.6646219489640626,1.651244158308713,0.22988668342178337,0.8326617989780861
2021-06-28,52735.58984375,53126.73046875,52673.5,53126.73046875,6200,62.86221510827307,74.36187618259981,80.2318962847677,88791100,555.4047037447317,50597.506015625,46830.5115234375,550.2979338936711,1.05318762033446,0.0,-0.0035256965561756316,0.0,-0.0035795763613187814,-0.42056074766355145,0.9772578088588608,-0.36646545211224385,-0.866969745354813,-0.11184339430173393,-0.8755482766583251,-0.8855695062170137,1.3585202607837201,1.648005269402894,-0.9315539049483784,-1.1545701796163577
2021-06-29,52549.66015625,52816.421875,52477.76953125,52795.76171875,9200,59.4208050141348,62.17472904221897,75.82194733455498,88781900,539.9223923165366,50672.425625,46901.47392578125,513.568580468469,1.0274517298706467,0.0,-0.0012740181106963332,0.0,-0.003525696556175628,0.4838709677419355,0.7278257992082113,-1.1883773565748548,-1.6513450335735957,-0.38135397076459276,-1.044890351417133,-1.0000964269700987,0.9426010764798535,1.6485054095591443,-0.8698069300638536,1.1187856719802676
2021-06-30,52482.7109375,52875.921875,52448.640625,52651.08984375,9500,58.1855869759934,57.786403590750695,64.77433627185648,88772400,531.876596436784,50745.43921875,46971.801328125,473.59870970264456,1.0134320177747278,0.0,-0.003126922601148265,0.0,-0.0012740181106963844,0.032608695652173836,0.6098562460144323,-1.5419741664931945,-1.8087862915285433,-0.707928122835009,-1.1092109267627441,-1.0450435480043163,0.5208957009500039,1.6482735647252333,-0.5219900060323659,-0.05284221279815484
2021-07-01,52318.6015625,52638.5,52281.01171875,52638.5,5800,55.15872991240898,47.029514106703466,55.66354891322437,88766600,519.4202882091565,50832.8228125,47041.567578125,423.7948014422145,0.992802316378153,0.0,0.0031742116100257722,0.0,-0.0031269226011482187,-0.3894736842105263,0.3552516959911142,-2.402143468574019,-2.325615880465832,-1.1608156495938269,-1.2426003383115343,-1.1471992604516759,0.20797033871891046,1.6481481269171274,-0.8923257911423909,-1.1391507840085084
2021-07-02,52484.671875,52527.8984375,52177.6796875,52434.55078125,6400,57.56447374002971,57.91493730780753,54.24361833508723,88773000,507.33446405135965,50928.400234375,47113.021328125,393.1928492274383,0.9666335825813136,0.0,0.007532258674333191,0.0,0.0031742116100257345,0.10344827586206895,0.5597593555992937,-1.7189431182346848,-1.5018308807867495,-1.4976257466146692,-1.4154759981563327,-1.3262413285292447,0.4656448959947896,1.6508823641282588,0.43199077733270036,0.26698622124898774
2021-07-05,52880.0,52919.171875,52604.3515625,52682.890625,7600,62.69528038355614,83.8275395010741,62.92399697186169,88780600,502.1320023334054,51024.386796875,47183.2197265625,396.27227727309946,0.9495688395109784,0.0,-0.000355906060892587,0.0,0.007532258674333159,0.1875,1.2005075281685975,-0.47170513346923965,0.13962566879685379,-1.5717749956378724,-1.4713327958515952,-1.439566244729421,0.811908453011458,1.6517526134652536,1.3360084423194145,0.49759798282164264
2021-07-06,52861.1796875,53129.37109375,52804.1796875,52874.8515625,7000,62.30903713846717,82.45121218704871,74.7312296653101,88773600,489.4933883274479,51124.04140625,47253.25287109375,392.6676757160167,0.9259978517717373,0.0,0.0036620830710627525,0.0,-0.0003559060608926412,-0.07894736842105265,1.1972794884286877,-0.5931183149176974,0.06570364804382034,-1.641161291279417,-1.6557035735302637,-1.6160351147839178,0.3757002394594926,1.652587472767663,-0.3949262963892158,-0.35672896082322775
2021-07-07,53054.76171875,53105.41015625,52751.76171875,52919.7109375,8000,64.71681660226321,95.11802369419914,87.13225846077398,88781600,479.79017755405874,51217.40640625,47324.74353515625,400.81115361897537,0.9043300959440495,0.0,-0.009156959653789322,0.0,0.0036620830710627494,0.1428571428571428,1.618444606202953,0.004904304642675048,0.8789931660715848,-1.5719549262532524,-1.7712754624611184,-1.7612213424313454,0.820838427638895,1.655223206841587,0.5293855236871283,0.31224410870847485
2021-07-08,52568.94140625,53103.03125,52428.83984375,53065.69140625,6400,55.1883653902413,59.65750920900936,79.0755816967524,88775200,493.6759796037688,51289.902421875,47392.366484375,363.8688261512725,0.9391019990086293,0.0,-0.0034763872946901794,0.0,-0.009156959653789376,-0.19999999999999996,0.4413664212267097,-2.1582631694627668,-1.2824788494324775,-1.7435514104213596,-1.4288665951038424,-1.3752274774291313,0.35143301987850156,1.6520947518284161,-2.0941507109402906,-0.7167073959612197
2021-07-09,52386.19140625,52555.73046875,52228.01171875,52508.23828125,6400,52.08195489139028,21.909593527970348,58.89504214372627,88768800,482.76553016778524,51342.949453125,47457.78318359375,316.2004063272834,0.9215511133916643,0.0,-0.0002577014980018067,0.0,-0.003476387294690131,0.0,-0.18496243825482034,-2.463469051539402,-2.9508236786603503,-1.896469663511391,-1.5673769070255437,-1.4850392766498377,-0.1078886673453372,1.64621339115579,-0.8569687915631639,-0.060260847329649425
2021-07-12,52372.69140625,52700.51171875,52208.9609375,52634.328125,24900,51.849777845820576,20.49106648114172,34.0193897393738,88743900,483.3930481022291,51395.084453125,47524.7473828125,274.17300724777306,0.922986837458085,0.0,0.007581032248661915,0.0,-0.00025770149800186104,2.890625,-0.2904653875470446,-2.214014363132654,-2.5770059163634476,-1.9458082511292436,-1.5100463738143968,-1.4321388015145613,-1.6683211711097052,1.6432965564876958,-0.12248554926186243,4.542323392244276
2021-07-13,52769.73046875,52806.859375,52545.6796875,52694.890625,7900,57.807153433105036,62.21037379993679,34.87034460301627,88751800,479.8769710056413,51474.831875,47594.36693359375,269.793710877806,0.9093792345401921,0.0,0.002545404558765823,0.0,0.007581032248662023,-0.6827309236947792,1.0182574886427036,-1.0036353506588882,-0.5646424541427171,-1.7866977295839153,-1.5305754384663148,-1.5320941758190407,-1.1082211509847746,1.644596909661969,1.5145974586677216,-1.2429071398550666
2021-07-14,52904.05078125,52978.578125,52611.96875,52801.44140625,9300,59.62702435620808,76.3242253717682,53.00855521761556,88761100,471.78642843380976,51558.5425,47668.716484375,274.0030767033022,0.891777513190007,0.0,0.004816281125684714,0.0,0.0025454045587658403,0.17721518987341778,1.4615393121655513,-0.6086818100284151,0.1280897521403612,-1.614973350800513,-1.646365758062749,-1.673817993931622,-0.5515368695797056,1.652664851524054,0.40143516232726567,0.1198422513804099
2021-07-15,53158.8515625,53266.12109375,52948.4296875,52968.890625,8100,62.89637738644933,90.14466643458788,76.22642186876426,88769200,463.94956300996625,51656.649296875,47745.8403515625,294.5044589545796,0.8727606962398178,0.0,-0.00035352473196123704,0.0,0.004816281125684663,-0.12903225806451613,2.1599102690746297,0.06967364145745975,0.8162367071640758,-1.3955382639545202,-1.7335204877344816,-1.7968423498488812,-0.028136812348746893,1.6636625977826698,0.9301791867548547,-0.3551552197562188
2021-07-16,53140.05859375,53290.80859375,52997.08984375,53244.3984375,6700,62.49440932581296,86.45709412867024,84.3086619783421,88762500,451.7902192235401,51745.899453125,47823.19853515625,305.7114651035372,0.8501876572576397,0.0,-0.011039885385429351,0.0,-0.00035352473196126333,-0.1728395061728395,1.925453213489479,0.026863965845713125,0.6454199773761091,-1.2479606374927912,-1.8859419692786281,-1.92833903681923,-0.5291343213041325,1.6734792293186946,-0.22707640201212323,-0.4084872685654943
2021-07-19,52553.3984375,52821.171875,52405.890625,52606.98828125,23800,51.44194377470051,33.75339081488344,70.11838379271384,88738700,471.9600584754301,51817.9721875,47903.19751953125,264.20889090282435,0.8980581132858924,0.0,-0.006752878582572636,0.0,-0.011039885385429327,2.5522388059701493,-0.14085835548964376,-2.026789498781007,-1.766682426262898,-1.373660340266264,-1.3066176249679577,-1.255661930207941,-1.9624890122971381,1.6854000312252861,-2.2733288081941914,3.0833466630074686
2021-07-20,52198.51171875,52465.03125,52013.51171875,52432.87890625,8000,46.12741287998168,14.483711940499346,44.89806562801766,88730700,476.8119627807565,51871.89421875,47977.24677734375,200.3716498948197,0.913458922641051,0.0,0.01223596607871438,0.0,-0.0067528785825726745,-0.6638655462184874,-1.366437831404552,-2.6277443054834904,-2.341060882587295,-1.5961278851803207,-1.1101993934318684,-0.9963193293281121,-2.237891302691418,1.6865424392378263,-1.3220100021349055,-1.0440141975175423
2021-07-22,52837.2109375,52867.26171875,52471.23046875,52494.55859375,8300,55.11494833660854,64.48768762156409,37.57493012564895,88739000,490.52182258213105,51945.402265625,48051.5246875,199.0236449039876,0.9283643361917017,0.0,0.002622959109517248,0.0,0.012235966078714355,0.03750000000000009,0.8240448567321347,-0.9769752552303193,-0.14856932164491848,-1.4964278669880267,-0.7242850871208425,-0.757698034423603,-1.7476290403570227,1.6873001995945538,2.155776747700806,-0.14018374706554584
2021-07-23,52975.80078125,53114.69921875,52653.76953125,52967.87109375,12100,56.79911524356,75.33793289050362,51.43644415085567,88751100,488.40809864769307,52031.102265625,48126.53759765625,206.7550399834945,0.9219456647091552,0.0,-0.002331842995825408,0.0,0.0026229591095172644,0.45783132530120474,1.263104718800626,-0.6342525196448003,0.356198092019003,-1.3670833276994931,-0.7231738300335824,-0.7831931635046303,-1.0464016066896382,1.6884598074854937,0.4126218667115083,0.36111048578688903
2021-07-26,52852.26953125,53103.421875,52783.62890625,52985.26171875,20900,54.824474947002585,65.66662996807223,68.49741682671329,88730200,476.36416079785783,52113.496640625,48200.459296875,200.6018732796001,0.9013125926715364,0.0,-0.005174949248646415,0.0,-0.0023318429958254505,0.7272727272727273,0.7442771685003534,-0.9206103332809854,-0.034777042447260896,-1.3209072444605456,-0.9593577310915589,-0.9815169567398744,-2.0855706976367823,1.6873212309929244,-0.48929056042278085,0.6712242103607703
2021-07-27,52578.76171875,53024.69921875,52433.1796875,52995.71875,6300,50.62773100666578,44.253611753336514,61.75272487063745,88723900,484.58954440158226,52173.457265625,48269.8678515625,171.67666790440853,0.921645030352196,0.0,-0.002568542446328473,0.0,-0.0051749492486463655,-0.6985645933014354,-0.29537942923981675,-1.5618802747873972,-0.945006961691121,-1.397943088097734,-0.7024059990863422,-0.6704721051915928,-2.154430792294112,1.6791550548660237,-0.9699189578949051,-1.089211664573565
2021-07-28,52443.7109375,52673.69140625,51802.73046875,52673.69140625,8000,48.647523179901086,43.07438285540284,50.99820819227052,88715900,512.1875010514692,52218.464921875,48337.21791015625,136.2847590018646,0.9766423693050073,0.0,0.003992077815574585,0.0,-0.0025685424463284257,0.26984126984126977,-0.7605621041907978,-1.8050077883781803,-0.9383673048101769,-1.516545829054518,0.013946722251561221,0.06039342334696316,-2.2436179450752176,1.6683663667643032,-0.4454958575069554,0.13764903229006567
2021-07-29,52653.0703125,52777.1796875,52561.390625,52693.53125,8800,51.795216695040665,57.14349465018848,48.157163086309275,88724700,499.4218759763643,52273.473515625,48402.61041015625,123.70398554259009,0.948514251898811,0.0,-0.0012578652746538254,0.0,0.003992077815574646,0.10000000000000009,0.008910834697332585,-1.1584381636419163,-0.24423838544381662,-1.5149377684424947,-0.2859007818618392,-0.28165207856952246,-1.6761224282255,1.6558147477750338,0.733056409200355,-0.08915542189455387
2021-07-30,52586.83984375,52910.23046875,52533.91015625,52792.359375,9900,50.735731076760565,52.69275596669362,50.9702111574283,88714800,490.62890715662394,52333.913125,48466.14986328125,107.15417993440497,0.9329880034898801,0.0,0.00691787267652739,0.0,-0.0012578652746538799,0.125,-0.28251615936108143,-1.2562597657645687,-0.43105327474224014,-1.5315694565736708,-0.47931001279029434,-0.45360864433580383,-1.9091216458957019,1.6420997070783,-0.2734175646924894,-0.07640324902105586
2021-08-02,52950.62890625,52986.76953125,52804.078125,52901.28125,7900,56.053245879962475,77.13966210611422,62.32530424099877,88722700,484.1503914668651,52382.11609375,48529.9896484375,121.9868878774505,0.9143430426937169,0.0,0.016481966064939176,0.0,0.006917872676527326,-0.202020202020202,1.06081853752812,-0.2761123308629771,0.6995091660326614,-1.3724255524086664,-0.5936693147266158,-0.645386802377027,-1.4621296409841287,1.630616503655749,1.2065028414111014,-0.4678671662819358
2021-08-03,53823.359375,53887.98046875,53088.3515625,53125.96875,8100,65.63608997504335,96.90103854453902,75.57781887244893,88730800,516.5219036835176,52445.5453125,48596.55900390625,201.83731596243888,0.9596612134236885,0.0,0.010151914755878242,0.0,0.016481966064939124,0.025316455696202445,3.3510094701684148,1.435087637035902,1.5482117634065764,-0.834349041560348,0.3214401814874644,0.02591203175106552,-1.0661044897639411,1.6245301186012895,2.563968828032156,-0.17859120279858526
2021-08-04,54369.76953125,54465.91015625,54034.30859375,54071.21875,14600,70.04083374444778,96.39000607239349,90.14356890768222,88745400,525.5239663668378,52520.190078125,48665.43884765625,305.68632688700745,0.9665738348675241,0.0,0.002263579808431285,0.0,0.010151914755878177,0.8024691358024691,3.57477617880161,2.085448965310609,1.4280924930959302,-0.09946009406886792,0.6657116020478375,0.2034663994890075,-0.4388082602758164,1.6228665406756544,1.4211641727113806,0.7538295933614072
2021-08-05,54492.83984375,54717.23828125,54230.890625,54576.640625,15300,70.94421265686779,92.30064038471333,95.19722833388194,88760700,522.7256585013495,52589.696484375,48734.77548828125,393.3834820058255,0.9592556746908152,0.0,-0.0039476946763433015,0.0,0.002263579808431393,0.047945205479452024,3.06833469696838,2.0157861721625583,1.165242745832455,0.5844731704550268,0.7128571302792088,0.19332282526232952,0.21474881448714098,1.6223295325578506,0.14103860052642617,-0.1708937700736881
2021-08-06,54277.71875,54633.578125,54210.328125,54492.171875,7200,67.13360220978937,84.91959673722782,91.20341439811155,88753500,515.6202543226816,52652.946484375,48802.190390625,440.44841962591454,0.949966701249178,0.0,0.0023054176811732716,0.0,-0.003947694676343261,-0.5294117647058824,2.312762533344952,1.374775684492313,0.826114339525615,1.0085116323686842,0.6225067743157778,0.13535241797003544,-0.039517797097006216,1.6194508914852703,-0.7994037439961624,-0.8984505426513847
2021-08-09,54402.8515625,54584.73046875,54124.26953125,54385.7109375,11500,68.20347020784008,89.21304251092997,88.81109321095703,88765000,511.6803031210615,52712.5459375,48875.56259765625,482.2854079934914,0.9405394909000759,0.0,0.002790452878662007,0.0,0.0023054176811732052,0.5972222222222223,2.216569406708377,1.5123633424346663,1.0146257420662284,1.4098758225110248,0.6016687825891662,0.03173505726944638,0.5290480312027016,1.6256045747179333,0.22193049995965378,0.5193996777152337
2021-08-10,54554.66015625,54779.66015625,54308.76953125,54461.30859375,8700,69.50058792740023,92.44187724873835,88.85817216563203,88773700,508.76675468384286,52764.8903125,48948.42099609375,521.6776324781385,0.9325816588842897,0.0,-0.0005266363802416341,0.0,0.0027904528786619753,-0.24347826086956526,2.1563068988256098,1.6111458386241786,1.105096533204237,1.7595423226294895,0.6093062950650721,-0.06659670529791936,0.9868330118916198,1.6306509563724418,0.26838684567137766,-0.5538959340355715
2021-08-11,54525.9296875,54758.73828125,54167.19921875,54730.6484375,6500,68.92749741846376,91.47677320645485,91.04389765537438,88767200,514.6790623849969,52816.711328125,49018.89263671875,544.3035529293265,0.9439161612369287,0.0,0.005833018952135588,0.0,-0.0005266363802416407,-0.25287356321839083,1.9030384311460553,1.4262673281898617,1.005429208331194,1.9058583454456637,0.9883030811783113,0.33957934943265805,0.7216467979803578,1.6318712351400901,-0.29297664786336175,-0.5332143391380978
2021-08-12,54843.98046875,54874.1015625,54536.6484375,54641.21875,9300,71.7086618443826,99.01929487415916,94.31264844311744,88776500,502.7856918574971,52876.601328125,49090.39068359375,581.199096483062,0.9167563833992383,0.0,0.0108181169324146,0.0,0.005833018952135616,0.4307692307692308,2.065770500216384,1.66668166387976,1.2286801902583144,2.067644536276904,0.4695132319452947,-0.4048792595404124,1.1563378210673947,1.6345824825161201,0.7129083420555417,0.3161217364595238
2021-08-13,55437.2890625,55487.7890625,54905.48828125,54911.94921875,14100,76.02047442194173,98.62960116602623,96.3752230822134,88790600,512.8587562783902,52940.698515625,49164.0405859375,650.8119703187986,0.9251151435276592,0.0,0.002620782238038392,0.0,0.010818116932414634,0.5161290322580645,2.4184337673002534,2.0030332450158057,1.132477691126102,2.3162839959214496,1.0317573649198368,-0.06229603191619714,1.7125797662343216,1.640229688874044,1.4157931145783267,0.3885603362956628
2021-08-16,55582.578125,55680.75,55281.01953125,55479.73828125,6000,76.94702745955648,97.46850488480247,98.37246697499596,88796600,504.77816431207657,53010.3490625,49239.16103515625,709.5253212406024,0.9081589615668382,0.0,0.0037726102912755094,0.0,0.0026207822380384105,-0.574468085106383,2.2599553252413394,1.9047224109189798,1.0187645396274796,2.3800632162806914,0.6021986654332512,-0.6153168824262722,1.8550771234373455,1.6472797394101657,0.10996955055741627,-0.956872908763211
2021-08-17,55792.26953125,55854.87890625,55386.48828125,55565.640625,6800,78.25307773144469,98.11472556012458,98.07094387031775,88803400,502.1790543612139,53079.62421875,49314.6948828125,764.1675707948234,0.9000871600678239,0.0,-0.0029176309077877543,0.0,0.0037726102912754023,0.1333333333333333,2.1749003452372997,1.869916882004534,1.0107970520001888,2.3720485465487533,0.4613865013065012,-0.8526155044762129,2.008443690372085,1.654114012835229,0.31798368237352853,-0.06709216343777914
2021-08-18,55629.48828125,56118.5703125,55514.890625,56073.30859375,16100,74.71436350314458,86.35625108290208,93.97982717594304,88787300,509.4290995854129,53146.702578125,49392.11482421875,785.2845888695592,0.9157537042401966,0.0,-0.0053958427090398395,0.0,-0.0029176309077877383,1.3676470588235294,1.8278878157918481,1.3879652413150532,0.5494614731876977,2.2015119835165087,0.8090226722657083,-0.2634750012755281,1.2984239422663266,1.6627684254880986,-0.7446874528426987,1.3740990365687566
2021-08-20,55329.3203125,55543.16015625,55013.98046875,55159.12890625,6800,68.55770602262697,76.1879058585049,86.88629416717718,88780500,517.0061505078835,53214.456171875,49466.15091796875,768.9351258783136,0.9344162328180299,0.0,0.00409310558526482,0.0,-0.005395842709039811,-0.577639751552795,1.4445398393822728,0.719447193439633,0.1838713027514358,1.9178957484548536,1.1339941377301856,0.3876614566860718,1.026359133381884,1.6654051839435713,-1.0731706735582904,-0.9418201994331996
2021-08-23,55555.7890625,55781.171875,55240.2890625,55695.83984375,7500,70.5307577897255,81.42770220796766,81.32395304979154,88788000,518.7116263644632,53279.562578125,49544.31755859375,765.4288072854251,0.9336770030948802,0.0,0.007257414808678382,0.0,0.004093105585264878,0.10294117647058831,1.5103914246467358,0.8679724651821219,0.36102641560322885,1.7359320822504791,1.1519841249401728,0.3682077664954575,1.2888133428615705,1.6736499767741868,0.36929532506914187,-0.14171510724836026
2021-08-24,55958.98046875,56023.21875,55536.83984375,55647.109375,7600,73.6955236428494,92.34309960623797,83.31956922423684,88795600,516.4021463562873,53349.246953125,49625.363203125,786.122273190871,0.9228226497883917,0.0,-0.00026393495961292516,0.0,0.007257414808678364,0.01333333333333342,1.6921756834489354,1.1197257076647997,0.743258957498518,1.6710697787242523,0.9670633751553339,-0.03580238253390495,1.499354968346452,1.6852302724574135,0.8349708965474061,-0.2497139505227036
2021-08-25,55944.2109375,56198.12890625,55899.9609375,56067.05859375,5400,73.38462571471374,87.7562590882036,87.17568696746973,88790200,500.81399081298105,53417.100546875,49707.01390625,792.1982479949511,0.895202528412605,0.0,8.741967967809448e-05,0.0,-0.00026393495961296587,-0.2894736842105263,1.554492091234297,1.0182426497021821,0.5039513753866031,1.5587435235122242,0.14036297337877754,-1.006900063535464,1.2057325974614754,1.6963602624572343,-0.4114749429420732,-0.6056745577655107
2021-08-26,55949.1015625,56112.390625,55854.0703125,55988.41015625,8300,73.42460534524915,87.9920814905784,89.36381339500666,88798500,483.4930137906253,53480.6215625,49787.9715234375,788.3208621805534,0.8641658226638754,0.0,0.003138874130155966,0.0,8.741967967806907e-05,0.537037037037037,1.4423000189636792,0.958403759940527,0.4771782462393621,1.4262320284185899,-0.7651163443469415,-1.9447316473024803,1.4074745818232268,1.704965957566667,-0.3157754287515328,0.580903977684018
2021-08-27,56124.71875,56188.23046875,55675.87109375,55862.9296875,6000,74.88359119268878,96.46021532920957,90.73618530266386,88804500,485.55489673415207,53553.076328125,49867.28947265625,790.3086590532548,0.8651355544372364,0.0,0.01363112342990583,0.0,0.0031388741301558998,-0.27710843373493976,1.458438138630795,1.0402205257344013,0.8271608889592951,1.3309708036032433,-0.6997991887708184,-1.8020380760903825,1.5072501383658936,1.7094840385788286,0.19287151118900242,-0.6334169223925926
2021-08-30,56889.76171875,56958.26953125,56309.859375,56329.25,6600,80.02763204317452,97.54546446955553,93.9992537631145,88811100,510.4117456281412,53644.405,49948.657578125,843.8887520127391,0.897194381216607,0.0,0.01164759503697495,0.0,0.0136311234299058,0.10000000000000009,1.838769396222615,1.4492433550452302,0.858436469728578,1.4225179352757122,0.576385304489517,-0.810912286313014,1.6101038118772883,1.7150815957918715,1.797578744214532,-0.07402940194635227
2021-08-31,57552.390625,57625.26171875,56859.1015625,56995.1484375,11200,83.2311017893618,97.8927190081151,97.29946626896005,88822300,528.6794892439882,53748.563828125,50029.71873046875,929.1097774566442,0.9186056104754349,0.0,-0.0037214733423595295,0.0,0.01164759503697499,0.696969696969697,2.0581249815694282,1.6165796825751975,0.8477686765978957,1.5972251150926071,1.6292662085384872,-0.18694750410817876,1.8006327129147386,1.71812462914507,1.3755468298713942,0.7833773222071374
2021-09-01,57338.2109375,57918.7109375,57263.8984375,57763.53125,7300,78.8298678502675,82.83591743204036,92.75803363657032,88815000,537.6889900122748,53843.838828125,50106.9444921875,968.2046824060599,0.9377498551504657,0.0,0.008970076264859916,0.0,-0.0037214733423595048,-0.3482142857142857,1.7579600814869736,1.131745923948308,0.10842184287145669,1.5949917320948725,2.0411960677027494,0.49133261075841245,1.4536262861823475,1.7137167437981706,-1.08806827203046,-0.8676334732300763
2021-09-02,57852.5390625,57892.37109375,57287.7890625,57423.6484375,5100,81.3766577064496,97.80395003791881,92.84419549269141,88820100,542.467064386398,53949.115390625,50183.2200390625,1028.8299463133662,0.9376720074469902,0.0,0.004795124997889975,0.0,0.008970076264859905,-0.3013698630136986,1.919618690458451,1.3147938312104648,0.866306817233958,1.6582006813037433,2.1366548136552765,0.45738049698354705,1.4889332003773967,1.7072997546333195,0.9318788761042998,-0.8216351559699387
2021-09-03,58129.94921875,58194.7890625,57764.0703125,57983.44921875,6100,82.59301159866669,97.96152953442706,92.86713233479541,88826200,534.4850419302267,54065.5928125,50257.48154296875,1086.7333997727837,0.9194658676182479,0.0,0.0028722016747633116,0.0,0.004795124997889921,0.196078431372549,1.903378649967942,1.3397351972527776,0.8180475554567628,1.7005748932790758,1.5262631501962909,-0.22622195976194362,1.538775247760069,1.697695309680777,0.27967018018614487,0.20329979240608997
2021-09-06,58296.91015625,58515.8515625,58200.2890625,58411.62109375,5600,83.29997455410277,93.74787362559525,96.50445106598035,88831800,523.8719920602105,54177.551015625,50330.997734375,1133.0337483546973,0.898627372627649,0.0,-0.0002989813259962521,0.0,0.0028722016747633194,-0.08196721311475408,1.82880796388686,1.3146761667608673,0.5251928904776693,1.7007135262611666,0.8410062252949018,-0.9749275789248992,1.5615751350374318,1.6869897663254863,-0.059539285268732985,-0.3407652004381588
2021-09-07,58279.48046875,58553.0703125,58005.0703125,58418.69140625,7400,82.92135866448123,92.26948577659996,94.65962964554075,88824400,525.5954211987669,54284.63984375,50405.6091796875,1155.0064823051362,0.9018533057798894,0.0,-0.0005013557047006856,0.0,-0.0002989813259962615,0.3214285714285714,1.679685073230719,1.2021864871129986,0.3902672852249055,1.6348620795048785,0.9004274576690665,-0.8551146221096605,1.2683855766470413,1.6778863955427354,-0.634791153616098,0.5495998998726688
2021-09-08,58250.26171875,58372.94140625,57924.48046875,58350.55859375,5300,82.24647644841016,91.44388509139554,92.48708149786358,88819100,520.0858152202835,54394.93328125,50479.64548828125,1156.7282797614098,0.8928471733421838,0.0,0.000940915836818598,0.0,-0.0005013557047006678,-0.28378378378378377,1.5568494442600815,1.0890524908507002,0.27627221875388475,1.5288356778221492,0.49884532084178285,-1.1306757902292461,1.0569681977425933,1.668381779886457,-0.7213746075082703,-0.8184997769339329
2021-09-09,58305.0703125,58334.58984375,58084.98828125,58172.98046875,5300,82.5336441478209,92.51384316425964,92.0757380107517,88824400,500.76551145454897,54510.041484375,50551.40728515625,1149.2673732270196,0.8588712933036119,0.0,-0.0021834909565782027,0.0,0.0009409158368185455,0.0,1.5015484248679503,1.1006224019173945,0.29301536830233393,1.4186498645251258,-0.762065273402616,-2.1860356744198035,1.1527876668180588,1.656583165757663,-0.4870872735612091,-0.1615089654676797
2021-09-13,58177.76171875,58314.640625,57944.62890625,58262.109375,5600,79.32405331383444,87.55703194306842,90.5049200662412,88818800,491.42595483279547,54623.9425,50621.39583984375,1120.1691982558914,0.8446972525490178,0.0,0.0011916602315357962,0.0,-0.0021834909565782157,0.05660377358490565,1.3557768300188136,0.6994004830863604,-0.2806792040285748,1.2627361165965734,-1.3368276863333561,-2.349008323490138,0.9356786241297582,1.643796744828413,-1.0126768838350488,-0.030797804760129114
2021-09-14,58247.08984375,58482.62109375,58214.2890625,58482.62109375,6700,79.78508106812153,89.36533602692505,89.81207037808436,88825500,478.09977055902436,54742.512265625,50694.631484375,1090.1364705918386,0.8208131459297708,0.0,0.008173959871251616,0.0,0.0011916602315358293,0.1964285714285714,1.3401438068382507,0.7570916163159797,-0.3279622272958469,1.1196485564557714,-2.074516291408294,-2.6273459272345545,1.1155490191226378,1.6370886572059706,-0.41350842965138757,0.27839381468740676
2021-09-15,58723.19921875,58777.05859375,58272.8203125,58354.109375,9600,82.64677864563512,98.26326608758741,91.72854468586029,88835100,481.8046976619512,54867.2828125,50768.83623046875,1092.1635831559906,0.8204673860958747,0.0,0.00711747559840962,0.0,0.00817395987125158,0.4328358208955223,1.560192848977611,1.2245731959259625,1.0417475673097263,1.0914525958674453,-1.8239620773970642,-2.2957848904548124,1.4100980561546586,1.6328651356432058,0.8648733486948269,0.7598506485428843
2021-09-16,59141.16015625,59204.2890625,58700.5,58881.0390625,24700,84.69509076680697,98.21084387368188,95.2798153293981,88859800,483.37500943609757,54992.506015625,50844.1562890625,1114.6470813682972,0.8173241920838693,0.0,-0.0021181446376608085,0.0,0.007117475598409584,1.5729166666666665,1.7009207280790462,1.5008094430662455,1.0181973606202988,1.1374299577901037,-1.5861069231886369,-2.1289938024464847,2.1841333071481066,1.6309519090036813,0.8065577379812309,2.739236807732873
2021-09-17,59015.890625,59737.3203125,58871.73046875,59409.98046875,13100,81.58673980638241,78.95148330920985,91.8085310901597,88846700,510.67606902994777,55115.600234375,50916.62064453125,1109.5668158637636,0.8653196005714736,0.0,-0.008895247228169744,0.0,-0.0021181446376608015,-0.46963562753036436,1.508261966056331,0.8811289933904936,-2.0028959966145603,1.0738648749245936,0.04637873145076171,-0.9015358458524311,1.6253468868209402,1.6258231213762404,-1.0101310624546804,-1.1064095402138037
2021-09-20,58490.9296875,59202.55859375,58389.69140625,58634.69140625,17400,69.99370789715297,56.695764524499744,77.95269723579715,88829300,532.2611489206658,55224.32359375,50989.93478515625,1051.0646890056378,0.9099892098901182,0.0,0.008793497496072776,0.0,-0.0088952472281697,0.3282442748091603,1.1057159850407332,-1.20864899182642,-3.758469383497481,0.783681951817032,1.28692268656451,0.2687747237823123,0.9115997189920548,1.6228223154485009,-2.140369957910043,0.4159275203729882
2021-09-21,59005.26953125,59084.51171875,58232.5390625,58630.05859375,9500,73.90595848475917,70.40331903549612,68.68352228973522,88838800,555.0976851584754,55353.05015625,51063.66244140625,1034.2817032021994,0.9407595110882225,0.0,-0.0013209228068811916,0.0,0.008793497496072833,-0.45402298850574707,1.3498267521457128,-0.5721684899032455,-2.0253509286054574,0.6620334516179559,2.2957499501238035,1.0881909795448594,1.2370279883171746,1.621440911949069,1.1409415305990085,-1.1024339874574334
2021-09-22,58927.328125,59178.44140625,58878.37890625,59166.1484375,19200,72.36619914609292,66.93276774893155,64.67728376964247,88819600,536.8808862185844,55483.872890625,51137.55048828125,1003.1284060974867,0.9110898174098816,0.0,0.016257843015854537,0.0,-0.0013209228068812306,1.0210526315789474,1.2282321403272876,-0.9227778795164585,-2.1159639950642117,0.46469634733222154,1.2547583913152085,0.3407564155395467,0.3909793148820734,1.6207660132596944,-0.754112450745933,1.6669812835731126
2021-09-23,59885.359375,59957.25,59243.1484375,59358.1796875,44600,78.33975446727011,96.72208230772245,78.01938969738336,88864200,572.0980997029712,55634.12625,51213.700078125,1043.7130347921047,0.9553221449678764,0.0,0.0027236936824343804,0.0,0.016257843015854645,1.3229166666666665,1.7324137699904258,0.20070794746396978,0.6960390431933002,0.6205874891573594,2.5779258996309338,1.468615288783365,2.1302922921459535,1.6235714593003299,2.2418099180609006,1.9937590297109617
2021-09-24,60048.46875,60333.0,59946.55078125,60158.76171875,10900,79.16552386261552,88.18646698487304,83.947105680509,88875100,563.2082800813304,55779.701015625,51290.8522265625,1076.6275169911169,0.9379228010395025,0.0,0.0004897736255764224,0.0,0.002723693682434414,-0.7556053811659192,1.7249228299296666,0.31651304357999493,-0.09901168028407246,0.75380318208451,1.9583167547294673,1.0251809908430423,2.352012470585574,1.6280704024691488,-0.08830684029289265,-1.5520801754869438
2021-09-27,60077.87890625,60412.3203125,59887.19140625,60303.7890625,6200,79.31862482210856,86.55695594351903,90.4885017453715,88881300,560.4883248076638,55923.177578125,51368.07837890625,1092.4920665972822,0.9329362737361143,0.0,-0.006829091692638273,0.0,0.0004897736255764507,-0.4311926605504587,1.6359664190229548,0.30351218796995116,-0.21677076005756854,0.804102129777971,1.6829584105668138,0.8713237663142887,2.3286755593075017,1.63283788979832,-0.4417930825710288,-0.9444122658905083
2021-09-28,59667.6015625,60288.44140625,59045.53125,60285.890625,21100,71.43262400273402,70.06564743824258,81.60302345554487,88860200,609.2327413392593,56053.352578125,51441.0186328125,1059.7428279941669,1.021044461961667,0.0,-0.0042624812224703705,0.0,-0.006829091692638234,2.403225806451613,1.2817655782644122,-1.3717432472254292,-1.6468612117601917,0.5520707197756869,2.913955395825519,2.679536842052181,1.4101540160524908,1.631989612566411,-1.5773513864560027,3.0324347227259456
2021-09-29,59413.26953125,59678.66015625,59111.41015625,59296.5390625,16100,66.98654257145508,59.514760284868984,72.04578788887684,88844100,606.2339741007407,56178.816796875,51510.95013671875,1001.7191561912332,1.02036797315434,0.0,-0.004829058533785823,0.0,-0.004262481222470416,-0.23696682464454977,1.0466620266782034,-2.0780657785761774,-2.291502387970468,0.11003867440608009,2.4173699403103233,2.3194961219754884,0.7440674598796803,1.6278219197764243,-1.079944329524463,-0.6230439634551905
2021-09-30,59126.359375,59557.23828125,59019.28125,59549.5703125,8900,62.277410198130994,47.88809758614849,59.15616843642001,88835200,601.357049611402,56310.276015625,51578.539375,921.9559916739236,1.0170709916323204,0.0,-0.00610186816529324,0.0,-0.0048290585337857905,-0.44720496894409933,0.7969539245526435,-2.548424399958526,-2.7310200041744777,-0.5065902505470495,2.025566563236876,2.010807086939176,0.365638502519811,1.6216559956857286,-1.1029722206288304,-0.8770998101651409
2021-10-01,58765.578125,58890.078125,58551.140625,58889.76953125,10200,56.86397125643055,25.081038429276198,44.16129876676454,88825000,599.4900282105875,56441.61734375,51641.849765625,820.1765922182167,1.020138059282621,0.0,0.00908256507516491,0.0,-0.006101868165293234,0.146067415730337,0.49607502552531485,-2.85803832440757,-3.3204135614591856,-1.2742765471478925,1.7884229554668267,1.8737633612322897,-0.08122366639361508,1.6110568554619682,-1.2692533783086652,-0.005386842063596004
2021-10-04,59299.3203125,59548.8203125,58952.109375,59143.0,10000,62.111155512608114,48.9398305449228,40.63632218678248,88835000,612.6151824455455,56570.85953125,51708.54697265625,773.6658800552614,1.0330897204506564,0.0,0.007513721766151145,0.0,0.009082565075164917,-0.019607843137254943,0.83968701143871,-1.9569719883935273,-1.7906565340780802,-1.6226682092190596,1.9137192997854144,1.9107648586069443,0.2658585045608104,1.6071993741760056,1.0811999379152377,-0.27671779840122085
2021-10-05,59744.87890625,59778.87109375,59127.0390625,59320.140625,12900,65.84610219300845,69.38034923229108,47.80040606883001,88847900,615.4163859315779,56706.24109375,51776.77630859375,763.9522939013259,1.0300738694228038,0.0,-0.009291983642164938,0.0,0.007513721766151171,0.29000000000000004,1.140974585290137,-1.3798861403385831,-0.6559280956161683,-1.6932138668530003,1.7951950593556925,1.7131866081978508,0.7716617993071209,1.6065638331952279,0.8034360050811387,0.16974524389093903
2021-10-06,59189.73046875,59963.5703125,59079.859375,59942.0,7000,58.15405360759682,43.91226900635098,54.07748292785494,88840900,634.5802824721795,56832.9903125,51841.45765625,703.3505798901169,1.0721121340588204,0.0,0.00824632334671126,0.0,-0.009291983642164992,-0.45736434108527135,0.6383658813488942,-2.156914851113643,-1.8303126005195223,-2.044210783426204,1.995329184428818,2.103064634518277,0.4046319587195985,1.6016503844253405,-1.6972582496968993,-0.8946622120008011
2021-10-07,59677.828125,59914.91015625,59597.05859375,59632.80859375,5700,62.32165391824405,66.30431666021533,59.86564496628578,88846600,641.0516685455952,56974.971640625,51908.5309375,686.791778472325,1.0741873300128502,0.0,0.006388142476490301,0.0,0.00824632334671116,-0.18571428571428572,1.0331208670620484,-1.525580415614653,-0.6539092272069283,-2.0452771684509212,1.9209985250921806,1.9150673029220409,0.6270394429621057,1.6009182298034186,0.9089506004767728,-0.5068665593845381
2021-10-08,60059.05859375,60212.30078125,59830.9296875,59960.390625,5700,65.23406172392716,83.79370779751409,64.67009782136012,88852300,633.4388819530528,57127.27859375,51975.49392578125,696.4032189886202,1.0546933248450403,0.0,0.0012774535273515606,0.0,0.006388142476490222,0.0,1.383862785864253,-1.1196665979787808,0.23740214762828507,-1.89209784060076,1.6321303683738568,1.5245123204331326,0.8658295820383949,1.6004888538423319,0.5964259460554155,-0.21135353772600188
2021-10-11,60135.78125,60476.12890625,59811.421875,60099.6796875,42500,65.80688380167828,82.31949463978069,77.47250636583668,88894800,635.6723211885491,57276.9328125,52041.7211328125,702.117656712333,1.0570617159622402,0.0,0.0024698663701155457,0.0,0.0012774535273516463,6.456140350877193,1.4775226908141048,-0.9990396745229005,0.18911174022067617,-1.7803524933680073,1.5549043295687757,1.4396234251561002,2.6913571554311675,1.5995596770381162,-0.1561769490249104,4.558868655065261
2021-10-12,60284.30859375,60331.73828125,59885.390625,60045.75,6500,66.94242843097165,90.03524777951165,85.38281673893546,88901300,622.1491308357955,57430.8821875,52108.33921875,710.44177458177,1.032024991823987,0.0,0.007510116613445547,0.0,0.002469866370115481,-0.8470588235294118,1.6024246509021594,-0.8146776356683779,0.604352046775181,-1.6377207777971685,1.203650571843343,1.0492368751484946,2.581814759887545,1.5994796878186832,0.08121154447664797,-0.8754767008909222
2021-10-13,60737.05078125,60836.62890625,60452.2890625,60619.91015625,8500,70.19201005719245,95.64302622695848,89.33258954875025,88909800,617.1613580975245,57586.610625,52184.25466796875,744.9835026893779,1.0161200620693407,0.0,0.009366579874761112,0.0,0.007510116613445472,0.3076923076923077,1.986106039984362,-0.4004218730349425,0.9026203772337315,-1.3433183046998736,1.0369944254414147,0.8013811465458597,2.5183714772760006,1.6124403739074697,0.9205511050755711,-0.01236318531329939
2021-10-14,61305.94921875,61353.25,60978.0390625,61088.8203125,12600,73.69161592870527,98.3119580673042,94.6634106912581,88922400,617.0926338584156,57736.262421875,52260.75095703125,808.9384812330682,1.0065787117275107,0.0,0.007497488104456624,0.0,0.009366579874761083,0.48235294117647065,2.4246036766642587,0.026480403810648537,0.9975570510491613,-0.9152869685506981,0.9725025812157032,0.6495024809036133,2.5705863251865946,1.6249543118140224,1.1395680349879282,0.09682349145926801
2021-10-18,61765.58984375,61963.0703125,61624.6484375,61817.3203125,11800,76.13002598442439,94.21205924982884,96.05568118136382,88934200,619.9518095649574,57884.178828125,52337.3580078125,886.493474607938,1.003717136245708,0.0,-0.0008020495331675815,0.0,0.007497488104456718,-0.06349206349206349,2.5682637292054102,0.3367739341513656,0.7982796163348116,-0.43040765301597006,0.9644868228713893,0.5837833533684111,2.5433844787794553,1.6362940115486508,0.8547816348743645,-0.3155415881805801
2021-10-19,61716.05078125,62245.4296875,61594.2890625,62156.48046875,8600,75.31974532934322,85.67034421795465,92.73145384502921,88925600,622.1795820960318,58028.643046875,52411.07056640625,933.2016100200708,1.008132526660401,0.0,-0.007390133327982888,0.0,-0.000802049533167537,-0.27118644067796616,2.232694006016994,0.27510392418123053,0.38543457413652327,-0.12672944660131463,0.9428437770095177,0.6000371996046144,2.031041900558532,1.642430243643834,-0.45466101026860806,-0.45709330767945877
2021-10-20,61259.9609375,61880.359375,61109.2890625,61800.0703125,48400,68.13012465799659,73.32453597085028,84.40231314621123,88877200,632.8146342677438,58168.287890625,52480.60162109375,922.7782914253548,1.0329987557670304,0.0,-0.005492346589043236,0.0,-0.007390133327982884,4.627906976744186,1.6401603347831912,-0.5466867589820429,-0.22674346891406472,-0.14999844364981885,1.0636098265362257,0.8473187800803456,0.5834462255649275,1.6421882950652904,-1.4100667200051216,2.6554223955032463
2021-10-21,60923.5,61621.19921875,60485.6484375,61557.94140625,7300,63.32770799676762,64.2169395752312,74.40393992134535,88869900,668.7243590521906,58298.700859375,52547.15373046875,877.2556930514329,1.0976459971147268,0.0,-0.001672243161505823,0.0,-0.005492346589043184,-0.8491735537190083,1.2311181861135883,-1.0709431609593676,-0.6605384679589298,-0.37973849338914273,1.578899504643751,1.5083742318509847,0.3316198092144245,1.6378951941430722,-1.0673613865000458,-0.8336880245865463
2021-10-22,60821.62109375,61420.12890625,60551.1484375,61044.5390625,9400,61.904792106124354,56.76677460294868,64.76941671634337,88860500,683.0283668877483,58424.040078125,52612.5307421875,823.4655315128766,1.123002568173797,0.0,0.0023910853555816234,0.0,-0.0016722431615058264,0.28767123287671237,1.0638323683280841,-1.1708889987025348,-0.9875154117466588,-0.662547640649791,1.6786512023807125,1.656362608051621,0.013624303564007888,1.6326297588514425,-0.47718900674385883,-0.12364278443236126
2021-10-25,60967.05078125,61404.98828125,60449.6796875,61398.75,10500,63.17671693834904,59.61615822583312,60.19995746800431,88871000,702.4769545207663,58552.8625,52678.60935546875,783.5392486092969,1.1522239398478633,0.0,0.006285541658804561,0.0,0.0023910853555815237,0.11702127659574457,1.1330593381347707,-0.9496220427213938,-0.7824609491727397,-0.860086434367546,1.8454175490557208,1.8242307278385554,0.29016124590332243,1.6294127496181148,0.1341176872488308,-0.2351747410394465
2021-10-26,61350.26171875,61497.7109375,60791.2890625,60997.8984375,6700,66.36362672753145,71.7217474141952,62.701560080992316,88877700,702.7587345549973,58682.988125,52746.01576171875,773.8982840995523,1.1454861232323297,0.0,-0.0033729863239810192,0.0,0.006285541658804572,-0.36190476190476195,1.4237898926906774,-0.49370936003224364,-0.11605338198650483,-0.8645371301655211,1.7254013392461827,1.6333436480212744,0.44907056557758135,1.629136719942352,0.6821575234122319,-0.5300841615136087
2021-10-27,61143.328125,61576.8515625,60989.390625,61499.69921875,8900,63.1836094253181,58.385682236870245,63.241195958966166,88868800,694.5231776224975,58797.10890625,52810.8483984375,741.0179450637224,1.1358936435429725,0.0,-0.01894939221956198,0.0,-0.0033729863239809754,0.32835820895522394,1.1529991442944543,-0.8513715075650911,-0.7726433110625199,-1.0161707447390573,1.5193867094835556,1.4596542911688126,0.1236599825416393,1.6256549638616378,-0.7534756270345929,-0.09383205912656178
2021-10-28,59984.69921875,61081.0,59777.578125,61081.0,8600,49.02008151201879,8.392769520553365,46.16673305720625,88860200,742.4679506494621,58885.151328125,52868.58298828125,614.3861091944636,1.2377622299010906,0.0,-0.011299040256555008,0.0,-0.018949392219561934,-0.0337078651685393,-0.08467327286373251,-2.4328929210140835,-2.8567663256390188,-1.7233648647453206,2.1775758901888294,2.4023979754003455,-0.18733354590940463,1.6128101602991367,-2.617323256895618,-0.31379229173116774
2021-10-29,59306.9296875,60132.80859375,59089.37109375,59857.328125,9000,42.954186675890575,6.893363582692515,24.557271780038693,88851200,763.965775603072,58955.44453125,52924.24734375,454.10449615793186,1.2881560040766897,0.0,0.014020810963937999,0.0,-0.011299040256555037,0.04651162790697683,-0.8153341471001336,-2.781028000472295,-2.5267865631193938,-2.4470019921417427,2.3531404165061165,2.66889297530332,-0.47482796306563163,1.5987830929297524,-1.4773185827211783,-0.2323688106345588
2021-11-01,60138.4609375,60220.2109375,59355.12109375,59577.48046875,7200,50.97025958558162,33.24050592177001,16.17554634167195,88858400,774.631166631424,59045.623984375,52984.473046875,389.68573100215144,1.2880794662112716,0.0,-0.0018191743194708356,0.0,0.014020810963937924,-0.19999999999999996,0.03406451256708441,-1.7320680220194573,-1.315531710210174,-2.4893575973403688,2.299950928147138,2.394575179310391,-0.2511154191189618,1.5936216402713133,1.6451006129857333,-0.3971185508412701
2021-11-02,60029.05859375,60421.140625,59881.75,60360.609375,6000,49.97525375769566,29.774082834231283,23.302650779564587,88852400,757.828270800608,59139.61875,53040.70578125,326.04707297693676,1.2624357078948265,0.0,-0.004283537419605179,0.0,-0.0018191743194708732,-0.16666666666666663,-0.1502189670923991,-1.6840011211043093,-1.375230509336901,-2.4694213396586027,1.8731230252021234,1.9474555629635355,-0.4873581139503648,1.5839032839390386,-0.3421846615520936,-0.36427374026154646
2021-11-03,59771.921875,60361.8203125,59552.48828125,60275.2109375,8500,47.62215591011952,21.62668280625929,28.213757187420182,88843900,761.5071108327074,59223.94140625,53093.2187890625,251.95975852155243,1.2740214584788394,0.0,0.004947125832232578,0.0,-0.004283537419605188,0.41666666666666674,-0.4919630992299756,-1.7672158781874967,-1.5629499467010326,-2.465730626303087,1.7753003354168386,1.8747107076543632,-0.7865163665384256,1.570491175065347,-0.6046875731769487,-0.00916329791973671
2021-11-04,60067.62109375,60207.96875,60011.4609375,60207.96875,1800,50.50811227526858,30.99593911016881,27.46556825021978,88845700,738.2599511303712,59306.11421875,53145.97134765625,214.63134717021603,1.2290480922794305,0.0,0.007957503103110811,0.0,0.004947125832232668,-0.788235294117647,-0.19217364073763699,-1.3588425909029325,-1.1351258938862658,-2.3104341501915417,1.3399256597139555,1.3652287854431506,-0.7838742468766444,1.5596392390880567,0.5429535532592663,-0.741059882224433
2021-11-08,60545.609375,60609.16015625,59779.19140625,60385.76171875,7500,54.83973277521878,46.14104073143049,32.921220882619515,88853200,744.810579621059,59398.1421875,53201.23779296875,221.06961886453064,1.230164478167099,0.0,-0.001852490335927022,0.0,0.007957503103110719,3.166666666666667,0.37512375061509057,-0.8587044647814037,-0.5241410172472348,-2.053372109972825,1.3484069901207845,1.285685879782838,-0.5022116236638408,1.5542889528390247,1.0158869289309547,1.6705460057028623
2021-11-09,60433.44921875,60670.46875,60213.640625,60609.71875,6200,53.6530975899394,48.157784610905914,41.76492148416839,88847000,724.2404042909833,59487.829140625,53255.48423828125,214.64728799694421,1.1984098436438102,0.0,-0.0013341768059299218,0.0,-0.0018524903359270484,-0.17333333333333334,0.2196272777327833,-0.9296589037088995,-0.40375893418793335,-1.90196308830511,0.9640025913394139,0.925706024706668,-0.6835925679805431,1.5484195867279842,-0.28107116211318817,-0.3842893134654894
2021-11-10,60352.8203125,60506.5,59967.44921875,60295.26171875,7500,52.76912533593522,49.9026456920333,48.06715701145655,88839500,711.0125740737702,59572.391171875,53312.07498046875,200.73748880727362,1.178093368946519,0.0,-0.007176614183186603,0.0,-0.0013341768059299541,0.20967741935483875,0.1079401706723112,-0.9773379271298014,-0.2944564841668578,-1.8090368670598598,0.6992815400597978,0.6774277881409475,-0.8897000569748892,1.5471052978531374,-0.20313241965666506,-0.1626284726524224
2021-11-11,59919.69140625,60293.25,59656.26171875,60291.69921875,6200,48.17718402736255,33.37997314677408,43.813467816571084,88833300,709.9801469077867,59632.989765625,53368.85208984375,153.00029761813494,1.1848861872371579,0.0,0.012800466457676,0.0,-0.007176614183186603,-0.17333333333333334,-0.44484877085424684,-1.4010535873303593,-0.8913188043881081,-1.8376648303333536,0.6324257052803373,0.6954385831540477,-1.0533404641845034,1.5469263657327805,-0.9843166676429326,-0.3546079218084499
2021-11-12,60686.69140625,60750.71875,59997.9609375,60248.0390625,6900,55.553170310872346,64.21438610541854,49.165668314741964,88840200,718.626375253659,59695.67578125,53425.2941015625,175.0409564002257,1.1841581055111685,0.0,0.0005276203152294833,0.0,0.012800466457675963,0.11290322580645151,0.47149203554388575,-0.5204072125750827,0.3107894916362691,-1.626197982397197,0.7267180111176783,0.638772550058365,-0.8106560188422722,1.5472279848956947,1.5554084914300308,-0.18121899145209214
2021-11-15,60718.7109375,61036.55859375,60597.359375,60837.3984375,7100,55.835771528897176,65.50161354910136,54.36532426709798,88847300,698.6672926462549,59763.28578125,53479.92705078125,192.8687746750802,1.1506622618609588,0.0,-0.006527474605940946,0.0,0.0005276203152295711,0.02898550724637672,0.4623594804908734,-0.46223672161434515,0.3381548498671263,-1.448262273598819,0.3333693811742895,0.25229564473404575,-0.5894868183564809,1.5459110091336483,-0.05038224460539964,-0.24552006816177402
2021-11-16,60322.37109375,60802.7890625,60199.55859375,60755.37890625,6300,51.473113919883765,49.56822839375309,59.76140934942432,88841000,691.8503766536652,59812.682421875,53533.41509765625,173.02165017902735,1.146921720929083,0.0,-0.005206077994877393,0.0,-0.006527474605940942,-0.11267605633802813,-0.14421056129404755,-0.9270807861498719,-0.3259371689024592,-1.4089060576265646,0.1623520644071992,0.1722320008115404,-0.8421109138073143,1.5447142930043807,-0.9648297026726396,-0.32978548182573714
2021-11-17,60008.328125,60426.609375,59944.76953125,60179.9296875,19900,48.25579504042721,46.140976783686405,53.73693957551361,88821100,676.8496243034034,59850.25,53589.06404296875,130.4482913125612,1.127926148673057,0.0,-0.006204412252153542,0.0,-0.005206077994877378,2.1587301587301586,-0.6600358370735748,-1.2063886405431863,-0.4592074019900689,-1.4436516408537514,-0.16122469395134525,-0.06771796576800981,-1.492811979349528,1.5486845725955323,-0.7392112538291079,1.0488868217938776
2021-11-18,59636.01171875,60177.51953125,59376.5,59968.75,7800,44.6894264267013,28.073342962606322,41.260849380015266,88813300,685.7189033710174,59877.03203125,53645.50615234375,65.90605134524958,1.1498403122679353,0.0,-0.019621048759404302,0.0,-0.006204412252153513,-0.6080402010050252,-1.2087708648937587,-1.4742475015549024,-1.1083803555978415,-1.5365794052292578,-0.03729690399117473,0.13227973924764097,-1.6457207445833784,1.555034474589801,-0.8132960478516298,-0.6546360199791267
2021-11-22,58465.890625,59778.37109375,58011.921875,59710.48046875,10600,35.74758804240231,15.009033884492844,29.741117876928513,88802700,762.9139258980875,59880.760234375,53700.78595703125,-78.75529002624535,1.3048872047317548,0.0,0.003394072986466201,0.0,-0.01962104875940429,0.35897435897435903,-2.6951025732018588,-2.1453657145984817,-1.5243782188635655,-1.831771907560801,1.3863845387424703,1.7101589246942204,-1.8476705959067512,1.560797288846496,-2.3382457762611204,-0.07274096767547479
2021-11-23,58664.328125,58834.94921875,57718.33984375,57983.94921875,12000,38.01276392758577,28.50891856511871,23.86376513740595,88814700,788.1778865482241,59889.0415625,53759.73580078125,-175.36667953353026,1.343538589360132,0.0,-0.005511694313809206,0.0,0.0033940729864661012,0.13207547169811318,-2.200963586817196,-1.7485582902512329,-0.9524272554326692,-1.9226057641313086,1.717681792635896,1.912561723336284,-1.3960070867457013,1.573786918788934,0.4854793097311967,-0.22118815578855716
2021-11-24,58340.98828125,58968.12109375,58143.44140625,58839.3203125,8800,35.79817299560405,18.764538579621973,20.76083034307783,88805900,790.7851580447796,59889.759921875,53820.01189453125,-274.85437475110666,1.355453826446281,0.0,0.007783576793572111,0.0,-0.005511694313809157,-0.2666666666666667,-2.296968098710787,-1.7731147133396965,-1.2294559093647817,-1.9864750331777055,1.6289146956252327,1.8448550828286858,-1.546139354858838,1.589430508805361,-0.5690468897112653,-0.4635905353714186
2021-11-25,58795.08984375,58901.578125,58143.859375,58363.9296875,6800,40.997123788897554,32.44963883107465,26.574365325271767,88812700,788.4232717558667,59902.106484375,53870.984296875,-313.4437050526103,1.3409678832894532,0.0,-0.028708883866590953,0.0,0.007783576793572111,-0.2272727272727273,-1.637156363420249,-1.2266984152583826,-0.6688375255122523,-1.8878734163435456,1.4727228631932008,1.5711934916556134,-1.258055387816276,1.5896432325776442,1.0381724718293024,-0.42114536912446443
2021-11-26,57107.1484375,58254.7890625,56993.890625,58254.7890625,8400,30.96088928736961,2.8015610823220665,18.005246164339553,88804300,860.7644108268762,59879.30765625,53907.5314453125,-474.75609931957297,1.507279621515205,1.0,0.0026866984554117365,0.0,-0.028708883866590984,0.23529411764705888,-2.8483243063215298,-1.8948318450648787,-1.662785223663929,-2.0619454483935478,2.44612828721657,2.6691331350420833,-1.3968397719958552,1.5670292114235103,-2.8004127158932604,-0.049261027218148484
2021-11-29,57260.578125,57626.51171875,56382.9296875,57028.0390625,8400,32.576604260816424,18.859441850236166,18.03688058787762,88812700,888.1085265713851,59850.055234375,53942.5555859375,-583.4907226134092,1.550994690679933,1.0,-0.0034178319126078505,0.0,0.0026866984554116957,0.0,-2.341761813439833,-1.6306544714800337,-1.00940705461527,-2.077453674065714,2.541279150798746,2.612928054009381,-1.09450344830477,1.5446337393244767,0.4846286004351896,-0.2489698035045663
2021-11-30,57064.87109375,58183.76953125,56867.51171875,57272.078125,8100,31.561956751934133,14.653970481705725,12.104991138087977,88804600,918.6906184234291,59808.529453125,53974.80849609375,-677.6441567739603,1.6099057104924368,1.0,0.01086339032872881,0.0,-0.003417831912607805,-0.0357142857142857,-2.2121217301132283,-1.6084526940067552,-1.1326390744262969,-2.0578864968413604,2.617261622695599,2.63560033961452,-1.2853058611663923,1.5199632848779703,-0.11581628279593793,-0.265162493379388
2021-12-01,57684.7890625,57846.44921875,57346.78125,57365.8515625,11700,38.13500530905672,27.975143726040415,20.49618535266076,88816300,908.8968688931842,59781.907421875,54009.574296875,-694.2365061815217,1.575626579666292,1.0,0.013461087621533677,0.0,0.01086339032872874,0.4444444444444444,-1.6091935010854799,-1.0295212391898416,-0.5315020904057643,-1.9097102465101061,2.2307213629346947,2.1640115525663552,-0.9210782631232624,1.50248826604444,1.392330933075262,0.1459214276891385
2021-12-02,58461.2890625,58513.9296875,57680.41015625,57781.48046875,8100,45.230749828473414,44.66104661264856,29.096720273464893,88824400,903.5127733472425,59781.314609375,54045.13689453125,-637.3816630543224,1.5454889685742508,1.0,-0.013082642159709048,0.0,0.013461087621533752,-0.3076923076923077,-0.9533716075779495,-0.36110327252098895,0.31224334678204485,-1.664468240893005,1.9814878771929292,1.8174465040552297,-0.6161308632464909,1.4887087002704409,1.5479112495547551,-0.5206583368958558
2021-12-03,57696.4609375,58757.08984375,57640.5703125,58555.578125,8500,40.324707514374246,28.22595605412107,33.620715464270006,88815900,918.727541768868,59755.1384375,54076.97380859375,-646.5855917945009,1.5923464400426302,1.0,-0.01645370092159303,0.0,-0.013082642159709001,0.04938271604938271,-1.4461371156476046,-0.7762163907597044,-0.4463123476629309,-1.5761561717498604,1.9963229968049736,1.9409954319455525,-0.9177484064453744,1.4702265881096734,-1.1138222844439485,-0.0997221840922455
2021-12-06,56747.140625,57781.4609375,56687.62109375,57778.01171875,7200,35.21846402179578,8.240328630365077,27.042443765711557,88808700,931.2355633389489,59711.5346875,54104.16255859375,-722.1574060006824,1.6410264078199073,1.0,0.015622070164878902,0.0,-0.01645370092159304,-0.15294117647058825,-1.9676952241072891,-1.2103873547962414,-1.389715948772325,-1.6214641127282794,1.9514557329081417,2.021600322505302,-1.1577443479770453,1.4457613918792347,-1.3694087312946193,-0.40264778368156684
2021-12-07,57633.6484375,57905.62890625,56992.26953125,57125.98046875,10900,42.536235529927,30.93021323786542,22.465499307450514,88819600,947.4679003325954,59666.50046875,54134.673203125,-702.4178063787404,1.643949196379722,1.0,0.01762913293788473,0.0,0.01562207016487882,0.5138888888888888,-1.2259683983848078,-0.4204715675123544,-0.16838984455533818,-1.4849009432929743,1.9407147306174786,1.8512517099163381,-0.6269605718117065,1.4312715637546694,1.6022210530888086,0.4734468330285988
2021-12-08,58649.6796875,58702.6484375,58122.26953125,58158.55859375,13400,49.56769678880862,59.73636396390832,32.96896861071293,88833000,956.1487645945529,59638.5246875,54170.20009765625,-597.8966208472557,1.6302710768228403,1.0,0.0026845708209989956,0.0,0.017629132937884817,0.22935779816513757,-0.43663724052398817,0.3868530880607662,1.3643843519713743,-1.19682619591928,1.8481596880384308,1.6275017910615925,0.0319692075191897,1.4294767408637916,1.6574124584850047,0.09096323244945542
2021-12-09,58807.12890625,58889.9609375,58340.8515625,58831.41015625,7900,50.57694782699351,71.39570172784512,54.02075964320628,88840900,927.0745224806562,59613.1096875,54203.46509765625,-496.6331147801684,1.5764662205471607,1.0,-0.0003478665194250936,0.0,0.0026845708209990438,-0.4104477611940298,-0.2672354835610691,0.611697040612629,1.987794117299665,-0.926206877879614,1.415048218033268,1.241167621008123,0.50423803551965,1.4245251455172872,0.35642221897455745,-0.7544678051886373
2021-12-10,58786.671875,58859.91015625,58414.76171875,58696.7109375,5600,50.435721578486984,92.98120756895116,74.70442442023487,88835300,892.6512306963238,59595.49109375,54236.87759765625,-413.2678733198554,1.5184585250792848,1.0,-0.008560613893402177,0.0,-0.0003478665194250885,-0.2911392405063291,-0.23183408841778988,0.7008509162877783,2.7215073957782843,-0.6903419702942459,0.9760812981813229,0.8640699277052076,0.29361935182962473,1.4217202522700942,0.07952852248727188,-0.5663341480502038
2021-12-13,58283.421875,59203.37109375,58242.80078125,59103.71875,5900,46.96170028358696,67.38279275323981,77.25323401667869,88829400,897.5025936823006,59572.894140625,54269.77556640625,-383.3889192034403,1.5398934462138607,1.0,-0.0028538480737581094,0.0,-0.008560613893402125,0.0535714285714286,-0.599927826089151,0.25170508937234504,1.411724786145464,-0.5690334242313696,0.9638055232373861,0.9206232919164232,0.0259743899095808,1.4203562941381014,-0.7027169960432158,-0.11588758509500463
2021-12-14,58117.08984375,58322.421875,57803.87109375,58059.76171875,6800,45.83788331984506,61.48541687152803,73.94980573123966,88822600,870.4346070799935,59552.70875,54303.73755859375,-368.8790297908199,1.4977257282155558,0.0,-0.00566199365168983,0.0,-0.002853848073758103,0.15254237288135597,-0.6986754833059762,0.09001246657151704,1.0681237840855424,-0.48243496012971104,0.6322243000067307,0.6481771640896358,-0.3232300246089046,1.4241240495007343,-0.2082377005719805,0.009994949830604356
2021-12-15,57788.03125,58218.25,57671.609375,58122.0,7600,43.61425469592442,49.81849860047948,59.56223607508244,88815000,847.3064655028511,59533.1578125,54338.22890625,-379.55682157819683,1.4662317562563634,0.0,0.001957314906795687,0.0,-0.005661993651689845,0.11764705882352944,-0.90470064804395,-0.1744925061772444,0.4855935345321076,-0.46052463988058123,0.35823276594291065,0.4437210015220142,-0.7293885186647326,1.43094046291603,-0.42174794866984283,-0.05019755881296776
2021-12-16,57901.140625,58337.19921875,57683.109375,58243.4296875,5200,44.60894387981211,53.82884161804239,55.044252363349955,88820200,833.5052782347902,59505.19421875,54379.0130078125,-374.57420891498623,1.4395317073855836,0.0,-0.015360705059512807,0.0,0.0019573149067957374,-0.3157894736842105,-0.7582114393042615,-0.017188125427321687,0.6355897189287827,-0.39780291473779844,0.18406501775719886,0.26693624630646595,-0.3496292725128327,1.4543229890196625,0.2982718052533404,-0.6153867552415967
2021-12-17,57011.73828125,58062.28125,56950.98046875,58021.62890625,8600,38.8111945962356,12.88352131571102,38.843620511410954,88811600,853.3478141644481,59450.53140625,54415.3146484375,-437.3512753165778,1.4967931866148638,0.0,-0.020868098366530193,0.0,-0.015360705059512814,0.6538461538461537,-1.379564692778686,-0.7560092484154725,-1.2663121376606024,-0.5252608336687916,0.3667302084092841,0.5430335553711346,-0.8596794665542014,1.4688603026098757,-1.29080603888847,0.6501142399407677
2021-12-20,55822.01171875,56538.1484375,55132.6796875,56517.26171875,13300,32.6905959826276,16.934028214264124,27.882130382672504,88798300,926.6128698491303,59383.17703125,54440.51625,-576.4584887330129,1.6599417350233032,1.0,0.008903297905207224,0.0,-0.02086809836653014,0.5465116279069768,-2.0840689644069013,-1.4574685527395017,-1.0387607465821553,-0.8703827729082806,1.0849374909234988,1.3421493919531744,-1.6273848451386939,1.4590903456081532,-1.6491126559638707,0.4620373821104646
2021-12-21,56319.01171875,56900.73828125,56047.21875,56320.01953125,7400,37.14960944981444,29.14325633794167,19.653601955972263,88805700,937.4781336099068,59316.000703125,54466.914765625,-639.2295705979413,1.6645855546818782,1.0,0.010858622272244186,0.0,0.008903297905207275,-0.443609022556391,-1.5923770347094348,-0.8190743192627912,-0.4528359293342237,-0.9944843009726803,1.1223247472696565,1.2734690473593688,-1.0912901305243807,1.4557811098125018,1.0007605127931922,-1.053832434945239
2021-12-22,56930.55859375,56989.01171875,56471.03125,56599.46875,6100,42.2216876106641,44.16642596610488,30.081236839436883,88811800,918.3725526377706,59253.430703125,54506.0676171875,-632.3401595736213,1.6131451637268708,1.0,0.006757753054828377,0.0,0.010858622272244212,-0.17567567567567566,-1.0692249378100074,-0.09115148027233343,0.2401958536771266,-0.9171671898296282,0.858904115312134,0.9341016461171942,-0.6135334014033238,1.4881191495526822,1.1116874997582904,-0.517086162699902
2021-12-23,57315.28125,57490.51953125,57146.28125,57251.1484375,6000,45.2168975926252,53.6174655526309,42.30904928555915,88817800,892.7717229850726,59197.020703125,54543.39482421875,-589.0461907844947,1.5576504267525908,1.0,-0.0033319675326551764,0.0,0.006757753054828397,-0.016393442622950838,-0.7233958952712828,0.37188610854355136,0.6649895046156195,-0.7306949953973578,0.5333266405050205,0.5820264566138295,-0.11901465720424319,1.5162605490080263,0.7247359619245148,-0.1831568529166859
2021-12-24,57124.30859375,57623.69140625,56813.421875,57567.109375,6400,43.99762785883524,48.926059666230685,48.90331706165548,88811400,886.8787092897103,59133.820703125,54577.5319140625,-563.6479235333609,1.5525416956849507,1.0,0.005180451103654633,0.0,-0.003331967532655189,0.06666666666666665,-0.817330084748503,0.21918914687611668,0.42638844891475314,-0.5972372092560908,0.418185837620732,0.5033058096072844,-0.5648774812519944,1.5362265523764536,-0.15612672047272103,-0.03291974917881154
2021-12-27,57420.23828125,57512.01171875,56543.078125,56948.328125,5700,46.409152411395446,56.195824381031706,52.91311653329776,88817100,892.7397724654453,59067.484453125,54607.40986328125,-513.7187314017501,1.554747592813387,1.0,0.008311393365565998,0.0,0.005180451103654615,-0.109375,-0.5300930431268771,0.6517522851861939,0.7789417426967766,-0.37177884230020286,0.4358703842168307,0.4654427953214983,-0.06142134249941087,1.54507815159133,0.6148560987990784,-0.37137545371232694
2021-12-28,57897.48046875,57952.48046875,57650.2890625,57751.2109375,5500,50.13812224426658,67.91968501972465,57.680523022329,88822600,866.9899449679135,58999.315078125,54642.666875,-430.67547210888006,1.4974571223973534,0.0,-0.0015716087602311603,0.0,0.008311393365566078,-0.03508771929824561,-0.036803522759834936,1.3252192960361473,1.3092445598258406,0.011935554883796646,0.06335806021438267,0.04881084176833057,0.5167073013648489,1.5699661943212528,0.8576649290705678,-0.21780339759448883
2021-12-29,57806.48828125,58097.0703125,57684.578125,57892.30859375,5300,49.431877367472666,65.68438446708896,63.26663128928177,88817300,834.5258194344912,58920.133046875,54679.67271484375,-367.96374292376277,1.4436542406350885,0.0,-0.0002104948615940536,0.0,-0.0015716087602312134,-0.036363636363636376,-0.04861059497301254,1.2411950112979069,1.1579806698736363,0.38323499424293783,-0.4545882640386847,-0.4092105163630683,0.10912133698999264,1.5993609370404789,-0.018902164710874875,-0.22582348109740263
2021-12-30,57794.3203125,58010.03125,57578.98828125,57755.3984375,7300,49.33180528960465,65.38546795547823,66.32984581409728,88810000,805.7056158141704,58841.6984375,54716.43896484375,-315.6079669334358,1.3940913422939052,0.0,0.007950608252081432,0.0,-0.00021049486159407937,0.37735849056603765,0.019879709088634335,1.2103416127325646,1.093211900811524,0.7909087201812501,-1.045769794878833,-0.9542318111402717,-0.5964436380193328,1.6258792918628528,0.08582055613319013,1.154649204402233
2021-12-31,58253.8203125,58409.30078125,57846.51953125,57849.76171875,7000,53.186000211764956,95.25485357319552,75.44156866525424,88817000,792.0823910238726,58781.575625,54752.5806640625,-234.33654167682107,1.3597089199897656,0.0,0.015954291624382468,0.0,0.007950608252081492,-0.04109589041095896,0.6853695226180249,1.7068315190351542,2.1266455942974924,1.4374785650648063,-1.5257585607792095,-1.507195380386184,0.10358426489574447,1.6473276325994164,0.7549646258234856,-0.26461367825160115
2022-01-03,59183.21875,59266.390625,58306.44921875,58310.08984375,8200,59.84013500195581,97.98796102926585,86.20942751931318,88825200,807.8315282721675,58746.77,54792.09919921875,-93.85179990394681,1.3649672074859354,0.0,0.011366582482471013,0.0,0.015954291624382444,0.17142857142857149,1.7931579163293967,2.3831347295104286,2.0119425290476323,2.2907679029912416,-1.3271996567268707,-1.5305037434920998,0.8798717371351078,1.6749076052620262,1.3707679454197579,0.49981100751092017
2022-01-04,59855.9296875,59937.328125,59084.3984375,59343.7890625,9100,63.84589308189769,98.30583988487712,97.18288482911282,88834300,811.0528253598698,58727.456171875,54837.41845703125,70.94767997398594,1.3550083167937927,0.0,0.006135043794611514,0.0,0.01136658248247091,0.10975609756097571,2.3701444837864343,2.513266180178717,1.8296826817086977,2.8799942744862292,-1.3097761459446007,-1.6450979678382038,1.669346431311473,1.7125933040433705,0.9277001544766915,0.2858119533916907
2022-01-05,60223.1484375,60332.71875,59661.37890625,59921.98046875,8600,65.84844593260854,97.89289443438676,98.06223178284323,88842900,801.0733266734505,58712.578125,54886.55880859375,228.54936443704355,1.330175102859011,0.0,-0.010316773696991254,0.0,0.006135043794611494,-0.05494505494505497,2.433231376286894,2.3982472780177546,1.6652547301369207,3.0343791527986794,-1.5325856761600323,-1.8583631660611872,2.225986493665975,1.750874009328857,0.43818531646205633,-0.3243991526051699
2022-01-06,59601.83984375,59781.859375,59290.578125,59731.75,6000,59.81199300180171,85.94474200163761,94.04782544030049,88836900,810.465968518204,58677.6096875,54932.748203125,299.8588377834676,1.3598002522118309,0.0,0.0023960433792712065,0.0,-0.010316773696991244,-0.3023255813953488,1.701138311989314,1.567388652613411,1.1620925207043773,2.790525931937701,-1.3923233295273918,-1.5875611963536904,1.5407413469198044,1.770309310312971,-0.937965512782688,-1.1899199579928028
2022-01-07,59744.6484375,60130.1796875,59401.44140625,59776.1015625,8300,60.703694859881566,86.27767325866293,90.03843656489578,88845200,804.6282765704752,58649.63609375,54982.46333984375,363.7030270829928,1.3467788289225804,0.0,0.010896046520903088,0.0,0.002396043379271129,0.3833333333333333,1.6824547755689017,1.5602904619592048,1.1130574000361728,2.5628897233600365,-1.4230664728334563,-1.5882265477013835,2.0505523408714637,1.794092511054425,0.08276552248619429,1.2039316173256789
2022-01-10,60395.62890625,60427.359375,59987.1796875,60070.390625,7600,64.56355564176445,99.19798187239589,90.4734657108988,88852800,795.9198952082985,58657.8546875,55038.35888671875,461.50870535660215,1.3178435420281438,0.0,0.003663538616237555,0.0,0.010896046520903147,-0.08433734939759041,2.046978699665475,1.8311955454862643,1.465214674044285,2.4691345596354406,-1.4758773761364916,-1.7001481173931519,2.3324877217286297,1.8281785268015045,0.8810181700301147,-0.41572430467150445
2022-01-11,60616.890625,60689.25,60281.51953125,60342.69921875,6500,65.7934073411244,98.25479075201146,94.57681529435676,88859300,768.1920790327058,58684.05390625,55092.1521484375,550.5282347834291,1.2672904715371252,0.0,0.008795377526014433,0.0,0.0036635386162375827,-0.14473684210526316,2.0070690566441183,1.8279210628597886,1.3465101491051927,2.3714097164264967,-1.8190488069808275,-1.9441652205824413,2.459648296302881,1.8478332106136406,0.15592613878134834,-0.6096812512870682
2022-01-12,61150.0390625,61218.19140625,60850.9296875,61014.37109375,6200,68.61951558881243,98.54223117922443,98.66500126787724,88865500,756.2712720482268,58704.28546875,55149.0458984375,656.5294139949547,1.2367469974553245,0.0,0.001394303586018253,0.0,0.008795377526014336,-0.0461538461538461,2.156213362660154,1.927943731839773,1.2667690727979777,2.320364499019509,-1.840605127487199,-1.975027554113504,2.469022254687907,1.8682828315386453,0.6669877171062029,-0.220246837260712
2022-01-13,61235.30078125,61348.5703125,60949.80859375,61259.98828125,9300,69.05975942931921,97.6429150890176,98.14664567341782,88874800,730.7348753840678,58728.4103125,55204.9651953125,738.8984588729872,1.1933229135175831,0.0,-0.0002003669630664553,0.0,0.0013943035860182196,0.5,1.9930131206413586,1.7875099539228454,1.1525936582100402,2.2191314369251036,-2.0325032219696215,-2.0633245618310876,2.5708042762342114,1.8779175924308251,-0.020102912606544177,1.6041533400930894
2022-01-14,61223.03125,61324.58984375,60757.03125,61040.3203125,6900,68.90993795196172,96.66968217008476,97.61827614610893,88867900,719.0794266959201,58757.4325,55265.17880859375,794.0333495594969,1.1745243775330383,0.0,0.0014027222190178634,0.0,-0.00020036696306646729,-0.25806451612903225,1.7967523970469104,1.6281241786273457,1.049047711940366,2.0868991141674473,-1.9926122109795021,-1.9770269480432514,1.966640721143668,1.8922980510932084,-0.2322764368119149,-0.9978218859144488
2022-01-17,61308.91015625,61385.48046875,61107.6015625,61219.640625,7600,69.41016748695063,97.98842848669317,97.4336752485985,88875500,687.5651038069258,58782.25828125,55329.52275390625,835.0321270966815,1.1214766370085825,0.0,-0.009037035234160308,0.0,0.0014027222190178268,0.10144927536231885,1.7024695090954733,1.5643576259863807,1.0543158459169935,1.962165462663934,-2.195310613815694,-2.1074138738924333,2.0953428515429824,1.910327922095356,-0.13636363743779323,0.21145644057439653
2022-01-18,60754.859375,61475.1484375,60662.5703125,61430.76953125,12500,62.43111328668595,81.51284768557183,92.05698611411658,88863000,696.4946053207168,58786.44328125,55388.25455078125,813.439857693098,1.1464014771587425,0.0,-0.01079813317401823,0.0,-0.009037035234160329,0.644736842105263,1.2512904328044419,0.8540521649033648,0.3855998139070406,1.7551300493437827,-1.8972251375601985,-1.7845914829640666,1.392268539731988,1.9071645056546218,-1.2288462052727223,2.020096480857754
2022-01-19,60098.8203125,60870.171875,59949.21875,60845.58984375,7000,55.336192321623585,62.07029816056986,80.52385811094494,88856000,712.5273567263799,58779.750703125,55438.06576171875,734.9192671895071,1.1855929168349761,0.0,-0.010552606780837134,0.0,-0.010798133174018232,-0.43999999999999995,0.796523511769423,0.17268590736777858,-0.3766729505701704,1.481350947815075,-1.575074088721154,-1.4289595051839585,1.016410549383163,1.8789346034987473,-1.3574155414820133,-1.5033299138856517
2022-01-20,59464.62109375,60045.48046875,59068.30859375,60045.48046875,11800,49.481910459251395,36.55038850474675,60.044511450296135,88844200,735.2405254423528,58761.98671875,55487.843125,614.4337470121754,1.2364335497626335,0.0,-0.007188163287479957,0.0,-0.010552606780837137,0.6857142857142857,0.38500585104283414,-0.37198635797108603,-1.2885680433988869,1.1677049877842482,-1.1835803204214144,-1.0312261959150266,0.47874198779388744,1.8517214188948685,-1.2427113514424506,1.962830139686017
2022-01-21,59037.1796875,59329.62890625,58620.9296875,59039.37109375,7600,45.95320255430355,14.583675480374445,37.73478738189701,88836600,742.9870169286133,58744.336484375,55532.8798828125,478.93627575344726,1.2585069626656415,0.0,-0.02618126368725005,0.0,-0.007188163287479954,-0.35593220338983056,0.11305245679371631,-0.6834647336021212,-1.9106390783351643,0.8540921190032332,-1.0055581656112942,-0.8319763210931341,0.1350199451328282,1.8152235912707253,-0.8253103110590027,-1.2820138311932643
2022-01-24,57491.51171875,59023.96875,56984.01171875,59023.96875,10800,35.965247038127856,11.300034529816104,20.811366171645755,88825800,836.571370630141,58680.432890625,55574.54083984375,244.01817653929174,1.4551215398938722,0.0,0.006377232182441063,0.0,-0.026181263687250045,0.42105263157894735,-0.8264202465636357,-1.5206507328097543,-1.839170048947148,0.3760951766157209,0.3458485014881361,0.4580683139389522,-0.34460467183297183,1.7747223236582186,-2.568652694144387,1.0706662289842304
2022-01-25,57858.1484375,57966.9296875,56409.62890625,57158.62890625,10400,39.33356972779612,28.595675573134233,18.159795194441585,88836200,888.0520428172738,58623.221640625,55617.82462890625,86.43207435966178,1.534878088566164,1.0,-0.010045379033825049,0.0,0.006377232182441128,-0.03703703703703709,-0.5929553840190775,-1.1779690198454646,-1.1907307469424862,0.04916504423484233,1.0685829229649513,0.9636013524000615,0.10231697806140104,1.741950457805785,0.6413743899590116,-0.30339370928933024
2022-01-27,57276.94140625,57508.609375,56439.359375,57317.37890625,10300,36.092458032032795,17.121886405716342,19.005865502888884,88825900,925.9618299374686,58562.313046875,55655.90052734375,-84.38189507576317,1.616639798151702,1.0,-0.0013392987756785035,0.0,-0.010045379033825075,-0.009615384615384581,-0.9324679774790415,-1.405529514948287,-1.4764361690713153,-0.30044383120326135,1.5126077088453729,1.414599094092644,-0.382326937221667,1.7012164399044258,-0.9596338980864725,-0.20706988118238798
2022-01-28,57200.23046875,58084.328125,57119.28125,57795.109375,13000,35.67462652560965,15.607511877560682,20.441691285470412,88812900,928.7536188705064,58506.15109375,55693.170625,-223.36827759553853,1.6236885957617062,1.0,0.014229687530624159,0.0,-0.0013392987756785102,0.2621359223300972,-0.9544244687392143,-1.3782557943503533,-1.4313418232012645,-0.5838867511797672,1.4511701521968203,1.3739153573071146,-0.9546626521859943,1.6626036574298213,-0.09642056544116502,0.5704316793110054
2022-01-31,58014.171875,58257.62890625,57746.1484375,57845.91015625,7400,43.189686419277805,31.675782885670817,21.468393722982608,88820300,937.9425344868988,58473.714296875,55735.2848828125,-264.7854363065271,1.6167472604932343,1.0,0.014623986003419963,0.0,0.014229687530624258,-0.4307692307692308,-0.4910432767251802,-0.7719356822486892,-0.9854232148297185,-0.6826769947396818,1.4796114270191307,1.2772353927403925,-0.6409212225163252,1.638351173089664,1.3417688748477923,-1.489531070898793
2022-02-01,58862.5703125,59032.19921875,57737.66015625,58672.859375,14000,49.776139776603976,48.42428088801972,31.902525217083735,88834300,963.4137150592632,58481.647890625,55790.18083984375,-226.53877149255277,1.636717034177275,1.0,0.011820037908746393,0.0,0.014623986003419853,0.8918918918918919,-0.03452121172240638,-0.27688665126357936,-0.512329566848696,-0.6452275432592315,1.74477498233884,1.4100750873699643,-0.05954984567881368,1.6443326368755458,1.334934720049711,2.456542576442002
2022-02-02,59558.328125,59618.51171875,59193.05078125,59293.44140625,8500,54.44102822631776,62.15945273382466,47.41983883583839,88842800,948.5942644300301,58499.527890625,55845.2521875,-138.48974966971582,1.592714729062133,1.0,-0.01293368396999475,0.0,0.011820037908746306,-0.3928571428571429,0.3689250928713557,0.08975431042825122,-0.10657245665798848,-0.51941354893131,1.5451823629464214,1.1859372833169834,0.2999974849772745,1.650221836286777,1.0231447462751546,-1.320559894988176
2022-02-03,58788.01953125,59557.87109375,58653.94140625,59528.16015625,7100,49.013093433735335,46.95255067772077,52.512094766521706,88835700,945.4365825957422,58508.468515625,55895.17388671875,-129.37636113707413,1.6082130170981104,1.0,-0.00243585716769859,0.0,-0.012933683969994725,-0.16470588235294115,-0.21280004841396014,-0.4383628705637428,-0.6138472299549154,-0.5569388840666532,1.4726714465603987,1.2831295059442505,-0.09597430096388981,1.6438773322039062,-1.4196197839030873,-0.6491262305670512
2022-02-04,58644.8203125,58943.62109375,58446.94921875,58918.6484375,7300,48.05391876350983,44.125610264865166,51.07920455880352,88828400,913.3819606246177,58505.463125,55944.23783203125,-132.18516693187848,1.5574810456532895,1.0,-0.01745471979955604,0.0,-0.002435857167698563,0.028169014084507005,-0.3566555958559578,-0.540359475227586,-0.6929648487812795,-0.6195029087650743,1.066158168058256,0.9735598601622043,-0.49507640563446575,1.6361619451457206,-0.32937867599081244,-0.08420893389110035
2022-02-07,57621.19140625,58707.76171875,57299.05078125,58549.671875,11500,41.76237335208304,23.91783295919949,38.3319979672618,88816900,948.7626018300022,58515.743984375,55992.5966796875,-214.53642135023256,1.6465515180706465,1.0,0.003252045196859201,0.0,-0.01745471979955604,0.5753424657534247,-1.1409022767590127,-1.1179323361309494,-1.2973363231582866,-0.8609804109906996,1.4275534128316216,1.4631611015948396,-1.1159562448647327,1.6282141970470088,-1.7131584893651275,1.427187285969128
2022-02-08,57808.578125,57925.8203125,57058.76953125,57799.671875,8900,43.227737877109654,31.362756250771742,33.13539982494546,88825800,942.9260432171449,58526.703984375,56043.11056640625,-261.6635471469417,1.6311178613980915,1.0,0.01137185252296845,0.0,0.003252045196859177,-0.22608695652173916,-1.0222420687960685,-0.9628030724947353,-1.0138671011416172,-1.0176829116065924,1.3117545796088406,1.3324274986046132,-0.6723949173865611,1.6266999829803879,0.28711348149622146,-0.8350420139292307
2022-02-09,58465.96875,58507.609375,58105.1796875,58163.01171875,5900,48.15616675716127,56.55731012121043,37.279299777060544,88831700,925.5049865587773,58554.7259375,56095.03705078125,-243.16317080936278,1.582980674648921,1.0,0.00786889381696938,0.0,0.011371852522968462,-0.3370786516853933,-0.5450383591006739,-0.4982321764912253,-0.2069180909519831,-1.0073015301911494,1.0706157598740906,1.0198978782642873,-0.37759765110784893,1.6290150216019852,1.0510512264509606,-1.0973248782108471
2022-02-10,58926.03125,59060.23828125,58332.28125,58810.53125,6700,51.339808018375564,78.4198891261318,55.44665183270465,88838400,911.3944183224361,58579.55078125,56150.2749609375,-189.1973412478983,1.5466753809632072,1.0,-0.013119997369583582,0.0,0.007868893816969313,0.13559322033898313,-0.22570829300807746,-0.20995323873511948,0.46741468782112505,-0.9048805965572941,0.8705705465125567,0.7822051387120623,-0.055610245201846036,1.6385076247755577,0.6807723907616515,0.19423087913448028
2022-02-11,58152.921875,58447.1484375,57914.1015625,58447.1484375,5700,46.20499391839804,54.32709982300109,63.10143302344776,88832700,918.5755089779763,58573.3834375,56199.10701171875,-206.4328683293934,1.5795861658550174,1.0,-0.03004289337353266,0.0,-0.01311999736958358,-0.14925373134328357,-0.8462777724191287,-0.6726101499587274,-0.277594596163061,-0.9668069252218706,0.8969692293545977,0.9209820271588631,-0.43173946802926233,1.635262156658244,-1.2348818498091991,-0.5498794290747852
2022-02-14,56405.83984375,57191.91015625,56295.69921875,56720.3203125,8300,37.16008456009042,3.3146807109940752,45.35388988670898,88824400,985.6217337831207,58547.571015625,56236.4155078125,-356.9523422584389,1.7473753365137272,1.0,0.030780694734968642,0.0,-0.03004289337353261,0.45614035087719307,-2.0293549222555374,-1.404996188654839,-1.7170565183741873,-1.3188582285845907,1.5046414637259433,1.7014685353423522,-0.9420374877175691,1.6112215677452038,-2.4080599308830215,1.071349842896732
2022-02-15,58142.05078125,58211.37890625,56438.46875,56731.55859375,10000,48.04482314606093,55.565926831562116,37.73590245518575,88834400,1044.1872572628977,58575.46921875,56278.4565625,-332.3117146557415,1.7959243666713482,1.0,-0.0025002746170226272,0.0,0.030780694734968694,0.20481927710843384,-0.7203947500580595,-0.4040635016927503,-0.09689046038655252,-1.2144495784751463,1.9083964485547722,1.7784346703588507,-0.3761496879801689,1.6013971157049822,2.399149637927503,0.3805282735625291
2022-02-16,57996.6796875,58569.21875,57780.28125,58310.6796875,7300,47.305969179181616,51.1909856108342,36.690531051130115,88827100,1025.9551317441194,58582.72984375,56319.61025390625,-320.81590603931545,1.7689894271055024,1.0,-0.0018047234654462304,0.0,-0.002500274617022624,-0.27,-0.7765732735429518,-0.4272014849777663,-0.18873290387269953,-1.1290771939719533,1.5856256650589764,1.5127398454732637,-0.789712886806768,1.5924526225513933,-0.11897770813817043,-0.8703879868727682
2022-02-17,57892.01171875,58346.0,57635.4296875,58217.69140625,6400,46.748526319873214,48.04100442020126,51.59930562086584,88820700,1003.4276446552537,58567.576484375,56365.158515625,-316.5027782083416,1.7332747901905519,1.0,-0.0010198811027131267,0.0,-0.0018047234654462452,-0.12328767123287676,-0.7970243726542481,-0.43085980803903645,-0.2432250120261771,-1.054526242324829,1.276706110617209,1.2468980394178046,-1.0997507534939137,1.5947412847767486,-0.044500522547855616,-0.46763095799591153
2022-02-18,57832.96875,58175.3515625,57488.390625,57488.390625,9800,46.41625444818043,46.2641070252986,48.49869901877801,88810900,980.8228798584498,58548.09328125,56410.73076171875,-314.2266581475051,1.6959580340728224,1.0,-0.002582936852087504,0.0,-0.001019881102713116,0.53125,-0.7909091882584723,-0.42355369359349804,-0.26250588160132854,-0.9864360653982549,1.001785888856313,1.003084787151452,-1.5461411466089987,1.598738959884843,-0.007407548281257934,1.2053751036127396
2022-02-21,57683.58984375,58141.9609375,57167.01953125,57551.6484375,6600,45.53445152322159,41.768550738267656,45.35788739458917,88804300,980.4027746007034,58526.031640625,56457.88115234375,-320.7787086480166,1.6996216380713514,1.0,-0.00663811245602441,0.0,-0.0025829368520875473,-0.326530612244898,-0.8432686726263149,-0.46398931578233504,-0.3696444923017132,-0.9394721210251903,0.9358123059174065,0.9561327727419167,-1.7377340088211422,1.6071467689307102,-0.11782947790198882,-1.0081464214654503
2022-02-22,57300.6796875,57505.8515625,56394.8515625,56438.640625,14100,43.26544913446391,30.80709745711973,39.613251740228655,88790200,1002.4267393613675,58506.376796875,56500.996796875,-352.80202325784194,1.7494150939016602,1.0,-0.0011975616017861918,0.0,-0.006638112456024414,1.1363636363636362,-1.0452442945402225,-0.6277242240570505,-0.6901569880348121,-0.947400134480761,1.060779374688241,1.1088614529310876,-2.1813084143485297,1.6068895194349855,-0.39743431371920146,2.446868882903074
2022-02-23,57232.05859375,57733.37109375,57109.23828125,57632.94140625,6200,42.853328051322876,33.870361526135966,35.48200324050777,88784000,975.4057445855555,58488.676171875,56542.40828125,-379.3450262483602,1.7042995980788889,1.0,-0.04721389556648041,0.0,-0.00119756160178619,-0.5602836879432624,-1.0272333296613874,-0.6168708384752867,-0.531639981646517,-0.9430986505913583,0.7646230507908994,0.8426677514690628,-2.1988904647462957,1.6039709142496987,0.05150909080243486,-1.4586754600679481
2022-02-24,54529.91015625,55996.08984375,54383.19921875,55418.44921875,15600,30.52355709085208,3.136833700541709,22.60476422793246,88768400,1109.22386104373,58423.51375,56567.54578125,-611.3738067822633,2.0341567735310035,1.0,0.02436478202867019,0.0,-0.04721389556648037,1.5161290322580645,-2.6171108215483994,-1.7641012468083859,-1.5819160474522762,-1.3805623640341647,1.8000328013157396,2.1271488013266104,-2.520891006762801,1.5671726189243125,-2.944446130512843,2.7049575400445938
2022-02-25,55858.51953125,56183.69921875,55299.28125,55321.71875,9900,39.708919832638216,31.543895460034978,22.850363562237543,88778300,1148.1213754334635,58382.661328125,56601.0293359375,-680.209581482246,2.0554096046014037,1.0,0.0069597569361376935,0.0,0.024364782028670096,-0.3653846153846154,-1.6333799398871947,-0.7821337852406429,-0.4584553853776116,-1.4534233146973983,1.954048269367342,2.025051027172365,-1.9645557925571557,1.5526849573579393,1.7479635232713284,-0.9145440862922611
2022-02-28,56247.28125,56324.5390625,54833.5,55329.4609375,7700,42.12024769787624,39.85602870405789,24.845585954878185,88786000,1172.6154959382163,58367.3721875,56638.81173828125,-695.3767370137721,2.0847505334992813,1.0,-0.013838585531634029,0.0,0.0069597569361377065,-0.2222222222222222,-1.3158412441004625,-0.4656467438345597,-0.048866579974395544,-1.4260695729808794,1.9848697728917233,1.9803300112286297,-1.552684225303908,1.5489755593566548,0.6146203849522659,-0.6394384911673275
2022-03-02,55468.8984375,55755.08984375,55020.1015625,55629.30078125,12400,38.77626797175887,23.213387877279462,31.53777068045743,88773600,1176.5129381926292,58360.309921875,56672.4934765625,-761.428530669371,2.121031733698974,1.0,-0.006602235853171661,0.0,-0.013838585531634084,0.6103896103896105,-1.81208814708619,-0.9026381894934665,-0.7653855901590881,-1.5440973232714241,1.8989451974667713,1.99696003170883,-1.9527577197806976,1.5356690079138777,-0.6715886959694529,0.9347224100592116
2022-03-03,55102.6796875,55996.62109375,54931.48046875,55921.44140625,9900,37.27677951856303,17.187699755790526,26.75237211237595,88763700,1168.5577729645843,58335.98328125,56700.10322265625,-833.7152945799535,2.1206913703503076,1.0,-0.013953424735610776,0.0,-0.006602235853171656,-0.2016129032258065,-1.9748980574791803,-1.1296285700494804,-1.0316623443407769,-1.7053424150967078,1.7478916498261268,1.8871267311944042,-2.1604147688759583,1.5097282390032563,-0.2198505082382022,-0.5753087257556366
2022-03-04,54333.80859375,55013.26953125,53887.71875,54653.58984375,11000,34.27961429006507,9.528780171953434,16.64328926834113,88752700,1171.872284717114,58284.04828125,56720.805625,-942.1836407967276,2.1568012901122384,1.0,-0.02744255616053972,0.0,-0.013953424735610787,0.11111111111111116,-2.312986677092701,-1.557019263741696,-1.3528157790700315,-1.9740101964373034,1.7029600033926569,1.9249093251969578,-2.322383753567397,1.4713937099494223,-0.6756837987326703,-0.003966715617871852
2022-03-07,52842.75,53203.87109375,52367.1015625,53172.51171875,17100,29.351036623141184,7.669130123156029,11.461870016966655,88735600,1228.6461951837487,58194.59765625,56735.506171875,-1135.3736729090597,2.32509889281642,1.0,0.011001316997128273,0.0,-0.0274425561605397,0.5545454545454545,-2.8391311455038575,-2.143973205077312,-1.3549000285863144,-2.419850379343448,2.0717909981165774,2.3983251203614917,-2.5490700038363103,1.423475534695134,-1.4397217838908503,0.8906271041809746
2022-03-08,53424.08984375,53484.26171875,52260.8203125,52430.05859375,16300,33.373156231603886,18.440013622712776,11.879307972607402,88751900,1228.2744245456238,58120.59328125,56754.80232421875,-1227.4199649724615,2.29910219928495,1.0,0.02289675471922157,0.0,0.011001316997128363,-0.04678362573099415,-2.1877073995348106,-1.3823860646805222,-0.8039185099648021,-2.502652175914468,1.971028770634483,2.1243015266111094,-1.8069047775791276,1.391907516024208,0.8533929498661406,-0.3358333637604137
2022-03-09,54647.328125,54893.73046875,53367.51953125,53793.98828125,14100,40.98635680587546,39.21836223509217,21.775835326986982,88766000,1249.5556040423648,58065.135078125,56775.3365625,-1187.9680521022165,2.2865813332797136,1.0,0.014951554413256138,0.0,0.02289675471922159,-0.13496932515337423,-1.3574453240512503,-0.2152308408829672,0.24544095748019212,-2.184599245197243,1.9820531872975131,1.8902399996759174,-1.2524459587867973,1.368166774057009,1.463828855604032,-0.4781407813059321
2022-03-10,55464.390625,56242.46875,54982.8203125,56242.46875,9800,45.46858245603021,54.16439912292289,37.27425832690927,88775800,1274.2402483964818,58016.47328125,56799.3990234375,-1078.3415613679535,2.297402412679048,1.0,0.0015489245492814787,0.0,0.01495155441325613,-0.3049645390070922,-0.8339620334846387,0.46854741500820374,0.9888715810236166,-1.7298716869753206,1.9863957410057203,1.7639845960282896,-0.8779315148749282,1.3574545746638558,0.9588574535623522,-0.7971097888361343
2022-03-11,55550.30078125,55833.94921875,55049.94921875,55218.78125,9700,45.93357167585353,55.932695347681815,49.771818901898946,88785500,1239.223087796733,57971.34953125,56823.96287109375,-973.3098360904769,2.2308125615316388,1.0,0.016844530755733278,0.0,0.0015489245492814607,-0.010204081632653073,-0.7450590917613523,0.49778277388591546,1.0126427547520664,-1.3317761717503918,1.5580905368002813,1.4003569195576069,-0.5254911055900522,1.3526379891105946,0.14433085223125458,-0.20456276722610242
2022-03-14,56486.01953125,56545.828125,55556.46875,55614.3984375,9100,50.84954117792221,77.20712676118669,62.43474041059712,88794600,1221.816248936252,57945.183515625,56851.30537109375,-805.2839420857272,2.1630418625272423,1.0,-0.01255475203661083,0.0,0.016844530755733222,-0.061855670103092786,-0.20193362444600096,1.2109295886933638,1.9340584088136004,-0.8021650209672554,1.3168587478884717,1.0751847808154202,-0.2123864981484137,1.360132647357563,0.998378376708315,-0.28686056786677483
2022-03-15,55776.8515625,56720.6015625,55418.94921875,56663.87109375,8100,47.336629025843465,64.2484901564841,65.79610408845086,88786500,1227.5188271372338,57895.644140625,56874.61353515625,-721.0345019300366,2.2007675097289314,1.0,0.018642086203716064,0.0,-0.012554752036610828,-0.10989010989010994,-0.5623411325673169,0.6155119396580844,1.1967797922167114,-0.5238090658544244,1.2689518354243148,1.1328033457518405,-0.439308620001942,1.361143483479754,-0.6672874765673961,-0.4116105386866541
2022-03-16,56816.6484375,56860.890625,56389.26171875,56555.328125,6900,52.51637215735843,99.03822801621578,80.16461497796217,88793400,1217.2702725202887,57848.312734375,56901.5823828125,-563.863429136487,2.1424534990995148,1.0,0.018432647451073085,0.0,0.01864208620371599,-0.14814814814814814,0.06786811053005101,1.4080106102812417,2.4998453798797446,-0.04697870211164423,1.1091575582419628,0.8616124276705771,-0.1750741260554149,1.3750905606265624,1.1435121225380052,-0.43899725163475667
2022-03-17,57863.9296875,58095.83984375,57518.05859375,57620.28125,7200,57.09377731437004,96.0255461869839,86.43742145322791,88800600,1221.6932106438394,57808.472734375,56931.21482421875,-350.7541022567966,2.111320847446271,1.0,-0.009875606605637174,0.0,0.01843264745107298,0.04347826086956519,0.7408089167303689,2.0607275778414174,2.1504266068925295,0.5971913645689966,1.0696300049542191,0.6959577846598799,0.11474666794648142,1.3986400360847082,1.104955745166741,-0.06068146189948448
2022-03-21,57292.48828125,58127.94921875,57229.078125,58030.41015625,6400,54.03302754509665,85.76031052240867,93.60802824186946,88794200,1198.634488008565,57749.85953125,56958.00287109375,-225.37597711166018,2.0921320123581366,1.0,0.012162371035088111,0.0,-0.009875606605637133,-0.11111111111111116,0.4361302092918021,1.5170953927755393,1.6053106370232115,0.9845354619568614,0.8304274890549445,0.5763503179660135,-0.06020643539364061,1.4160226404806497,-0.5280376094420307,-0.4020551488543914
2022-03-22,57989.30078125,58052.87109375,56930.30078125,57297.5703125,7800,57.05623582384541,97.63686055453283,93.14090575464179,88802000,1193.201332615096,57717.60875,56988.70197265625,-68.99068274311139,2.057623245219229,1.0,-0.005250631834630593,0.0,0.012162371035088215,0.21875,0.8984979777509352,1.8187853995582222,1.8659045305296422,1.4290577207346793,0.7338706991975826,0.3978456619548295,0.2549039409649385,1.447880921915581,0.7075558944737448,0.303494806216652
2022-03-23,57684.8203125,58416.55859375,57568.58984375,58198.640625,9100,55.343398253774325,88.1129078622652,90.50335964640222,88792900,1168.5418624283034,57676.4121875,57015.96392578125,30.03058665097342,2.0257354640230827,1.0,-0.0015453047182446313,0.0,-0.0052506318346305925,0.16666666666666674,0.7034777737102467,1.4579112045405174,1.4093378727972505,1.6419171904855403,0.48528280636196414,0.23040600344961154,-0.04832206504306284,1.4707232563812282,-0.3151996820518068,0.22420645438429798
2022-03-24,57595.6796875,57827.98828125,57138.51171875,57190.05078125,51400,54.82449236228975,86.66481795123833,90.80486212267878,88741500,1134.3229124334246,57620.413203125,57043.4420703125,100.15819131412718,1.9694583319234737,1.0,-0.004053784416067448,0.0,-0.0015453047182446555,4.648351648351649,0.653702358136493,1.2951853473139712,1.264040990926113,1.7284718566366852,0.15171426209828195,-0.040535675138885396,-1.7774280127349347,1.4955830315270722,-0.09095045439555789,4.669368052941441
2022-03-25,57362.19921875,57845.37109375,57100.23828125,57801.71875,6900,53.41188885347296,82.87192653704084,85.88321745018145,88734600,1106.523619581037,57555.319375,57068.6105078125,135.33484485290683,1.9290118486589465,1.0,0.004032081504022922,0.0,-0.0040537844160674075,-0.8657587548638133,0.5401828480041511,1.0669737046937917,1.0815634961219134,1.712973655100208,-0.14835078391447448,-0.26778147374485717,-1.85633409275258,1.5129598462674894,-0.20817976020909637,-1.1186666389062077
2022-03-28,57593.48828125,57638.33984375,56825.08984375,57472.71875,6300,54.65822000317329,86.62921854545016,85.38865434457642,88740900,1085.5755038966774,57484.188359375,57095.20009765625,179.80303315419587,1.8848927826621935,1.0,0.006079856711231664,0.0,0.0040320815040229,-0.08695652173913049,0.744877838773302,1.1963168675455436,1.1867101079550257,1.7222994719192373,-0.41936830339521514,-0.5421903564973145,-1.5448973807805086,1.53394655924721,0.27280594713146133,-0.3011710758728785
2022-03-29,57943.6484375,58001.53125,57639.3515625,57814.76171875,12100,56.55323272237547,90.63366017976811,86.71160175408636,88753000,1037.180322814772,57418.3553125,57125.21013671875,240.52674832581397,1.7899810432777805,1.0,0.012776893822082257,0.0,0.006079856711231679,0.9206349206349207,0.9900821937333886,1.3484516628479597,1.244155088544277,1.7513161019584602,-0.9898390493813398,-1.0683379971821052,-1.0607448059667672,1.5658887888478839,0.3579817943156124,0.7027518618100459
2022-03-30,58683.98828125,58727.78125,58176.0,58362.8515625,6300,60.328448888397496,98.83061614043872,92.03116495521898,88759300,1019.1055006494311,57367.574453125,57157.127734375,344.4197121545658,1.7365989096808598,1.0,-0.0019677695037795457,0.0,0.012776893822082247,-0.47933884297520657,1.3887870286042623,1.6646172687468994,1.4196736122602875,1.8270611512389994,-1.2087721869747479,-1.323734811594113,-0.7785851294432299,1.6052283540264332,0.7040867334121819,-0.7027142273823535
2022-03-31,58568.51171875,58890.921875,58485.7890625,58779.7109375,4400,59.46056663544928,91.60602833958276,93.69010155326318,88754900,975.2503086387575,57312.766484375,57187.596484375,412.68051686764375,1.6651444266195052,1.0,0.012091474867941451,0.0,-0.001967769503779526,-0.3015873015873016,1.2898099949973314,1.4578555664044341,1.1186108330652,1.811286145179244,-1.5961064924310204,-1.6035399638541379,-0.9009828837940401,1.6373992726720794,-0.15368000439885446,-0.5013994819972719
2022-04-01,59276.69140625,59396.62109375,58450.0390625,58530.73046875,6400,62.97805139127643,96.98492758405317,95.80719068802487,88761300,973.2025745395605,57283.203125,57221.22228515625,517.9512589719816,1.64179638143054,1.0,0.022522290690118303,0.0,0.012091474867941487,0.4545454545454546,1.657898619682928,1.706160366265645,1.2094198229867288,1.8517689647154691,-1.560694532031898,-1.6466346933671963,-0.5974729587410844,1.6789193651361578,0.7375260031356107,0.2445409962039303
2022-04-04,60611.73828125,60845.1015625,59760.21875,59764.12890625,12600,68.52287071895752,95.69928622592407,94.76341404985332,88773900,1015.7174018045919,57293.461484375,57260.41572265625,701.0252234814034,1.6757767234648013,1.0,-0.0071807589353470045,0.0,0.02252229069011835,0.96875,2.2309435993656894,2.05577884811987,1.0976161829440305,1.9904287859660181,-1.146461066989837,-1.4637400950259238,0.009984356921158183,1.7346651881693511,1.325339368676842,0.7270103899060086
2022-04-05,60176.5,60786.0703125,60067.1796875,60786.0703125,6800,65.09974635226588,84.99493729699876,92.55971703565865,88767100,994.5154891756926,57307.6990625,57298.7883203125,801.7504869320182,1.652664228022056,1.0,-0.009407158006032255,0.0,-0.007180758935346976,-0.46031746031746035,1.8319565578772676,1.575905196047742,0.7272646022690342,1.958033072401514,-1.3729684406252023,-1.5468028293806664,-0.24926868725263218,1.7772201267557994,-0.5452687211312496,-0.6831253157223516
2022-04-06,59610.41015625,59941.5703125,59509.83984375,59815.7109375,10600,60.84242343083031,69.28637296027783,83.3268654944002,88756500,971.0972511095716,57319.163671875,57335.22373046875,826.3713697701678,1.629073258452919,1.0,-0.009653698674302182,0.0,-0.009407158006032201,0.5588235294117647,1.4416987440177744,1.0966247430843388,0.2250124134589389,1.8173704547064633,-1.598209312564123,-1.6161686433204416,-0.7128879806278132,1.8014133858123698,-0.6670211254535847,0.31407947951706383
2022-04-07,59034.94921875,59504.921875,58977.3515625,59402.609375,8300,56.77753177448599,54.971465995804195,69.75092541769358,88748200,946.9516327267451,57350.032421875,57368.67623046875,790.3381818824491,1.6040525913182038,1.0,0.006982820756269443,0.0,-0.009653698674302214,-0.21698113207547165,1.088945795864059,0.6709960658082236,-0.23879134288559106,1.6177147623712165,-1.7701325159171373,-1.6550041533386242,-1.058163557225983,1.8057958795323659,-0.6736207809128145,-0.42885514095225735
2022-04-08,59447.1796875,59654.44140625,58876.359375,59256.96875,8400,58.896062743751045,65.22592537529528,63.161254777125755,88756600,934.8895183355489,57381.813046875,57403.03982421875,785.9848306811618,1.5726389767353905,1.0,-0.008118288832825464,0.0,0.006982820756269437,0.012048192771084265,1.2279527468370814,0.8153594307795361,0.046455303128736476,1.4899313753235408,-1.8330589200612921,-1.7214751526212775,-0.5917107248706884,1.806811491406345,0.348987720377737,-0.21654269724389222
2022-04-11,58964.5703125,59355.76171875,58894.3984375,59333.1796875,9000,55.468302198437435,53.22075203838608,57.806047803161846,88747600,907.5960705972955,57415.565625,57434.91912109375,735.1182397891898,1.5392227328838732,1.0,-0.0065836012488961525,0.0,-0.008118288832825504,0.0714285714285714,0.9253075511699369,0.44432854353919277,-0.4082673440716951,1.3148538560518863,-1.8957861225889074,-1.698608671492307,-0.9932583477840974,1.7971820669765577,-0.8137529493821171,-0.1090670362441392
2022-04-12,58576.37109375,58794.78125,58298.5703125,58743.5,7500,52.80603665117304,43.564083204825856,54.00358687283573,88740100,890.3392084117743,57443.0884375,57466.2705859375,655.9206227537215,1.5199630700693438,1.0,-0.004053535611995851,0.0,-0.00658360124889612,-0.16666666666666663,0.683825813255877,0.14083213308419548,-0.7549426149020496,1.1226441827830327,-1.8506085629652722,-1.6253216789450502,-1.2704622281524423,1.7832340305329912,-0.6474421123226138,-0.3712936970634082
2022-04-13,58338.9296875,59003.8203125,58291.23046875,58910.73828125,6600,51.18773710693461,37.65759777985722,44.814144341023045,88733500,877.6428252216475,57449.58359375,57494.470234375,567.4551340051039,1.5043862304688387,1.0,-0.020092782170139125,0.0,-0.00405353561199584,-0.12,0.5291629125872144,-0.05434205891567715,-0.9506237234434355,0.934655834956387,-1.7743863966357303,-1.5477870477603244,-1.4699321326626693,1.7555603547685832,-0.4199648648861661,-0.32547070777129816
2022-04-18,57166.73828125,57420.80078125,56842.390625,57338.578125,13500,44.01616597412972,8.498692576106063,29.906791186929706,88720000,921.8496993129584,57415.666953125,57515.67873046875,398.1696943558345,1.6125630515731453,1.0,-0.01230767864152867,0.0,-0.0200927821701391,1.0454545454545454,-0.08869669280182307,-0.8261557033440349,-1.8679029224997992,0.6492499862085948,-1.3225809560616233,-1.0804613732508197,-1.8955579831465774,1.704537693021668,-1.6239986789568814,0.8980026160884537
2022-04-19,56463.1484375,57464.078125,56009.0703125,57381.76953125,13500,40.36093125684896,9.389478717698527,18.51525635788726,88706500,959.9324216834614,57353.763359375,57534.3165234375,204.87428037870268,1.7001043127200508,1.0,0.010172149063486237,0.0,-0.012307678641528708,0.0,-0.4794256098458212,-1.2396057786784367,-1.8030073916929972,0.33484523744348904,-0.9647608923728687,-0.7174838729730949,-2.19264605099515,1.6501123190908304,-1.0004805343198717,-0.21777285541836458
2022-04-20,57037.5,57216.51171875,56521.328125,56741.4296875,7600,44.41859024683429,21.2659851505302,13.05138548144492,88714100,945.1774830810713,57318.75296875,57556.75572265625,96.91447349772352,1.6571159028377316,1.0,0.015326402586017971,0.0,0.010172149063486291,-0.437037037037037,-0.23865194133499779,-0.8897062539748088,-1.4618796528026496,0.1343045354700451,-1.0086730926864635,-0.8143991517765001,-1.7364319085834623,1.6154971660065147,0.6517675382129773,-0.657682662807588
2022-04-21,57911.6796875,57991.53125,57311.859375,57458.6015625,8000,49.99512745643727,39.34237139183085,23.33261175335318,88722100,945.8098950038519,57304.09015625,57583.90056640625,80.96127253971645,1.633193684085114,1.0,-0.012338292618271763,0.0,0.015326402586018029,0.05263157894736836,0.16459698884127988,-0.388580008708738,-0.9473288401596258,0.05341910032295858,-0.9396160832043271,-0.8457492802449565,-1.385711908558468,1.6023696058199595,1.0169096905092623,-0.12402046788213035
2022-04-22,57197.1484375,57689.859375,57134.71875,57531.94921875,7600,45.93805426453991,24.56721355967251,28.391856700677845,88714500,933.7492551821482,57295.609296875,57608.29330078125,10.540046461050224,1.6325101524990657,1.0,-0.010791758494297752,0.0,-0.012338292618271796,-0.050000000000000044,-0.4064034696243907,-1.0733762946491392,-1.4884711697503168,-0.13069455912152692,-0.9660660415729188,-0.7956016878246883,-1.5537845520136784,1.5826886639736404,-1.2016679849270337,-0.232380275196441
2022-04-25,56579.890625,56875.6484375,56356.87109375,56757.640625,7000,42.7134262418246,11.803486846781645,25.237690599428323,88707500,927.0726900798519,57271.035546875,57628.76939453125,-93.9933327625331,1.6385197635398432,1.0,0.013727823462012923,0.0,-0.010791758494297699,-0.07894736842105265,-0.9622634307727024,-1.5654108256432964,-1.8220197649509173,-0.40208702434213456,-0.9564057445227095,-0.7221794748630213,-1.6505158493101948,1.5535413309076318,-1.0175875050791028,-0.26510891013500304
2022-04-26,57356.609375,57442.23828125,56904.51171875,57066.23828125,7300,47.68940548760844,28.208898105505547,21.52653283731989,88714800,922.4494733777195,57248.848359375,57651.15244140625,-112.86108477231755,1.608270578455405,1.0,-0.009366291973216905,0.0,0.013727823462012845,0.04285714285714293,-0.44068171971157166,-0.8635141572392394,-1.2090474754703684,-0.5431519229586227,-0.9404096798235864,-0.7988085597092743,-1.3023973823508126,1.5351360838534276,1.0662121515471383,-0.1491708307701123
2022-04-27,56819.390625,57079.03125,56584.0390625,56983.6796875,6600,44.79144260814627,20.605729497774952,20.206038150020706,88708200,911.7438190293109,57206.715546875,57670.94349609375,-169.2124023324359,1.6046349828823265,1.0,0.012349093523035298,0.0,-0.009366291973216923,-0.09589041095890416,-0.9614130628172837,-1.2746089178111364,-1.374416808130757,-0.7786595170957641,-0.9715656669446556,-0.7669229567851793,-1.4122960611108029,1.511284745190525,-0.8547337353697134,-0.29325653836417986
2022-04-28,57521.05859375,57790.8515625,56936.94140625,57296.30859375,100,49.13877547459773,41.47693725454477,30.09718828594175,88708300,916.0093274915029,57194.07828125,57693.27498046875,-155.46043536577054,1.5924764771123885,1.0,-0.008000330857088955,0.0,0.01234909352303526,-0.9848484848484849,-0.39961944120837617,-0.6295879890754658,-0.6674080755492346,-0.8621776134522011,-0.8814509997920408,-0.7724990100085567,-1.3213355028856486,1.4996623556535185,0.9948202100355319,-1.175285807629514
2022-04-29,57060.87109375,57975.48046875,56902.30078125,57817.51171875,9500,46.54983259441542,28.853051011824714,30.31190592138147,88698800,927.2357817778241,57207.17890625,57715.73462890625,-179.62458733929088,1.6249940879002567,1.0,-0.0014875835379473798,0.0,-0.008000330857088955,94.0,-0.8915922874276961,-0.9979422008838894,-1.0118741682464987,-1.0396383543284036,-0.7346040326934432,-0.5707628500195971,-1.5160441477673734,1.4918863943174037,-0.7613764081793822,5.286288695813927
2022-05-02,56975.98828125,57054.23046875,56412.62109375,56429.44921875,7900,46.06770241410675,28.891757601082226,33.07391528915056,88690900,907.3082259365509,57183.85765625,57738.68361328125,-203.28088988448872,1.5924396457290295,1.0,-0.022938733853961096,0.0,-0.0014875835379474234,-0.16842105263157892,-0.9808637841624276,-1.0175935445861066,-0.9463156914003839,-1.1939238149613374,-0.875613447208297,-0.697026099813173,-1.6509676385460765,1.488441765664891,-0.14784643500548147,-0.2013047137437136
2022-05-04,55669.03125,57184.2109375,55501.6015625,57124.91015625,50700,39.315622376116075,4.7806747508276,20.8418277879115,88640200,962.686879441083,57137.3046875,57755.1653125,-323.7571192730684,1.7293041711428794,1.0,0.000596367818956792,0.0,-0.022938733853961057,5.417721518987341,-1.981669553510792,-1.7903688423446302,-1.5748658563547127,-1.5304582440712593,-0.26600438926285036,0.15709480576714768,-2.818716390708595,1.4640048753397215,-1.919234039397672,0.11383017424516925
2022-05-05,55702.23046875,56566.80078125,55613.8203125,56255.0703125,8200,39.55796585534004,5.728622926537641,13.133685092815812,88648400,961.9935643917199,57093.5090625,57769.8278125,-411.8094169362157,1.7270288035079968,1.0,-0.015558665002404316,0.0,0.0005963678189568888,-0.8382642998027614,-1.8033149112850793,-1.613466508057537,-1.4307812333001684,-1.7094529310100115,-0.20815647475598917,0.24452336307386535,-2.3117277640459317,1.4374613688980284,0.13159972980662682,-0.24938396519782624
2022-05-06,54835.578125,55070.12109375,54586.75,54928.2890625,8000,35.56513731218921,7.308197112516406,5.93916492996054,88640400,972.9569147030257,57033.56125,57779.48544921875,-545.2379349265902,1.7743168723144118,1.0,-0.006654552800887426,0.0,-0.015558665002404326,-0.024390243902439046,-2.2078838472981315,-1.9096028945174686,-1.2952194115439615,-1.908354663105469,0.01590191044165006,0.7189653668607848,-2.3061750926756535,1.396380402226365,-1.225213406832088,-0.2014612294296668
2022-05-09,54470.671875,54795.46875,53918.01953125,54188.2109375,9300,34.00861028846863,13.566975668836108,8.867931902630042,88631100,968.9998917778096,56969.302890625,57786.04455078125,-672.6717403614821,1.77893875442088,1.0,-0.0019427025380343722,0.0,-0.006654552800887448,0.1625000000000001,-2.1864041681091138,-1.8866736285920882,-1.035961166213519,-2.0143148933006536,0.062381279095678366,0.9353735521995459,-2.304010831175352,1.3491466940873946,-0.4273791844512797,-0.1905622096394833
2022-05-10,54364.8515625,54857.01953125,54226.328125,54309.30859375,8000,33.55004861843065,10.969209421769262,10.61479406770725,88623100,944.8349999543946,56910.586328125,57792.168515625,-773.2887725071996,1.7379519538799337,1.0,-0.005085288188125916,0.0,-0.0019427025380344132,-0.13978494623655913,-2.0199858603666074,-1.759491382417915,-1.0440046455885645,-2.0181003160502833,-0.26623988920572866,0.7292950811079703,-2.200556969556942,1.3059966515594397,-0.007233159820729315,-0.19875420369146737
2022-05-11,54088.390625,54598.55078125,53519.30078125,54544.91015625,7200,32.323794110948725,12.724966830903552,12.4203839738363,88615900,954.4360713862235,56847.71296875,57799.8434765625,-865.361236894787,1.764585820279661,1.0,-0.021410916795049306,0.0,-0.005085288188125925,-0.09999999999999998,-1.9728114614895003,-1.720856823935058,-0.9270863524645443,-1.9880360656509775,0.014767817407710953,1.192427900805529,-2.0965181459691253,1.2752504831890692,-0.28339717402358766,-0.19799060060154508
2022-05-12,52930.30859375,53632.55078125,52702.30078125,53608.3515625,6900,27.748516390080667,4.323915095108354,9.339363782593713,88609000,985.2684836979217,56815.7209375,57803.5024609375,-1020.0187287295703,1.8614448127632153,1.0,-0.002582405121593038,0.0,-0.021410916795049362,-0.04166666666666663,-2.303490566300765,-1.955510020430292,-1.1126471089608359,-2.045674309411285,0.9259352590854117,2.369116601800163,-2.003264954157092,1.2331346099031966,-1.5899414341668474,-0.19468372107737922
2022-05-13,52793.62109375,53785.7109375,52654.890625,53565.73828125,9300,27.258100117532123,2.6074264851098072,6.552102803707228,88599700,995.6650428980702,56754.42296875,57803.28451171875,-1140.4688294123189,1.8859570953278342,1.0,0.003413646313064426,0.0,-0.0025824051215930233,0.34782608695652173,-2.101521408957819,-1.8132881329664445,-1.1006516983792987,-2.020666354420989,1.332164241786885,2.4308867810580126,-1.965804945639485,1.178775459909322,0.03873439079329182,-0.17085004740299997
2022-05-16,52973.83984375,53428.28125,52632.48046875,52946.3203125,4800,29.038844723886314,6.388908384802545,4.440083321673559,88604500,981.3890242089223,56688.954140625,57803.27470703125,-1207.465346136276,1.852591820988618,1.0,0.025382885405628056,0.0,0.003413646313064511,-0.4838709677419355,-1.8230289278037992,-1.5300981058990564,-0.9349116502191543,-1.9170283997379611,1.0177757431764534,1.9101137000050061,-1.715752639088603,1.1295310264492975,0.5978530614985308,-0.21928483982529742
2022-05-17,54318.46875,54399.421875,53176.01953125,53285.19140625,7400,40.70263150514011,31.555086678832115,13.517140516248148,88611900,1013.1170961404277,56665.945546875,57810.605703125,-1138.9313613486447,1.8651429604970737,1.0,-0.002023943283563199,0.0,0.025382885405628164,0.5416666666666667,-1.1266724234610181,-0.4564434390674819,-0.021478413324409352,-1.651994079311627,1.8423108408128586,1.8469411174819104,-1.4634753793125237,1.1211250643797555,2.2319180426527927,-0.161238003164728
2022-05-18,54208.53125,54786.0,54130.890625,54554.890625,5800,40.121961822303895,29.49748795152536,22.480494338386666,88606100,987.5451160589686,56648.062578125,57818.75455078125,-1081.0273121691862,1.8217522100065542,1.0,-0.026126898268434454,0.0,-0.0020239432835631455,-0.21621621621621623,-1.1006890933390925,-0.45850094271080755,-0.0162103342705921,-1.445698977875924,1.079525134269863,1.32865500409908,-1.456047721130442,1.121880512013003,0.07234373412885906,-0.20404264855369678
2022-05-19,52792.23046875,53356.0390625,52669.51171875,53070.30078125,9100,33.49287873985928,2.9898933183604717,21.347489316239304,88597000,1026.9361457154707,56617.231015625,57820.4971484375,-1136.3227512061494,1.9452410640678623,1.0,0.02906033980053439,0.0,-0.026126898268434506,0.5689655172413792,-1.6413025537088075,-1.0458475097835613,-1.0873531354556836,-1.4222742039244496,2.1402862021864704,2.186206627571612,-1.511827420283297,1.0901035313405314,-1.816569375632533,-0.15751042174312888
2022-05-20,54326.390625,54396.4296875,53403.2890625,53513.96875,7600,44.240037467585715,37.21464106628403,23.23400744538995,88604600,1068.1692223607943,56646.903828125,57828.86375,-1044.3126952384482,1.966206865709283,1.0,-0.0006954492938946283,0.0,0.029060339800534463,-0.1648351648351648,-0.8872572658364339,0.12009886588326556,0.628705034891389,-1.2093950079820088,2.8064964955710674,2.093849695859897,-1.2955089219553186,1.099810052046692,2.423045306820416,-0.2008484804102716
2022-05-23,54288.609375,54931.30078125,54191.55078125,54459.94921875,7100,44.05124961248223,36.38459960712058,25.529711330588352,88597500,1044.7107064778804,56664.19421875,57837.37259765625,-963.3379340644533,1.9243644633840473,1.0,-0.004347136585684554,0.0,-0.0006954492938946455,-0.06578947368421051,-0.8515726867991913,0.17320801641234387,0.7077753548205976,-1.02732312862536,2.0210241294364146,1.616622204410961,-1.3329426456033102,1.114213618374041,0.17502123126836253,-0.19382327285812267
2022-05-24,54052.609375,54524.37109375,53886.28125,54307.55859375,5600,42.82198404942313,36.09591475655937,36.565051809987985,88591900,1015.6663591401747,56652.29984375,57842.8825,-907.7441703633012,1.879032984501823,1.0,-0.0056120816322755,0.0,-0.00434713658568453,-0.21126760563380287,-0.9103360135482058,0.08696007713732483,0.7643104011677019,-0.8879250264823534,1.2783188228752331,1.1898049180709618,-1.3413473743255029,1.112793052954632,-0.11288345631131048,-0.20230723561540703
2022-05-25,53749.26171875,54379.58984375,53683.16015625,54254.0703125,6200,41.229380722826626,45.814023549923405,39.431512637867776,88585700,992.8637397373051,56617.997265625,57842.51201171875,-878.041813314092,1.847213725339324,1.0,0.00936328267881005,0.0,-0.005612081632275445,0.1071428571428572,-1.013002315657717,-0.042246597637440035,1.5189484226821504,-0.7915750431198278,0.7343250265288201,0.8926286844101355,-1.3690287033426767,1.0714324231964465,-0.1782537634865364,-0.18395466557718262
2022-05-26,54252.53125,54346.21875,53425.25,53950.83984375,7500,44.89127557479743,70.47313669715105,50.7943583345446,88593200,987.7283833274976,56592.041875,57841.9258203125,-804.617704149452,1.8206125328530134,1.0,0.011651602085386568,0.0,0.009363282678810148,0.20967741935483875,-0.6953233021437788,0.5389222921814393,2.838724728133022,-0.6197021971526441,0.5744416805332849,0.6429202607647192,-1.1639285786597793,1.0290691020994442,0.9056912628195278,-0.17826040331667783
2022-05-27,54884.66015625,54936.62890625,54449.33984375,54671.5,7000,49.17491959241799,97.74455720151494,71.34390581619645,88600200,966.0404742505334,56560.0146875,57843.884921875,-687.4960226341427,1.760128370113494,1.0,0.018968471737570686,0.0,0.011651602085386514,-0.06666666666666665,-0.287703934093149,1.2117297159587137,3.426670214606268,-0.35393835234428894,0.0417987483185686,0.1240173239527468,-0.9747424927132924,1.0080390577995102,1.0144298406586731,-0.19455749920821336
2022-05-30,55925.73828125,56082.6484375,55466.30078125,55507.75,5900,55.33296009152461,95.452100950701,87.88993161645566,88606100,982.6081747504953,56562.992421875,57852.12501953125,-504.8503417018146,1.7569873996279999,1.0,-0.00642509399148103,0.0,0.018968471737570658,-0.15714285714285714,0.397126089125043,2.0339729027139586,2.768186532409344,0.07633795141406736,0.3707065188370678,0.03297301230300873,-0.8083218778051635,1.045755915645728,1.442199500626731,-0.1997522806062985
2022-05-31,55566.41015625,55925.62109375,55369.140625,55622.01171875,8300,52.94839154308047,85.03730004087211,92.74465273102935,88597800,952.17885200046,56537.98765625,57857.9428125,-384.6629453394344,1.7135871281282706,1.0,-0.0033336377269850455,0.0,-0.006425093991481057,0.4067796610169492,0.21088879312488767,1.5776166026287084,2.0831496223392,0.41431745988432445,-0.42139234446722573,-0.3821629966509183,-0.9126977202061565,1.0694307088122874,-0.4080480146987546,-0.16563529929352946
2022-06-01,55381.171875,55791.48828125,55091.4296875,55588.26953125,7300,51.711206132397805,79.66833589397255,86.71924562851522,88590500,934.1702621254271,56488.3325,57862.07537109375,-300.8922504505026,1.6868011826003404,1.0,0.007889639839803408,0.0,-0.003333637726985028,-0.12048192771084343,0.11658014404977277,1.3132090603025686,1.7142428722515426,0.6757336535661743,-0.8473941500512029,-0.6150556554968594,-0.9941514014922087,1.0866297504108928,-0.2058978576707332,-0.19609677661883454
2022-06-02,55818.109375,55891.921875,55135.109375,55382.44140625,5900,54.4167851950313,92.33257438779589,85.67940344088017,88596400,921.5018505450395,56458.844921875,57868.53626953125,-196.97555501956958,1.6509012233899931,1.0,-0.0008756818673599153,0.0,0.007889639839803397,-0.1917808219178082,0.4355908070949018,1.560842868588756,1.9443865217417078,0.9781306258351774,-1.1263111467760776,-0.9301915443428235,-0.818848216535336,1.1402048379155019,0.6346375556860756,-0.2007451737741933
2022-06-03,55769.23046875,56432.6484375,55719.359375,56245.6015625,5900,54.051937188188546,82.37061211609746,84.79050746595529,88590500,906.6295085418224,56414.443515625,57873.16251953125,-117.21377698941797,1.6256805068340465,1.0,-0.0016839062590727708,0.0,-0.0008756818673598676,0.0,0.4778799230329767,1.4645883793444665,1.498666534161665,1.2207622596811623,-1.4152669396440656,-1.148449501274626,-0.8938588491499003,1.1795501734498868,0.022729991408333806,-0.18947047486869054
2022-06-06,55675.3203125,55832.28125,55295.73828125,55610.640625,4300,53.31236123450551,79.8750834316867,84.85942331186001,88586200,880.1947556995493,56374.253515625,57874.35267578125,-60.87799439326773,1.5809424189373393,1.0,-0.010201656058051978,0.0,-0.001683906259072776,-0.27118644067796616,0.4643542825774128,1.3046285229478407,1.3191465968454592,1.3817033339528686,-1.892448636926364,-1.498082554745217,-0.9397310509355076,1.1797647573721592,-0.06703774171964962,-0.20481584573780268
2022-06-07,55107.33984375,55387.76953125,54882.41015625,55373.1796875,3600,48.949925188094284,64.78181121757842,75.67583558845418,88582600,873.9601414531529,56324.48671875,57871.976484375,-61.35548993026168,1.5859232979330125,1.0,-0.0038987830497567992,0.0,-0.010201656058052011,-0.16279069767441856,0.08804965272676028,0.740976828835848,0.7923318944274408,1.3724536000573577,-1.8860424187804912,-1.4129552405063566,-0.9746729167203202,1.1330478419890837,-0.7288570241030742,-0.19833458542245397
2022-06-08,54892.48828125,55423.96875,54683.30078125,55345.51171875,6000,47.37085238866781,49.15888260203529,64.6052590837668,88576600,864.4392719743563,56275.0925,57867.477578125,-78.1695442406708,1.5747860937643607,1.0,0.007793287973358719,0.0,-0.003898783049756771,0.6666666666666667,-0.011612461594351982,0.5523631541002992,0.28190766565882386,1.3216565933071782,-1.9319883517352696,-1.4785100796360167,-1.0920035885918105,1.0475521326600628,-0.19919459892094118,-0.15127896705008662
2022-06-09,55320.28125,55366.83984375,54507.41015625,54514.171875,6000,50.77578652022302,63.01231078564062,58.9843348684181,88582600,864.0814445119023,56229.628359375,57865.93154296875,-56.326192768872716,1.5619614090662315,1.0,-0.018380959401756478,0.0,0.0077932879733586535,0.0,0.3813675099638403,0.9254840345438606,0.6705178239751989,1.3511442805859408,-1.8220820689454902,-1.5476088618237953,-0.908159918314098,1.0113270616172356,0.6814867878123294,-0.1902996831892326
2022-06-10,54303.44140625,54780.78125,54205.98828125,54760.25,4800,43.56156535080626,29.20103286945995,47.124075419045276,88577800,881.9536962431949,56156.82421875,57860.8021484375,-119.68599105712929,1.6241211853318882,1.0,-0.026825964428330646,0.0,-0.018380959401756436,-0.19999999999999996,-0.4028474990717887,0.09082615216545976,-0.37302805231817643,1.1855594399507097,-1.4199785007067074,-1.0549057400195825,-1.0600056000367792,0.8902466941879804,-1.2953356015728235,-0.2035444870776888
2022-06-13,52846.69921875,53207.5390625,52527.078125,53184.609375,7500,35.72952580996498,8.183723967970426,33.465689207690325,88570300,945.8400951722524,56040.0784375,57847.25669921875,-284.1702697324581,1.7897808361826097,1.0,-0.0028976058772592155,0.0,-0.02682596442833063,0.5625,-1.644649767303837,-0.7994569014194146,-0.9918907111553825,0.7909229267770397,-0.23313584423377556,0.28517395797957723,-1.3737401791653985,0.5301514684389692,-1.8011905690144845,0.36819359271323254
2022-06-14,52693.5703125,53095.3203125,52459.48046875,52495.94140625,6900,35.01682488162707,5.8917681203306165,14.425508319253654,88563400,923.697220070663,55922.579609375,57830.9296484375,-422.0167225295736,1.7529600188270842,1.0,-0.0028880124576394447,0.0,-0.0028976058772591795,-0.07999999999999996,-1.7212816080660767,-0.8327636644336052,-1.0215397176127041,0.4694779485498124,-0.6670418805694945,-0.07549812649618629,-1.8147350164289209,0.015289404656181954,-0.02845833560580744,-0.2515402691304111
2022-06-15,52541.390625,52867.73046875,52493.359375,52650.41015625,5900,34.284898945930934,2.0615830212627477,5.379025036521253,88557500,884.4596396191871,55787.87359375,57813.915546875,-537.3464629258306,1.6833578805170561,1.0,-0.01990053080175778,0.0,-0.0028880124576394772,-0.14492753623188404,-1.7147106590784547,-0.8882637241421661,-1.131015757625946,0.1954913422247208,-1.3212285678292108,-0.6699046827490305,-1.9613180988289904,-0.6017073443630856,-0.08050751314823176,-0.4333528381403668
2022-06-16,51495.7890625,53142.5,51425.48046875,53018.91015625,9200,29.692575572322255,1.4041588816033266,3.1191700077322206,88548300,943.9282033071023,55605.554609375,57791.648984375,-704.9907264793073,1.8330201760020897,1.0,-0.0026287040156954583,0.0,-0.0199005308017578,0.5593220338983051,-2.3649880240950005,-1.3416453570797533,-1.1409360505640636,-0.21103029832976725,-0.21377677656723887,0.6041279432144213,-2.2842847959921824,-1.4112180667311736,-1.2999902625086195,1.7111117241173621
2022-06-17,51360.421875,51652.828125,50921.21875,51181.98828125,8300,29.14823129607815,7.968950887573126,3.811564263479724,88540000,928.7625727137378,55429.233046875,57767.8275,-839.1003869388151,1.808323488802608,1.0,0.004622586031863664,0.0,-0.002628704015695482,-0.09782608695652173,-2.181411102441655,-1.3448191776540666,-0.9454464058093288,-0.5294772905994042,-0.4650798417823178,0.3786124655356974,-2.472188505092074,-2.1504105506909386,-0.040506405337812766,-0.4573189283695029
2022-06-20,51597.83984375,51714.609375,51062.9296875,51470.03125,7000,31.51948314408321,12.276689209781377,7.2165996596526005,88547000,908.9709380556136,55268.981640625,57741.367890625,-915.6703355245918,1.7616453340065872,1.0,0.018105999622834257,0.0,0.004622586031863607,-0.15662650602409633,-1.8046562580394059,-1.0652236531359858,-0.8140919889784145,-0.6993209781430062,-0.7844752639228402,-0.021300341712183674,-1.9885515110435468,-2.684040508998933,0.481938269749847,-0.6141008427638593
2022-06-21,52532.0703125,52799.3984375,51808.76171875,51897.6015625,5100,40.02537150134967,29.22747188725702,16.49103732820383,88552100,929.8700563194983,55138.9240625,57716.2662890625,-890.7005389262777,1.770099771031175,1.0,-0.013506778969097003,0.0,0.018105999622834323,-0.27142857142857146,-1.0408235702847926,-0.1626972844331003,-0.328134459649391,-0.6226757998614012,-0.3939175617404363,0.04279668000576995,-1.6334016240718052,-2.886321085881398,1.403513794812026,-0.9665406555923939
2022-06-22,51822.53125,52272.8515625,51739.98046875,52186.359375,5800,36.33411518353874,16.353515350911387,19.285892149316584,88546300,920.0286125645341,54986.43109375,57688.687890625,-917.5882811763004,1.7753447976637269,1.0,0.00855202340198309,0.0,-0.013506778969097022,0.13725490196078427,-1.4491115180580287,-0.5925189112903518,-0.7239993817909526,-0.6844646995981609,-0.5488792656285687,0.08522130716028081,-1.7635067670853954,-2.939359241062514,-0.8807657666128398,0.33819921385401186
2022-06-23,52265.71875,52516.7890625,51632.8515625,51972.75,5600,40.05291481446796,27.376967815009483,24.31931835105929,88551900,917.4506759527816,54852.4540625,57660.7537890625,-892.8433409884165,1.755358383840807,1.0,0.008844453492759056,0.0,0.008552023401983133,-0.03448275862068961,-1.1045480475561966,-0.23247180036486753,-0.4200547444431396,-0.6382413776344694,-0.5554933624365169,-0.05834398065999282,-1.396047502060904,-2.89192425411429,0.6633217766225087,-0.2221123919356556
2022-06-24,52727.98046875,52909.87109375,52447.25,52654.23828125,5000,43.74396722905352,40.12573913164177,27.952074099187538,88556900,897.9293665097257,54735.48625,57633.7439453125,-826.4058479951927,1.702946630094996,1.0,0.008217663134411187,0.0,0.008844453492758975,-0.1071428571428571,-0.7801878362262192,0.14244605269795696,-0.06579490111486115,-0.5080829578435626,-0.8500136902237926,-0.4738054156269045,-1.0868105129819214,-2.791244618566503,0.6520468269603562,-0.4160370760671687
2022-06-27,53161.28125,53509.5,53120.7890625,53468.890625,5300,47.035892910010446,49.74876464382877,39.083823863493336,88562200,889.614378276888,54631.93328125,57608.06580078125,-730.3706461714901,1.6734253903575511,1.0,0.0003041305320307719,0.0,0.00821766313441108,0.06000000000000005,-0.4843483651630586,0.4986848009442304,0.19843349069816935,-0.3109109852691189,-0.9375281230121355,-0.6879836396104174,-0.785968991142056,-2.6680079919852253,0.59067524639523,0.08143401589609423
2022-06-28,53177.44921875,53301.3984375,52771.53125,52846.26171875,5500,47.160142004998185,50.75174921951815,46.87541766499621,88567700,863.9181503642532,54552.1475,57582.55564453125,-645.5163264814546,1.6245949421350614,1.0,-0.002829779746128583,0.0,0.00030413053203082185,0.037735849056603765,-0.4457981428282636,0.4857312173733487,0.21064722638136352,-0.1294549197699577,-1.3077720024886066,-1.0542977762059484,-0.47910343276769946,-2.5481602324753463,0.07348311111502617,0.0661328499438209
2022-06-29,53026.96875,53244.83984375,52612.6796875,52623.1484375,5200,46.07670820168052,54.55929266594335,51.686602176430085,88562500,847.3640079275208,54483.42390625,57556.4391796875,-583.6828504253644,1.597986888374646,1.0,-0.00015138228601837626,0.0,-0.0028297797461286356,-0.054545454545454564,-0.5212739222255364,0.3202882742410276,0.30817988778768424,-0.0016756866047125125,-1.4819893345547135,-1.2053208998172338,-0.6793242929745338,-2.4429342859047285,-0.1710597576321361,-0.29858610306258465
2022-06-30,53018.94140625,53377.5390625,52883.25,52897.16015625,5600,46.01597693589399,81.04693631150015,62.11932606565387,88556900,822.1443689684121,54403.052734375,57530.00853515625,-529.2265208181634,1.550661607271351,1.0,-0.0020938124339259945,0.0,-0.00015138228601840886,0.07692307692307687,-0.5338463542464881,0.26628078193584825,1.1018371504007924,0.10325508099343332,-1.7870988271912263,-1.5403628627080974,-0.8967947199597734,-2.348944618699111,-0.030699595964779544,0.2756392520431956
2022-07-01,52907.9296875,53053.0390625,52094.25,52863.33984375,7200,45.130089120268366,76.7579233323272,70.78805076992354,88549700,831.9047042206683,54302.977734375,57503.659375,-489.385869535392,1.5723629881840069,1.0,0.0061775209440338204,0.0,-0.0020938124339260344,0.2857142857142858,-0.5762162753198867,0.14392876250813336,0.9049230020160783,0.1756371143476308,-1.5975905399415682,-1.307424728144867,-1.1849724310005976,-2.262141243983285,-0.12134054867566693,1.0483917025133032
2022-07-04,53234.76953125,53301.98828125,52674.80859375,52851.671875,7000,48.28671463268296,89.38560217325687,82.39682060569471,88556700,817.2814887406206,54223.73015625,57478.5977734375,-426.52194302284624,1.535240024399576,1.0,-0.0018863229733915238,0.0,0.0061775209440337875,-0.02777777777777779,-0.32541625978297606,0.5437025639780417,1.2288353952482909,0.32934605587476434,-1.817088695118891,-1.5968159714524095,-0.7725562007161929,-2.1755367733335738,0.645227160670648,-0.2121068957538634
2022-07-05,53134.3515625,53865.9296875,53054.30078125,53501.2109375,6800,47.38475200970637,75.15619901146918,80.4332415056844,88549900,816.8777328484333,54154.819375,57450.65353515625,-380.41948023640725,1.537381578633871,1.0,0.011604868966448112,0.0,-0.0018863229733915299,-0.02857142857142858,-0.37332458948103253,0.40276352586506275,0.7299993087265713,0.4343037698421793,-1.740029738071646,-1.4949530038372283,-1.052925027976708,-2.1158605837596607,-0.13056042017845154,-0.24338566323960625
2022-07-06,53750.96875,53819.30859375,53143.28125,53170.69921875,14800,53.16943018739848,96.09601961143257,86.87927359871952,88564700,807.4548255914024,54082.7065625,57423.702578125,-290.77521688251,1.5022144611884831,1.0,0.007953199680703429,0.0,0.011604868966448079,1.176470588235294,0.053954136471657636,1.0957761907970802,1.2999979042330247,0.6848005292911,-1.80518993530368,-1.7294408491641617,-0.2509488066652284,-2.053478358445279,1.0829430304094652,3.4399604580978433
2022-07-07,54178.4609375,54254.7890625,53927.26171875,54146.6796875,7500,56.72191973374181,97.60866266233926,89.62029376174699,88572200,785.7666460848735,54029.88796875,57399.5154296875,-183.1254888487456,1.450330320367221,0.0,0.005599622082287948,0.0,0.007953199680703404,-0.4932432432432432,0.3521532880469327,1.448984179548048,1.2852799921334355,0.9883910192474301,-2.0659994643112976,-2.050125475102054,0.1843018955476296,-1.9814651024244099,0.7476874707588209,-1.5923027953215307
2022-07-08,54481.83984375,54627.140625,54278.76953125,54574.4296875,7500,59.09349867512856,95.14740299893808,96.28402842423662,88579700,761.689006185954,53969.10359375,57379.46998046875,-72.49646736817522,1.3980603598748194,0.0,-0.0015896925516537155,0.0,0.005599622082288036,0.0,0.5757812449985654,1.62903068129094,1.2182666641790898,1.2752738289842573,-2.267364239791288,-2.250444484903583,0.6553935620772923,-1.897528906050739,0.5541592968948087,-0.13564951826848828
2022-07-11,54395.23046875,54527.8984375,54090.53125,54248.6015625,6100,58.114419733345414,92.25491756442602,95.00366107523445,88573600,738.5231619941002,53915.79078125,57356.41978515625,8.095852508267853,1.3576983783870185,0.0,-0.009350472263229076,0.0,-0.0015896925516537541,-0.18666666666666665,0.5739691584792099,1.4783376705270914,1.139025885891178,1.4359234285920264,-2.4172200556404806,-2.2888119987504276,0.405713818093349,-1.8409436320749222,-0.07259617680164664,-0.6861051942052188
2022-07-12,53886.609375,54236.48828125,53824.96875,54219.78125,6300,52.60254993799952,75.26854506886808,87.55695521074405,88567300,726.5044874766645,53854.003203125,57331.21619140625,30.571960573746765,1.3482096867904199,0.0,-0.006911938639672484,0.0,-0.009350472263229048,0.032786885245901676,0.25380781514227035,0.8315796944040117,0.6415655230907356,1.4117332834524947,-2.321233381210896,-2.0971990897753803,0.0858019585433113,-1.8015069075321073,-0.8478738816939173,0.0017881602601017156
2022-07-13,53514.1484375,54211.21875,53455.26171875,54210.1015625,5700,48.94183163424071,56.05841892600475,74.52729385309961,88561600,728.6082406033313,53810.905546875,57299.36013671875,18.121064920509525,1.3615244974967398,0.0,-0.0018312914035146372,0.0,-0.0069119386396724325,-0.09523809523809523,0.020457621289035666,0.4134972764666344,0.08227267079226575,1.3010184445126505,-2.0485867389604744,-1.8056162636180038,-0.23796570598950556,-1.7955922405566584,-0.5859091379890586,-0.3889707314466221
2022-07-14,53416.1484375,53861.28125,53163.76953125,53688.62109375,4700,47.99540019694503,52.18932173591191,61.1720952435949,88556900,726.3870604709506,53765.18390625,57266.19853515625,0.3419180136115756,1.3598641641504081,0.0,0.006451846914856477,0.0,-0.0018312914035146788,-0.17543859649122806,0.006859494060502451,0.3327176834200927,0.004605937379796466,1.2031912472958604,-1.8824181880369044,-1.6616522359584356,-0.5153411000312557,-1.793659843951863,-0.04218466607281648,-0.6345276142042462
2022-07-15,53760.78125,53811.37109375,53361.62109375,53637.87890625,5600,51.544111975698776,65.79562629160112,58.01445565117259,88562500,706.6272704373113,53743.68796875,57234.613046875,13.90056667043973,1.3143917443300013,0.0,0.014143529350217544,0.0,0.006451846914856452,0.1914893617021276,0.37536675343888115,0.7793716521983686,0.4571640515998965,1.2137682041534341,-1.9494489292142025,-1.7912951619184332,-0.023440816718684657,-1.7836854165842055,0.7712599555038138,0.4583397841714107
2022-07-18,54521.1484375,54556.66015625,54034.96875,54069.30078125,63800,58.30447264986759,95.81536658338732,71.26677153696677,88626300,713.0023872810747,53744.6975,57208.88078125,85.02110047086171,1.3077537941050907,0.0,0.004520679833671194,0.0,0.014143529350217454,10.392857142857142,1.1569711819757345,1.5430563714242835,1.3720555582096714,1.385560737950284,-1.6964889222035677,-1.6833594035834496,3.7986960724166363,-1.7508110869333118,1.4395107011294264,5.217772577132705
2022-07-19,54767.62109375,54817.51953125,54232.8203125,54251.87890625,6900,60.240851991592905,98.16770110606363,86.592897993684,88633200,703.8378752431407,53752.752890625,57185.6525390625,159.4350513774989,1.2851350144245386,0.0,0.011501506614131254,0.0,0.004520679833671215,-0.8918495297805643,1.426649024270444,1.6481227973838406,1.366958014741867,1.5381258462723473,-1.6596366568802945,-1.670624742045645,3.2972153925595764,-1.7131803364765978,0.4606090219151366,-0.655092482878499
2022-07-20,55397.53125,55630.26171875,55298.23046875,55486.12109375,6800,64.74687255453334,93.41827778692227,95.8004484921244,88640000,715.1809287972021,53778.935703125,57167.0083984375,266.16889943680144,1.2909978344877997,0.0,0.005134127141270397,0.0,0.011501506614131296,-0.01449275362318836,1.9610541404861133,1.9477389207016913,1.1501750031660027,1.7318511384841373,-1.4064279372377915,-1.5153495019227219,2.9452327202064548,-1.6639910733287424,1.0772486049249637,-0.18820158663636113
2022-07-21,55681.94921875,55738.48828125,55270.75,55391.9296875,6700,66.58815197968917,98.15453741033429,96.58017210110671,88646700,697.5064539724019,53833.968515625,57151.59025390625,369.44763374893955,1.2526617041228287,0.0,0.007009116158393734,0.0,0.005134127141270373,-0.014705882352941124,2.1652601202616286,1.947865368710826,1.2232087769165825,1.870964963226002,-1.493807914454974,-1.593998452011429,2.7083883133107682,-1.6117221269964441,0.4728146747138999,-0.18804878869869412
2022-07-22,56072.23046875,56186.05078125,55685.44921875,55800.83984375,6500,68.9822282666597,96.36560030334478,95.97947183353376,88653200,683.6918188672304,53899.540703125,57135.4548046875,477.2873385946441,1.2193055513428583,0.0,-0.005457455788575157,0.0,0.0070091161583938355,-0.02985074626865669,2.26479085211858,1.9552966374731633,1.0945794649439116,1.9612177421709767,-1.5223700367948276,-1.6220309258347112,2.5116379821218895,-1.571993488966327,0.6056012036175108,-0.19898948046729262
2022-07-25,55766.21875,56018.08984375,55537.078125,55877.5,6100,65.04665920258284,86.20230592760245,93.57414788042716,88647100,673.0818563588567,53955.38828125,57115.56150390625,531.9267726493272,1.2069705844254623,0.0,-0.008925304241647189,0.0,-0.00545745578857515,-0.06153846153846154,1.8153937058351963,1.4769688307687783,0.7504509913715658,1.893696421964762,-1.5294995541482228,-1.5612317923113381,2.064587169197851,-1.5538342016991142,-0.8784580411274283,-0.20452894255710138
2022-07-26,55268.48828125,55834.37890625,55203.4296875,55834.37890625,4900,59.13690073407394,69.64006907034215,84.06932510042978,88642200,670.0723822439384,53974.388671875,57095.95529296875,528.9686078329105,1.2123949886851935,0.0,0.009912194964736418,0.0,-0.00892530424164717,-0.19672131147540983,1.3191856800354917,0.8845691092402742,0.21206410888924337,1.7193198821912483,-1.454270016833977,-1.4257673782008087,1.748485460951309,-1.5388477180446,-1.2440154838301116,-0.2724858221073044
2022-07-27,55816.3203125,55853.08984375,55157.98828125,55258.2890625,3800,63.109684956626374,87.76651018994345,81.202961729296,88646000,671.8601808336571,54006.544453125,57076.64775390625,564.3245255513029,1.2036984471066876,0.0,0.01865885719748466,0.0,0.009912194964736498,-0.22448979591836737,1.598774886341764,1.1711271749148402,0.7217548288093477,1.6407915943758293,-1.332568780426654,-1.3626474384790865,1.6882065783277969,-1.527039758252033,0.9172088212896468,-0.28539817607872087
2022-07-28,56857.7890625,56914.21875,56236.44921875,56267.55078125,13900,69.23353772887113,98.49538857324383,85.3006559445098,88659900,702.291484881253,54087.855625,57060.64140625,668.6741103671229,1.2351719904361222,0.0,0.012530577590993538,0.0,0.018658857197484613,2.6578947368421053,2.15173376769788,1.6445207099634196,1.0310399299740254,1.694387334234951,-0.94596696595987,-1.1469526293074566,1.8515583957041921,-1.5052162800662476,1.9061425502853857,1.1445772116847104
2022-07-29,57570.25,57619.26953125,57104.80859375,57258.12890625,16800,72.58614021152903,98.89979730108854,95.05389868809192,88676700,706.5192694433064,54152.7328125,57047.81375,799.6437560448467,1.227229809568842,0.0,0.009471037558461185,0.0,0.01253057759099363,0.2086330935251799,2.383228223093114,1.8624152945391557,1.0064792053097023,1.786974434404519,-0.8442018890162576,-1.1250917624589107,2.030843417309458,-1.4744930284962452,1.0691050557294741,-0.10019460565785164
2022-08-01,58115.5,58170.671875,57540.359375,57823.1015625,72600,74.84528087710245,98.89808366107101,98.76442317846778,88749300,701.0759287687845,54229.270625,57036.96970703125,936.638278942839,1.2063493022838734,0.0,0.0003589296315096661,0.0,0.009471037558461237,3.321428571428571,2.437358417280588,1.9596034898497339,0.9731817244214788,1.8780684650636192,-0.8511419755660274,-1.1651819704766408,2.9866935257652076,-1.4398048225404882,0.6674181480141445,1.37146077186066
2022-08-02,58136.359375,58328.41015625,57744.69921875,58049.01953125,15500,74.9303968067047,96.28142991556165,98.0264369592404,88764800,692.6927151067284,54310.945625,57023.96625,1034.9602253279518,1.1914965480356559,0.0,0.0036839574631516905,0.0,0.0003589296315096302,-0.7865013774104683,2.1742722426705887,1.8090587168805923,0.8190186649665785,1.890378829897392,-0.9028919060459656,-1.1834916195162029,2.733337166868655,-1.4192888357561473,-0.3933690340958348,-0.6301005106378923
2022-08-03,58350.53125,58415.62890625,57788.78125,58174.109375,7200,75.83453007488427,98.7119597225593,97.96382443306398,88772000,687.9894966169621,54402.971015625,57009.18916015625,1117.283606680081,1.1790629526050154,0.0,-0.0008865466627606753,0.0,0.0036839574631517547,-0.5354838709677419,2.088887662463413,1.7775861172841596,0.9083548239238799,1.88183197091832,-0.916383050033607,-1.2021123928309398,2.4566558531928298,-1.4099374812053822,-0.04277948662534514,-0.49482381574125345
2022-08-04,58298.80078125,58712.66015625,57577.05078125,58571.28125,8900,75.12973074821137,91.15248657816481,95.38195873876191,88763100,719.9623450728934,54483.89640625,56991.85521484375,1164.9227585892368,1.2349522381675593,0.0,0.0015288291535263544,0.0,-0.0008865466627606677,0.23611111111111116,1.8823472199216782,1.601307522097889,0.5025652944263114,1.8248285287503925,-0.43914109328984025,-0.8413860946599775,2.067850355757121,-1.414590349461711,-0.6440854633984013,-0.12435496740197548
2022-08-05,58387.9296875,58649.19140625,58244.859375,58421.0390625,9300,75.55134024415122,92.75129290161915,94.20524640078106,88772400,697.4173226569725,54553.961796875,56975.214609375,1196.0814056423987,1.1944546182569638,0.0,0.007966383248892275,0.0,0.0015288291535262566,0.04494382022471921,1.7675209275203276,1.527772208232376,0.5434623947471799,1.7501299301240123,-0.724786962540742,-1.048552152046346,1.9729010091344412,-1.4180840568037305,-0.2706077141942514,-0.21994133945924155
2022-08-08,58853.0703125,58934.8984375,58266.6484375,58417.7109375,9800,77.67806870186331,97.83346382056266,93.91241443344886,88782200,695.3339424671888,54612.5084375,56963.18015625,1243.9681287678977,1.1814743713031137,0.0,-0.0006079759273391774,0.0,0.007966383248892317,0.053763440860215006,1.8301609836189676,1.5945050579627655,0.8022268672593802,1.7064912711854046,-0.7208626275993786,-1.0929468909319058,1.8963312863919508,-1.4027107494653492,0.6482557157876492,-0.21554297182237359
2022-08-10,58817.2890625,58984.3203125,58583.359375,58977.33984375,9800,77.12230153416422,95.63469012527295,95.4064822824849,88772400,674.3072992552468,54677.526015625,56952.6491015625,1264.455596985681,1.1464440303236676,0.0,0.008761241944565354,0.0,-0.0006079759273391883,0.0,1.6630063289348667,1.4353065977511958,0.6188749481502867,1.6245234804639352,-1.049396603989964,-1.2849464146850935,1.6243809824927513,-1.3840026420837095,-0.5686829832388972,-0.24106055063402618
2022-08-11,59332.6015625,59484.98828125,59251.140625,59320.44921875,10700,79.40740277054303,96.47823622024498,96.64879672202686,88783100,673.8352935048721,54756.554609375,56945.20400390625,1307.204831663592,1.1356914676917798,0.0,0.0021940667368659174,0.0,0.00876124194456529,0.09183673469387754,1.7560686049498995,1.5297843905295596,0.6354582397334493,1.5858545452793755,-1.022335437683199,-1.3109858471815663,1.6109484468966562,-1.354035982808868,0.7127900553615996,-0.1988609492485928
2022-08-12,59462.78125,59538.078125,59113.01171875,59235.98046875,14200,79.95217823179387,98.28092852690129,96.79795162413973,88797300,656.0660872723812,54829.448046875,56937.68265625,1336.1856050532588,1.1033222353224206,0.0,0.006380960989778795,0.0,0.0021940667368658406,0.3271028037383177,1.6755975207637035,1.4773149930067333,0.7256399222282154,1.531385890752793,-1.3188646248945424,-1.4827599145692396,1.6338653553287017,-1.3287963121194828,-0.23844064055549585,-0.08842957250474337
2022-08-16,59842.2109375,59923.03125,59673.9609375,59675.12109375,0,81.48927956898912,98.30389121294321,97.68768532002981,88797300,642.0792238957825,54910.90765625,56930.14240234375,1373.9320481072355,1.0729537124996578,0.0,0.006983665245698878,0.0,0.0063809609897786945,-1.0,1.7105519480241613,1.5203210534054905,0.677429121572717,1.498557601944318,-1.5735025509067433,-1.6618495833239328,1.5142006935400631,-1.3078166480914502,0.326052575213424,-0.707829019727682
2022-09-29,56409.9609375,57166.140625,56314.05078125,56997.8984375,11400,32.569869228286365,2.1987301757873716,3.033367067588522,88769000,799.04434161765,58402.742734375,56910.69369140625,-407.5386574757358,1.4164951160008061,0.0,0.018028038321578566,0.0,-0.0033273150410375596,-0.5746268656716418,-2.423397556123901,-2.0690453896420853,-1.6125856761330104,-2.3110788850688997,1.1396360361842253,1.5561277148724433,-2.1358296045916356,0.3811624455997955,-0.11854091514704286,-1.0061615925060026
2022-09-30,57426.921875,57722.62890625,56147.23046875,56240.1484375,12300,42.59661226442583,28.256178216933645,11.047398288467049,88781300,854.4982056092465,58455.92875,56906.41119140625,-425.97138382759294,1.487974938773865,0.0,-0.011111744464364085,0.0,0.01802803832157851,0.07894736842105265,-1.3627424019023995,-1.1612987559784076,-0.6872964307011232,-2.1610375490104743,2.0395129116343513,2.0932985619370448,-1.4994168915281794,0.2658738724928782,1.8525760721635811,-0.11768087933156623
2022-10-03,56788.80859375,57454.83984375,56683.3984375,57403.921875,8100,38.70726627584917,14.166341784860393,14.87375005919379,88773200,848.5655770835859,58483.754296875,56899.76978515625,-486.46222737873177,1.4942478951336486,0.0,0.02248084064208569,0.0,-0.011111744464364137,-0.3414634146341463,-1.7816933477604135,-1.4571523665871717,-1.1029839130475316,-2.1135686794198874,1.8232440289490832,1.9976000020873936,-1.6968688720184055,0.07633971862030194,-0.9001120572864679,-0.6639265837677992
2022-10-04,58065.46875,58099.94140625,57506.6484375,57506.6484375,6400,48.7830228153692,42.35558859958116,28.259369533791727,88779600,881.606093899044,58531.4246875,56901.15697265625,-426.4697735099253,1.5182966966042861,1.0,0.0026975208479652546,0.0,0.022480840642085775,-0.2098765432098766,-0.6131576059948356,-0.41910849014170526,-0.12003105931807202,-1.8420202239958243,2.217046822082195,2.0208158020022866,-1.3957444437020392,0.1498998203605108,2.0445388613807545,-0.4806029705700816
2022-10-06,58222.1015625,58578.76171875,58173.69921875,58314.05078125,9600,49.8718095620569,52.4148132359573,36.312247873466276,88789200,855.2980135312553,58574.422109375,56902.76177734375,-362.1121590997791,1.4690263500933811,0.0,-0.0005292234250067998,0.0,0.0026975208479651513,0.5,-0.44871217190976886,-0.27149590489479525,0.22910175544632957,-1.5947500905746832,1.6132919559226033,1.4656452981452164,-0.9927499131730243,0.22423180546477994,0.2779813704999909,0.45871958340340907
2022-10-07,58191.2890625,58269.33984375,57851.1484375,58092.55859375,7300,49.648214918754945,51.63643647910826,48.80227943821556,88781900,824.0761130111656,58622.923515625,56908.65953125,-310.0208696433983,1.4161502972138522,0.0,-0.0034400284084615865,0.0,-0.0005292234250068306,-0.23958333333333337,-0.44879461395688025,-0.25340857639390474,0.20391952706051225,-1.3938227113819202,1.0035017510758881,0.9394938692621466,-1.1858388542483884,0.43836685035345874,-0.007257245556048335,-0.5227496481702463
2022-10-10,57991.109375,58125.01171875,57365.6796875,57424.0703125,6800,48.13822484256743,46.579553203057856,50.21026763937446,88775100,824.1856317246538,58677.3759375,56919.50501953125,-281.6443544608337,1.4212275650652766,0.0,-0.014550317653756731,0.0,-0.0034400284084615818,-0.06849315068493156,-0.5991220027287225,-0.3743415157337406,0.022688910535303645,-1.252040838442575,0.9519854130207658,0.9267832157479906,-1.3440597409682589,0.7984687490680548,-0.2745202278949166,-0.2999237742798328
2022-10-11,57147.3203125,58027.51953125,57050.3984375,58004.25,52700,42.298481035891,27.386151767692166,41.86738048328609,88722400,835.1095932978927,58703.9959375,56923.6465625,-323.5132281273691,1.4613276505901656,0.0,0.008374668158242875,0.0,-0.014550317653756695,6.75,-1.2557726814286547,-0.9213537996253813,-0.6428000238564604,-1.2601814494808494,1.1172646963488473,1.234983973573279,-2.6618191590340388,0.9006691006804669,-1.195765402025156,4.497612483335211
2022-10-12,57625.91015625,57687.640625,57085.921875,57312.48828125,7600,46.27919101631059,44.66841072442117,39.54470523172372,88730000,818.4388187766147,58719.358359375,56927.1233203125,-314.4516090982652,1.4202618519298966,0.0,-0.006777889150747551,0.0,0.008374668158242837,-0.8557874762808348,-0.8307284710733052,-0.4917108137082105,-0.07114632628710221,-1.1599103645185702,0.7235298724325531,0.7859445201041132,-2.152874593326288,0.9598385199336665,0.758315667220426,-0.8307570900671135
2022-10-13,57235.328125,57568.140625,57055.75,57512.73828125,9500,43.633570733733464,36.31725725848404,36.12393991686579,88720500,800.7046285961422,58712.659921875,56926.7235546875,-334.9260968635208,1.398969229017838,0.0,0.011961853761103078,0.0,-0.006777889150747507,0.25,-1.0861502640014944,-0.7130941097252613,-0.3287497249109298,-1.1287934311555832,0.35042297133416145,0.5560336222845006,-2.1321586716452026,0.8884026312861192,-0.5488833294595232,-0.06757570031050139
2022-10-14,57919.96875,58435.12109375,57848.23046875,58162.73828125,9400,49.12381172385723,72.90625120487347,51.297306395926206,88729900,829.2109386071321,58708.749296875,56930.70185546875,-292.53533403728943,1.4316494923991685,0.0,0.008477416845118723,0.0,0.011961853761103036,-0.010526315789473717,-0.4852126932315494,-0.11414068985298995,0.931820616592041,-0.9691294155539149,0.9136482160339655,0.8410466375159052,-1.7345182277461766,0.9564685835390152,1.2303923137308053,-0.23764223170643253
2022-10-17,58410.98046875,58449.0,57639.80078125,57752.5,53500,52.68338873211667,93.0997699494917,67.44109280428306,88783400,827.7815300459084,58714.24171875,56935.65556640625,-216.8204359222873,1.4171676684810544,0.0,0.009409550898465888,0.0,0.008477416845118713,4.691489361702128,-0.06301658440600222,0.2727935698616398,1.5213271862550408,-0.7459171420919861,0.8473667438502002,0.6748728494041684,-0.4284372120312562,1.0507241764785604,0.8476621649063051,2.572365531572445
2022-10-18,58960.6015625,59143.66015625,58744.12890625,58744.12890625,8600,56.363726670656305,93.89077626237476,86.63226580557996,88792000,820.9885412926293,58726.443125,56940.971171875,-111.18434090715164,1.3924358292415944,0.0,0.0024862338555791427,0.0,0.009409550898465957,-0.8392523364485981,0.407625000227396,0.6751177336479586,1.4589299607741941,-0.46161213764958414,0.6714987746725235,0.41346592866249865,-0.1991092439259204,1.1579793892541357,0.9278926498764306,-0.7925975818242637
2022-10-19,59107.19140625,59399.69140625,58961.76953125,59196.9609375,6800,57.31729361378262,91.00680974742683,92.66578531976442,88798800,793.7100628967272,58742.6109375,56947.4746875,-15.460183876406518,1.3428316318423485,0.0,0.001619211283313995,0.0,0.002486233855579112,-0.2093023255813954,0.534402316436663,0.7807583069347447,1.294279395288221,-0.1989663928463736,0.10107005911429748,-0.07310260631690911,-0.02789155992798696,1.312876475806113,0.2420702301871249,-0.40364296902507135
2022-10-20,59202.8984375,59273.8515625,58791.28125,58824.48046875,8600,57.96318278962187,93.94941330482928,92.9489997715436,88807400,771.4857950112466,58758.9103125,56954.517578125,67.34830841407529,1.3031216635883085,0.0,0.0017608935162195792,0.0,0.0016192112833139927,0.2647058823529411,0.608578491696573,0.8396345321799097,1.3047763589927985,0.03572386754888451,-0.37733732625940897,-0.47269490502056016,0.1725476690311028,1.5068975172276693,0.14331242710071213,-0.12922246604459892
2022-10-21,59307.1484375,59590.9296875,59132.94140625,59381.359375,10800,58.696363863453264,90.2397867606754,91.73200327097716,88818200,749.0931154568718,58767.991875,56959.78421875,139.77549401586293,1.26307390456699,0.0,0.00884398816278866,0.0,0.0017608935162196637,0.2558139534883721,0.7137898397004339,0.9351800889349442,1.1603213109447368,0.2524535448060689,-0.8586575501959863,-0.8790949616267668,0.42607757874673197,1.661897118544502,0.19155330322900077,-0.13280927942661233
2022-10-24,59831.66015625,59994.25,59776.66015625,59804.01953125,2100,62.26265337094668,94.47696868207838,92.88872291586101,88820300,744.6651473885239,58788.279296875,56963.02642578125,236.76894754699606,1.244600509903679,0.0,-0.004808477952954595,0.0,0.00884398816278864,-0.8055555555555556,1.1566850345806259,1.314758314955511,1.271964608351855,0.5376096340581117,-0.9989649761269195,-1.0982642043966877,0.4810006432813689,1.746290952515759,0.8616143954561654,-0.7535614908310746
2022-10-25,59543.9609375,60081.23828125,59489.01953125,60002.9609375,14900,59.24117067109859,82.27298796873288,88.99658113716221,88805400,733.7761190036293,58792.506484375,56961.46658203125,287.11238289136963,1.232326683429464,0.0,0.0035751552785251756,0.0,-0.004808477952954582,6.095238095238095,0.9473903268035156,1.0312953963272293,0.9306834001714386,0.7174250627357918,-1.3124025142677016,-1.2929780299294018,0.15221119190371746,1.6458605574844405,-0.4465227307130879,2.793479298787379
2022-10-27,59756.83984375,59959.94140625,59496.80078125,59792.3203125,9500,60.75862401085819,89.29674762693406,88.68223475924843,88814900,714.4450122890843,58798.38765625,56959.1350390625,340.265102444464,1.1955870058677618,0.0,0.003397296766040969,0.0,0.003575155278525255,-0.36241610738255037,1.1994537742890123,1.2687741104142192,1.1667049570879626,0.9232857144014175,-1.8506671310981697,-1.7756644205680532,0.41997690209263705,1.4947164503895847,0.39426144993108764,-0.5170579304138447
2022-10-28,59959.8515625,60133.171875,59739.05078125,59746.80078125,10000,62.20378143093075,94.37777974885643,88.64917178150777,88824900,691.5647323934354,58800.74046875,56960.92509765625,394.22597307786054,1.1533796605092879,0.0,0.013121084538208575,0.0,0.003397296766040947,0.05263157894736836,1.4202977810407351,1.4598778598666475,1.3129555312903216,1.145741183612308,-2.242988633580471,-2.1409359090259414,0.6732952531780364,1.516859702286825,0.35306443652220093,-0.2828330309400942
2022-10-31,60746.58984375,60786.69921875,60246.9609375,60246.9609375,8000,67.23903628075723,98.92649501878215,94.20034079819085,88832900,701.22779838319,58810.4696875,56965.9348046875,494.77015372422466,1.1543492403225608,0.0,0.006169263488106039,0.0,0.013121084538208594,-0.19999999999999996,2.026602847072193,1.9190280494410603,1.3957371357696835,1.4895438382206743,-1.932695750322538,-2.024664878061527,0.8530112371072883,1.643602787425389,1.2263756168256725,-0.41818764335419173
2022-11-01,61121.3515625,61289.73046875,60868.69140625,61065.578125,58200,69.334737717038,96.02315344879919,96.44247607214591,88891100,689.9358574272479,58826.93671875,56969.56341796875,597.8011998434667,1.1287967948839448,0.0,-0.003521874324553881,0.0,0.0061692634881060915,6.275,2.104762099677961,1.9319580525893814,1.224819872759946,1.7691604697468435,-1.974926077226215,-2.057242860531208,2.050752951135354,1.6795899042199267,0.5002092321595972,2.4826697001761664
2022-11-02,60906.08984375,61209.6484375,60794.390625,61156.890625,10800,66.69557581365467,90.93900815481885,95.29621887413339,88880300,670.3159970753017,58852.135546875,56971.0094140625,654.5391051381011,1.1005730277463994,0.0,-0.0011440512382055392,0.0,-0.003521874324553864,-0.8144329896907216,1.7819867640866305,1.538965315988298,1.0101886151405608,1.8583322034645389,-2.114826327977181,-2.08314070538446,1.7505604576807074,1.605431689280212,-0.4679905739911724,-0.6869077264147648
2022-11-03,60836.41015625,60994.37109375,60485.140625,60511.5703125,25000,65.82217923301106,87.58002615632579,91.51406258664792,88855300,658.8098879092087,58893.386328125,56969.44126953125,685.9742512505545,1.0829203863560417,0.0,0.001873043107858222,0.0,-0.0011440512382054902,1.3148148148148149,1.6394703042173986,1.377365926652537,0.8719364657348585,1.8567313012586772,-2.0706486491432856,-2.0094506798652785,1.227358388834759,1.4184629367384018,-0.18847367340746327,0.2642244898892368
2022-11-04,60950.359375,61004.48828125,60666.01171875,60698.26953125,13600,66.59263294308715,90.70198270086539,89.74033900400333,88868900,635.9289360942652,58931.7675,56968.0165625,711.8755227631627,1.0433555152344254,0.0,0.0038521358185182974,0.0,0.0018730431078581855,-0.45599999999999996,1.6173454782110401,1.3625170322895082,0.9049799864411702,1.8230678754812117,-2.1767641630407994,-2.083024125463526,1.5245185370058738,1.263862836090474,0.10504594460752953,-0.552884005310067
2022-11-07,61185.1484375,61401.5390625,60714.359375,61188.12890625,17000,68.18409977572195,91.85708594922512,90.04636493547208,88885900,639.5897040518176,58973.761875,56967.8271484375,742.7856120079305,1.0453348898959556,0.0,-0.0024776871531962605,0.0,0.0038521358185183985,0.25,1.6510608812659258,1.402925612008599,0.877092390741743,1.7838284599906191,-1.9241398451844711,-1.8848161713397036,1.8169474647758554,1.18093867622261,0.2812652133879566,-0.22702995133909537
2022-11-09,61033.55078125,61447.23046875,60905.1484375,61304.2890625,9100,65.99792473604016,84.42441276438656,88.99449380482567,88876800,632.6248702802593,59018.938515625,56966.4503515625,746.4448647694007,1.0365198520853662,0.0,-0.006879028945977395,0.0,-0.002477687153196295,-0.4647058823529412,1.432753657934939,1.1285189688928843,0.6189866060334799,1.6656755172188074,-1.832020210322678,-1.767548894666128,1.539486817118066,1.0692224404712882,-0.47051098064480473,-0.5409855424700791
2022-11-10,60613.69921875,60848.73046875,60425.46875,60524.26953125,10200,60.237473083564915,68.61644627406339,81.632648329225,88866600,630.8718103495265,59054.535078125,56965.74455078125,707.3128741720429,1.040807306732362,0.0,0.019489651002599903,0.0,-0.006879028945977361,0.1208791208791209,1.0856110327963868,0.5706134261707775,0.10329705656108214,1.4596278624395724,-1.6916379344549672,-1.5949658299392382,1.257985709505684,0.98885115753213,-1.0667313445716495,-0.2694655130216546
2022-11-11,61795.0390625,61840.96875,61311.01953125,61311.01953125,14400,68.55420339658423,98.30394299355937,83.78160067733643,88881000,673.4716475567031,59130.9834375,56974.22564453125,762.8312978587637,1.089847433991503,0.0,-0.0027654424625763218,0.0,0.019489651002599917,0.41176470588235303,1.7011854765783079,1.2543396137634963,0.9646938522254165,1.4650353082593928,-1.0715006347760054,-1.202427675665373,1.4463697985731576,1.2440959048300153,1.8908997527037101,-0.14547966113998145
2022-11-14,61624.1484375,61916.23828125,61572.03125,61765.859375,20600,66.39091043835191,87.96606841678361,84.96215256146878,88860400,649.9527463919386,59172.725,56985.02328125,784.0031036206346,1.054704629389125,0.0,0.004038024866215823,0.0,-0.002765442462576373,0.4305555555555556,1.4949660497567798,1.008686955904212,0.5852825311370233,1.3999825041124705,-1.2742816147811469,-1.3156469546996452,0.9744045681946297,1.5370140893323765,-0.6494619232094434,-0.12909704541773717
2022-11-15,61872.98828125,61955.9609375,61436.8984375,61630.05078125,11400,67.97561535925345,96.63661828206423,94.30220989746904,88871800,640.6034430782287,59234.85296875,56999.20232421875,811.5066642902384,1.0353523579082688,0.0,0.0017411550943733335,0.0,0.004038024866215739,-0.44660194174757284,1.5626598762788737,1.1390225368758329,0.8628646701115749,1.3592732308662228,-1.2917092207289926,-1.328859006975648,1.1180173232131907,1.8939170858096666,0.1064422373377644,-0.5374115416808731
2022-11-16,61980.71875,62052.5703125,61708.62890625,61708.62890625,6600,68.66447687166271,97.1886525126208,93.93044640382287,88878400,619.413297590498,59298.40078125,57021.648359375,832.4009823870438,0.999364496060314,0.0,-0.0037127221519998913,0.0,0.0017411550943733367,-0.42105263157894735,1.516437094711934,1.1450290431349268,0.8342551360534286,1.3125219182485326,-1.4400904933003777,-1.4352445301468812,1.1624926549161188,2.399503032165801,-0.10293812980507157,-0.5161920616452161
2022-11-17,61750.6015625,62050.80078125,61643.26953125,61812.359375,9100,65.4270237853023,86.94764639238444,93.5909723956898,88869300,604.2788656197481,59348.493203125,57041.110625,820.9281969086151,0.9785797228357942,0.0,-0.0014108541705755144,0.0,-0.0037127221519999143,0.3787878787878789,1.3023565100569634,0.7501563244656617,0.3629571516896286,1.2130890525320173,-1.5059398959082693,-1.455059788523767,0.9260375115878808,2.6640410206046834,-0.8367688906002995,-0.15866388742402207
2022-11-18,61663.48046875,61929.87890625,61337.4296875,61858.19921875,10600,64.19301545845818,78.45105097828815,87.52911662776445,88858700,603.4338908433375,59397.823046875,57063.0433203125,795.6344093895241,0.9785920065753465,0.0,-0.008410823084545774,0.0,-0.001410854170575515,0.16483516483516492,1.1641129228534577,0.5554859059941425,-0.09040770956108463,1.0911255133661946,-1.4357178214904884,-1.3752116700908399,0.6769848673298834,2.8420773144762284,-0.49810217058792416,-0.2641196330437357
2022-11-21,61144.83984375,61456.328125,61059.328125,61456.328125,7900,57.26828321321947,44.211812607733265,69.87016999280193,88850800,603.485208908099,59440.141640625,57082.7663671875,725.3772392889296,0.9869765142083123,0.0,0.004483143540002577,0.0,-0.008410823084545771,-0.2547169811320755,0.7695659564963331,-0.31786595992562466,-1.7123692343609211,0.8783421206870743,-1.3525589269947775,-1.248829435438394,0.48947206314912195,2.8587478825439163,-1.4059838864227687,-0.4457209780173999
2022-11-22,61418.9609375,61466.62890625,61073.6796875,61126.55859375,9700,59.740272835306456,61.059015023839365,61.240626203286915,88860500,588.4469238968062,59474.756484375,57099.7903125,683.9332503720652,0.958086745387325,0.0,0.0014916759596963834,0.0,0.004483143540002565,0.2278481012658229,0.8896137354246905,-0.05545765723045561,-0.9387195535659857,0.7311773903277644,-1.4327986736900133,-1.3304062295767047,0.6275990907756256,2.7700837155758107,0.37074143209154947,-0.23022544385391164
2022-11-23,61510.578125,61780.8984375,61442.69140625,61779.7109375,9800,60.56144918492522,66.68971378361638,57.32018047172966,88870300,572.2676793327486,59509.105234375,57113.0303515625,650.977271159456,0.9303565285466883,0.0,0.012389764260567987,0.0,0.001491675959696348,0.010309278350515427,0.8917957401547278,-0.003814349836694931,-0.7265559055291168,0.6032907490664954,-1.5191267656615621,-1.4022659752629953,0.7605945151660994,2.608727389875143,-0.0702270092825766,-0.33249597683969595
2022-11-24,62272.6796875,62412.328125,61600.421875,61656.0,7700,66.65436499937033,92.97139801351065,73.57337560698879,88878000,595.8021308089808,59552.25625,57126.602109375,678.5329417631438,0.9567632769279658,0.0,0.0003365992535601048,0.0,0.012389764260567926,-0.2142857142857143,1.3627817789574233,0.7776385501558155,0.5742996353045802,0.6203234168295421,-1.169207741183701,-1.1831695170433882,0.8690528754391514,2.479408429825165,1.4347765259199232,-0.3863367697187233
2022-11-25,62293.640625,62447.73046875,62115.66015625,62327.87890625,7100,66.8062598160185,92.38032138366117,84.01381106026271,88885100,576.9641437869108,59586.7075,57144.13021484375,694.0616708200178,0.9262007132640769,0.0,0.003389754622324259,0.0,0.0003365992535599993,-0.07792207792207795,1.3214978215539157,0.7631179968252488,0.49137778207760624,0.6117116894755602,-1.322415438104428,-1.30146762005722,0.9820831559891178,2.418502180937191,-0.34838950029425203,-0.32871802136152634
2022-11-28,62504.80078125,62701.3984375,61959.73828125,62016.3515625,7000,68.36939800835195,91.36187478331314,92.23786472682832,88892100,588.7281446771314,59629.864140625,57163.4301171875,715.1632041030971,0.9418926823517471,0.0,0.002832407435703845,0.0,0.0033897546223242703,-0.014084507042253502,1.4650989448578882,1.0471635120708722,0.37976021039160396,0.6257846529059277,-1.1064647368905416,-1.139708955950624,1.1478530630988508,2.3772394666325267,0.06822787283235106,-0.2885071010832434
2022-11-29,62681.83984375,62887.3984375,62362.078125,62362.078125,11200,69.65944780465335,91.65050915979907,91.79756844225778,88903300,584.1990138073363,59684.820703125,57188.733359375,737.6685106171572,0.9320068065385396,0.0,0.006665544514830633,0.0,0.0028324074357037876,0.6000000000000001,1.5653694367409081,1.3016587460349842,0.35984221632484137,0.6550263139544831,-1.1165601545472,-1.162555201948345,1.4921162733674027,2.389584247652465,0.029211188280310215,0.03728038612281639
2022-11-30,63099.6484375,63303.01171875,62648.37890625,62743.46875,8900,72.50903501280935,90.9361871782417,91.31619037378461,88912200,589.2299994282408,59769.997890625,57215.1887109375,780.2238549872345,0.9338086883508888,0.0,0.002924627526772819,0.0,0.006665544514830701,-0.2053571428571429,1.833000720755404,1.850658804878501,0.3080673620980301,0.768302348119543,-1.0130201614036973,-1.117981232880941,1.674851108334737,2.3835033192848853,0.6755588598543277,-0.34900661888961865
2022-12-01,63284.19140625,63583.0703125,63183.76953125,63357.98828125,17300,73.6846689836971,88.15731227498847,90.24800287100975,88929500,581.6722762547951,59852.857109375,57239.27982421875,819.394873240286,0.9191430961340348,0.0,-0.006568645296919223,0.0,0.002924627526772916,0.9438202247191012,1.8626799635102516,1.9568430235847227,0.09645907113913653,0.894447988971092,-1.0995305921826937,-1.2045321966836038,2.048518151145519,2.3342134468383393,0.0927820310934544,0.31576160841142564
2022-12-02,62868.5,63148.58984375,62679.62890625,62978.578125,6400,66.75916671105632,71.68608124715591,83.59319356679535,88923100,583.3072922365953,59915.83234375,57258.99216796875,807.5860161224118,0.9278212335853334,0.0,-0.0005391959009678933,0.0,-0.006568645296919251,-0.630057803468208,1.4216128877086944,0.3741647089168304,-1.179672445744807,0.8257819433827778,-1.0436521054110977,-1.1037901006574473,1.7492042390688418,2.2431790094152237,-1.4148676274677399,-0.6368524577650437
2022-12-05,62834.6015625,62939.62890625,62507.87890625,62865.28125,13100,66.21264378370834,70.34289977371154,76.72876443195196,88910000,572.4817713625528,59983.38875,57282.40056640625,786.4266542366458,0.9110931829385749,0.0,-0.003314132378047575,0.0,-0.0005391959009678482,1.046875,1.327815902884196,0.19307680572200323,-1.2006058059143092,0.7022962601014636,-1.194249010925615,-1.2179035570897212,1.2827761227714432,2.1898314073809075,-0.41507041141271794,0.36897661571707396
2022-12-06,62626.359375,62677.83984375,62390.0703125,62395.55078125,6100,62.81086570625895,62.09157408238634,68.04018503441792,88903900,563.3424484080847,60053.5215625,57313.5031640625,744.2747670983736,0.8995292941025835,0.0,-0.0034439122703673847,0.0,-0.003314132378047563,-0.5343511450381679,1.085781767176969,-0.7012588056449415,-1.6889957670367834,0.4321232801556627,-1.3126582402856974,-1.2841835118571607,1.0304198612235105,2.190282728928734,-0.829899114998954,-0.5737402249188859
2022-12-07,62410.6796875,62759.96875,62316.6484375,62615.51953125,4800,59.40658881882064,53.545547132080024,61.99334032939262,88899100,554.7694387003643,60139.75671875,57334.84630859375,685.5628033336543,0.8889014532099014,0.0,0.002563663796022491,0.0,-0.003443912270367333,-0.21311475409836067,0.8209090273110026,-1.5009084771076162,-2.0703948667156524,-0.027010774775682873,-1.4346741235723,-1.3500352264801259,0.8227481617904974,2.1099618277309973,-0.7942067914091109,-0.3941148505147984
2022-12-08,62570.6796875,62633.55859375,62320.1796875,62504.0390625,13700,61.091325208976336,59.885338921925836,58.50748671213072,88912800,537.5272578110526,60248.2659375,57357.71630859375,644.5142527677453,0.8590721093260499,0.0,-0.006217094243547328,0.0,0.002563663796022464,1.8541666666666665,0.946252489401536,-1.122496067349247,-1.5111046545290885,-0.4847405858993548,-1.7241690474819316,-1.6248795177450377,1.2593894517995925,2.049871170765392,0.14820243446377526,1.2202311354882638
2022-12-09,62181.671875,62735.421875,61889.109375,62690.859375,7300,55.10338181425676,44.15383465856377,52.5282402375232,88905500,559.5833465388345,60349.748984375,57379.164609375,573.9768534324321,0.8999168559889007,0.0,-0.0008218106872830041,0.0,-0.0062170942435473275,-0.46715328467153283,0.46794830116808717,-2.377016927644259,-2.2387970865698437,-1.3716384049334491,-1.2074209200574924,-1.1278053860871524,0.9650142004997411,1.987657530778716,-1.2243666414349443,-0.5898514861153241
2022-12-12,62130.5703125,62239.421875,61676.1484375,61770.55859375,7000,54.34975512338699,32.138183769301946,45.39245244993051,88898500,559.846924464632,60460.394765625,57400.6526171875,508.0949845408686,0.9010812578232472,0.0,0.006482001802403783,0.0,-0.0008218106872830422,-0.04109589041095896,0.3508033233681331,-2.2718307416566046,-2.5278225195979553,-2.340083870977719,-1.142128507283357,-1.0652594960617239,0.6448706863024558,1.9326274547505484,-0.3280840948201038,-0.25489631835379484
2022-12-13,62533.30078125,62567.921875,62129.5703125,62300.671875,12000,59.097553765778386,47.05215955614925,41.11472599467164,88910500,551.1686843243011,60582.8615625,57424.901171875,482.81452653988526,0.8814002738354788,0.0,0.0023125178615768785,0.0,0.006482001802403881,0.7142857142857142,0.8246984560707179,-1.1827036923150507,-1.5871666531805115,-2.5934141979574528,-1.303698564580664,-1.275699591283292,1.1362037476352047,1.8979107357084712,0.9408653644387702,0.3105668277667251
2022-12-14,62677.91015625,62835.109375,62591.28125,62685.94140625,5700,60.67895081006308,52.53291872536729,43.907754016939485,88916200,533.3572492832797,60687.881328125,57451.78732421875,469.04153065261926,0.8509493184339927,0.0,-0.014022147580527803,0.0,0.002312517861576824,-0.525,0.9547386384268387,-0.7987753651163374,-1.2112813816355903,-2.464845088843606,-1.6756030282033476,-1.617103640622752,1.3226784122305657,1.8783294597330604,0.2527418346127684,-0.9853372548554433
2022-12-15,61799.03125,62624.80859375,61715.609375,62530.0703125,5600,48.42494567566312,6.444040215333939,35.34303949895014,88910600,563.9960729951882,60788.08578125,57474.6221875,382.79552106114716,0.9126293108278914,0.0,-0.007463266768441455,0.0,-0.014022147580527777,-0.01754385964912286,-0.29062242502979935,-2.760175282463123,-2.9246878405167505,-2.787393787821317,-0.8391771342567927,-0.7051664888724161,1.0047998867604586,1.8371961923845428,-2.293491890498354,-0.22272033852071887
2022-12-16,61337.80859375,61893.21875,61292.53125,61534.23828125,7000,43.46429229281749,1.9767112681580823,20.317890069619754,88903600,566.6168892098177,60853.532578125,57508.6616796875,274.0688284773787,0.9237644809950922,0.0,0.007636119112147834,0.0,-0.0074632667684414455,0.25,-0.9972358540246341,-2.93073020464972,-2.6220326042178703,-2.9913901517163226,-0.7179770820253757,-0.4889243879551591,0.6397999669475045,1.8558557410851446,-1.194581534256458,0.3038919030435311
2022-12-19,61806.19140625,61844.921875,61265.30859375,61405.80078125,4800,49.16003053356795,23.33642876765198,10.58572675038132,88908400,567.5452029269736,60925.214375,57538.4000390625,223.12467741058936,0.918265937463317,0.0,-0.001681099278016557,0.0,0.007636119112147899,-0.3142857142857143,-0.371543616503891,-1.8760312922715154,-1.6468397776688979,-2.767083544494217,-0.6403923685008951,-0.5259342535195155,0.8052767107192781,1.8473661119957852,1.0791057889728572,-0.7228403344191008
2022-12-20,61702.2890625,61780.37109375,61102.6796875,61608.8515625,4500,48.00466421470536,24.173989731960063,16.495709922590027,88903900,577.2570969143327,60995.434375,57565.675078125,172.37993131938856,0.9355521580886773,0.0,-0.010292175394120938,0.0,-0.001681099278016518,-0.0625,-0.570648668180726,-1.842322053483101,-1.491469672558536,-2.593691546899635,-0.30968584063817084,-0.1937521916294489,0.5652727448717835,1.8271606375083642,-0.3001420749442027,-0.24879183628940016
2022-12-21,61067.23828125,62006.4609375,60938.37890625,61993.7109375,6600,41.57346996228038,5.830184477584506,17.780200992398836,88897300,612.3160207954518,61056.956953125,57593.66677734375,79.99888637534605,1.0026915217213228,0.0,-0.003946789441172458,0.0,-0.010292175394120973,0.46666666666666656,-1.569217160539782,-2.3339783323243077,-1.9319575794977597,-2.6031043887468113,0.7841591398117074,0.9897553087218656,0.22964431206817149,1.8134137132849713,-1.5045180410219645,0.6586712852121938
2022-12-22,60826.21875,61464.37890625,60637.23828125,61257.171875,9100,39.415225321771686,8.208010695404912,12.73739496831648,88888200,627.6606353814908,61130.534921875,57622.28447265625,-12.51772268480272,1.031891589318119,0.0,-0.016126757632784792,0.0,-0.003946789441172438,0.3787878787878789,-2.007465416239927,-2.267686315124422,-1.6911313226634461,-2.5677759635698223,1.2658861406074022,1.5161343704288475,-0.2346256919377,1.8055016310864396,-0.6020122548714261,0.4804699300082596
2022-12-23,59845.2890625,60546.87890625,59765.55859375,60205.55859375,8100,32.109158434957635,2.597463747367349,5.545219640118908,88880100,658.5891725863843,61174.9225,57649.841875,-163.11039462440385,1.1004862419472656,0.0,0.012049951195772119,0.0,-0.016126757632784816,-0.10989010989010994,-2.9149214554578156,-2.5885024847971416,-1.7176382400070473,-2.669316321202461,2.3314107283932084,2.669542971142015,-0.6204866613983689,1.7936183339152465,-2.3602678502550734,-0.3778327068232565
2022-12-26,60566.421875,60833.78125,59754.1015625,59755.078125,6500,40.79723574993159,26.365409045842853,12.390294496205025,88886600,688.6670665087853,61241.544375,57688.460234375,-221.71103409703937,1.1370443311478606,0.0,0.005960527323952964,0.0,0.012049951195772124,-0.19753086419753085,-1.7933038945575568,-1.6106089323274366,-0.9143523122163616,-2.4679694378032204,2.9405255636668652,2.9080618285041706,-0.3668077238083741,1.8289051687885052,1.8509086884395138,-0.5005693167517836
2022-12-27,60927.4296875,60986.6796875,60405.66015625,60861.41015625,11100,44.61813913226083,38.082607912893764,22.34849356870131,88897700,680.9779568474435,61301.69359375,57725.97693359375,-236.2982505317559,1.1176869931001774,0.0,-0.0002814567689455347,0.0,0.005960527323952913,0.7076923076923076,-1.2571152242656116,-1.1750736053210742,-0.5008666597328643,-2.213062729518143,2.4746799818972467,2.3719559404527213,0.14772849466666665,1.8512513360427754,0.9399017195890996,1.0786965362538468
2022-12-28,60910.28125,61075.328125,60713.76953125,60811.51953125,10000,44.47131525689633,37.526022582910926,33.991346513882505,88887700,658.162288054769,61351.679609375,57757.29169921875,-246.4020903249766,1.080543833566306,0.0,0.0036709345558965057,0.0,-0.0002814567689455316,-0.09909909909909909,-1.2020141386444054,-1.1107077626410098,-0.46973193566071425,-2.0105468397771284,1.7457079516553915,1.720177394105666,-0.3825102570437412,1.8403574740477555,0.040341090619648606,-0.4145337023587776
2022-12-29,61133.87890625,61210.6484375,60479.05859375,60628.2890625,7900,46.92383299349205,44.783312075746316,40.13064752385032,88895600,663.4071134615713,61395.14515625,57785.639140625,-233.67335302251013,1.0851709810184285,0.0,-0.004795060124510288,0.0,0.00367093455589651,-0.20999999999999996,-0.8954386292208762,-0.8318619231780773,-0.1883138563388135,-1.7963697217908028,1.7330446961888133,1.6515092902234816,-0.020959339184354185,1.8163323683052968,0.5800500107452266,-0.5817098939862738
2022-12-30,60840.73828125,61392.6796875,60743.7109375,61329.16015625,8000,44.16953429938286,35.268872553370066,39.192735737342424,88887600,662.3758017857447,61429.81609375,57812.091328125,-244.4221887197491,1.0887044117113824,0.0,0.005375522889583197,0.0,-0.004795060124510253,0.012658227848101333,-1.1820052145052593,-1.0112474560772915,-0.467060636605646,-1.671955800967168,1.5860577990787583,1.5769368460972775,-0.5351542544791992,1.7854741543450185,-0.6322829690613334,-0.16232897365020366
2023-01-02,61167.7890625,61222.7890625,60764.62890625,60871.23828125,18500,47.8475702297163,45.8839310392044,41.97870522277358,88906100,647.7889699617629,61469.11390625,57835.50017578125,-223.96868212962,1.0590361036261509,0.0,0.0020666131339296353,0.0,0.005375522889583095,1.3125,-0.8043271157759609,-0.6491630364760004,-0.10566964411195057,-1.493460003265937,1.183094729696186,1.1536719259402581,0.4796857484295227,1.745605910828692,0.7829756444143284,1.992726897897466
2023-01-03,61294.19921875,61343.9609375,61004.0390625,61074.87890625,6700,49.239514803456444,53.64872275313274,44.93384211523573,88912800,625.7984631787798,61508.854921875,57863.0869140625,-195.30750430681655,1.0209750207281394,0.0,-0.010388421875413245,0.0,0.002066613133929529,-0.6378378378378378,-0.6509468598131944,-0.4936057384415796,0.1690574800297709,-1.3196493349606482,0.6516548546816372,0.6624486894326159,0.902033597602717,1.726143790487322,0.3114969294729415,-1.2717980088481398
2023-01-04,60657.44921875,61327.2109375,60593.55859375,61294.6484375,7900,43.01207599601087,40.10672836123232,46.54646071785647,88904900,633.5023117910098,61525.370703125,57882.29091796875,-221.4213108068143,1.044393260762416,0.0,-0.005014712808035029,0.0,-0.010388421875413223,0.17910447761194037,-1.3159450752021677,-0.9819091084567513,-0.2668228097751359,-1.2868296641255341,0.7749646701117189,0.8881819480430131,0.2595113440315287,1.678743317535483,-1.4149198397996705,0.08224663349799823
2023-01-05,60353.26953125,60877.05859375,60049.83984375,60847.5,8900,40.38449393580062,26.60179256474114,40.11908122636873,88896000,647.3392002345091,61541.556875,57894.7376171875,-263.6225723289608,1.0725834826551142,0.0,-0.007504124317001519,0.0,-0.0050147128080350045,0.12658227848101267,-1.5254288265587712,-1.1334476106768616,-0.681289380187913,-1.2920496343035108,1.0265259722154352,1.1495507211626772,-0.5444558979690843,1.614018780787994,-0.6011774093007065,-0.024570671086855626
2023-01-06,59900.37109375,60537.62890625,59669.91015625,60388.73828125,8600,36.7815975836512,9.863296759880766,25.52393922861806,88887400,663.0805966463298,61544.4275,57907.77703125,-329.8106432100831,1.1069724352935029,0.0,0.014139102722326363,0.0,-0.007504124317001537,-0.0337078651685393,-1.8216644235596737,-1.3499966395493466,-1.2130637344451032,-1.3475900842383408,1.276762521109539,1.4311872904477116,-1.3072323681974383,1.560628257808319,-0.922972018525708,-0.2965338197930521
2023-01-09,60747.30859375,60889.41015625,60109.94140625,60147.0703125,8000,46.41003516258561,46.110636505131595,27.525241943251157,88895400,686.3633442073062,61560.176640625,57921.5670703125,-310.34690223990765,1.1298662609028292,0.0,-0.010400923754916868,0.0,0.014139102722326324,-0.06976744186046513,-0.8955322750576385,-0.4655046947668955,0.1850367523359912,-1.2158008770290227,1.626226307213975,1.5517740526148291,-0.6231114923286543,1.517459992905213,2.0741245520722904,-0.35368111441400846
2023-01-10,60115.48046875,60809.6484375,59938.37890625,60805.140625,8500,41.35034716182781,24.83020740818139,26.93471355773124,88886900,699.5709289960702,61547.554453125,57933.72037109375,-341.96305928903166,1.1637117819589415,0.0,-0.00016602160828088492,0.0,-0.010400923754916858,0.0625,-1.428182979780638,-0.8644155515842789,-0.5969171445769591,-1.2072597304272756,1.7248000239088508,1.7415194938223233,-1.283424482347566,1.4731514100004075,-1.2165718799980667,-0.10253140232716225
2023-01-11,60105.5,60364.76953125,59805.78125,60134.55859375,9700,41.27380107826078,25.284278358112505,32.075040757141814,88877200,689.5293112999224,61527.237421875,57946.26947265625,-363.63270053220185,1.147198361713857,0.0,-0.002453498431923867,0.0,-0.0001660216082808308,0.14117647058823524,-1.3539684812853403,-0.8285127048206121,-0.5304162776733937,-1.1826967251000415,1.4163152049109273,1.4519892137545096,-1.9034970879074165,1.4352246151066372,0.1962188240846702,0.011458343572474484
2023-01-12,59958.03125,60290.3515625,59632.3203125,60083.03125,6100,40.09281676897678,18.50252523011104,22.872336998801632,88871100,687.2794497784993,61508.27625,57959.2486328125,-388.2302661724898,1.1462675398944144,0.0,0.005056010532367172,0.0,-0.002453498431923884,-0.3711340206185567,-1.4314527988369625,-0.9209025682901063,-0.80682366292654,-1.173630045636856,1.2778978483388972,1.3389611592234307,-2.253866952591754,1.4037070583460565,-0.09419924766901526,-0.8068253707054626
2023-01-13,60261.1796875,60418.26171875,59628.4296875,60044.9609375,7200,43.661553777091434,35.86509848377497,26.550634023999493,88878300,694.6046341693208,61496.771640625,57972.58708984375,-378.89480530750734,1.1526568808831383,0.0,-0.0027913648284401587,0.0,0.00505601053236715,0.180327868852459,-1.0535630158896614,-0.4793956469203475,0.12979502162605366,-1.0922851288224036,1.3113295288198803,1.3016502248789015,-1.5902945862051305,1.3788358736686954,0.8858265888770692,0.11273573488410862
2023-01-16,60092.96875,60586.76953125,59963.828125,60550.5,6500,42.16073785676102,26.33068230126116,26.89943533838238,88871800,689.4858321750836,61479.623828125,57983.33369140625,-380.6813445978187,1.147365235096799,0.0,0.00936465632678532,0.0,-0.0027913648284401127,-0.09722222222222221,-1.1704690315822908,-0.6121188181725344,-0.32368925249072433,-1.0443942964417177,1.1388344043500553,1.168294503565224,-1.9269802529195037,1.347681602756403,-0.18297306472783587,-0.3342983174751975
2023-01-17,60655.71875,60704.48046875,60072.33984375,60142.078125,6600,48.534428710780695,58.228089131358935,40.14128997213168,88878400,685.389745948292,61469.035234375,57993.19234375,-332.8510680349864,1.1299672315700522,0.0,0.006430053740810713,0.0,0.009364656326785292,0.01538461538461533,-0.49771522838293925,0.2889733022043154,1.5346056589675945,-0.8718797179385024,0.9981111352823577,0.9401052628831198,-1.3031274683062237,1.315858322828073,1.3820775415501783,-0.15977407339479044
2023-01-18,61045.73828125,61110.25,60569.19140625,60716.03125,6900,52.44566371589589,80.33490683009778,54.96455942090594,88885300,675.0803779341284,61469.278984375,58005.5784765625,-260.4713609070095,1.1058599616305682,0.0,-0.003068332024866857,0.0,0.006430053740810626,0.045454545454545414,0.006454576759645257,0.9054967251081628,2.5098266031250493,-0.622912060797657,0.7603650253203192,0.6586820562054964,-0.7267100638858597,1.2998092108951103,0.9352465016348501,-0.11894731140978734
2023-01-19,60858.4296875,61032.46875,60716.55078125,60920.01953125,8500,50.46222168961581,71.69790698945297,70.08696765030321,88876800,650.3737437959763,61474.17359375,58013.48716796875,-215.73727464255353,1.0686666533059752,0.0,-0.003888699683268508,0.0,-0.0030683320248668933,0.2318840579710144,-0.16104403113273574,0.7254996654246829,1.9619944313839004,-0.43784871170154,0.25831660174123716,0.24026188299514892,-1.2945101662655485,1.2683847257628726,-0.28507435133950854,0.4557301685591181
2023-01-20,60621.76953125,61001.1796875,60585.25,60901.16015625,6300,47.992568091995295,57.90275424886606,69.97852268947226,88870500,633.6277397748352,61450.708203125,58013.53732421875,-197.10952978131536,1.0452148537963832,0.0,0.005277020882491612,0.0,-0.0038886996832685483,-0.2588235294117647,-0.41603540618174595,0.3869577405824862,1.211018087167247,-0.32090260272022353,-0.11433288057696177,-0.054727153474793094,-1.6338451980035262,1.2066189611343163,-0.40529472931418126,-0.8238188585795506
2023-01-23,60941.671875,61113.26953125,60761.87890625,60876.01171875,6600,51.45135455238075,77.30496127738637,68.96854083856844,88877100,623.4757583623469,61437.058671875,58017.36318359375,-154.7496050492191,1.0230696651072915,0.0,0.0006084198851001739,0.0,0.005277020882491712,0.04761904761904767,0.07050520755011419,0.9889514006084336,1.953998304414914,-0.10366761203825674,-0.37552706037071343,-0.35355401669340075,-1.0693129313072811,1.1686207683204208,0.7696634449062145,-0.03799868480256378
2023-01-24,60978.75,61266.05859375,60849.12109375,61122.19921875,9500,51.851050899700326,82.45581812500447,72.55451121708562,88886600,608.7230256221793,61419.17390625,58024.2048828125,-116.84030242379959,0.9982543519212501,0.0,-0.012687885636389725,0.0,0.0006084198851001865,0.43939393939393945,0.21768540351989127,1.18226688681328,1.9916899257988503,0.13234485182191316,-0.7657569115260837,-0.7227396728210181,-0.32410946057587453,1.1506580233104318,0.18822433434391617,1.0363060170303944
2023-01-25,60205.05859375,60899.2109375,60081.359375,60834.73046875,8100,43.75590901752313,35.211207133026264,64.99066217847235,88878500,629.3421398634522,61383.660703125,58030.0554296875,-147.5267410087472,1.0453309980314267,0.0,-0.014519712739566176,0.0,-0.012687885636389673,-0.1473684210526316,-1.0130114427073451,-0.20554422930262453,-0.020912322728228044,0.10261012846949463,-0.4275106921259968,-0.26466457780814995,-0.8923928457117237,1.132243940247274,-1.4547578360545204,-0.5940666380238114
2023-01-27,59330.8984375,60166.8984375,58974.69921875,60166.8984375,12900,36.7707363361438,15.545323122873294,44.404116126968,88865600,672.2719423732057,61335.266640625,58029.4740234375,-239.62117981736083,1.1330890987288627,0.0,0.0028570563267058227,0.0,-0.014519712739566204,0.5925925925925926,-2.3649096415613764,-1.5474835610820141,-0.9031206312367247,-0.2908690566162849,0.5890620185719614,0.8920084618628363,-1.7941538734230138,1.0843916146132575,-1.6807813395149285,1.3658534219988514
2023-01-30,59500.41015625,59644.23828125,58699.19921875,59101.69140625,11500,38.810640418519746,31.213666993346685,27.323399083082066,88877100,691.7553080965481,61292.005234375,58032.15322265625,-295.5219143703507,1.1626059489001443,0.0,0.0008317300858942346,0.0,0.0028570563267058535,-0.10852713178294571,-1.8776999310904503,-1.0763685673872692,-0.26477079703552464,-0.5787041781381242,1.0773285416773295,1.2837156517433956,-0.8201381132813924,1.0578137430507875,0.49264561854237354,-0.4919835715026139
2023-01-31,59549.8984375,59787.62890625,59104.58984375,59770.828125,9000,39.42506965561533,33.14163709299424,26.63354240307139,88886100,691.1327191253661,61260.10640625,58037.020859375,-332.0032319475358,1.1605942869083774,0.0,0.0026562545302409864,0.0,0.0008317300858942112,-0.21739130434782605,-1.7062640005240899,-0.8915530395361748,-0.1923501132422996,-0.8180447137131324,1.046378169058544,1.2446727200456644,-0.033085939605505224,1.0490448857757972,0.2675254392715563,-0.8006357130524784
2023-02-01,59708.078125,60773.44140625,58816.83984375,60001.171875,25300,41.448854715257276,39.30401938166168,34.55310782266752,88911400,781.5233507949828,61225.88875,58043.8666015625,-344.183625554193,1.3089072288658308,0.0,0.0037542684891099065,0.0,0.0026562545302408758,1.811111111111111,-1.3760793667760052,-0.44475485970302064,0.07003605677027312,-0.9445398281856097,3.3285179649204406,3.2502298216015357,2.0310103462468776,1.059798860520211,0.4855551821994151,3.451823832179366
2023-02-02,59932.23828125,60007.671875,59215.62109375,59459.87109375,10400,44.28939982183511,48.03687628972662,40.16084425479416,88921800,782.2753101131983,61194.321953125,58057.6941015625,-331.9226265929756,1.3052663016557746,0.0,0.015177818334286776,0.0,0.0037542684891098688,-0.5889328063241106,-0.9096683151725274,0.11342124989642832,0.42732586241503334,-0.8447955584754256,2.817273135940351,2.7202818970368092,2.5157008271330126,1.1295051082862082,0.5794666239025943,-1.3932194231278734
2023-02-03,60841.87890625,60905.33984375,60013.05859375,60350.01171875,9100,54.034649719935565,83.4747594032104,56.93855169153289,88930900,795.9057567122555,61165.7059375,58079.58775390625,-245.96991228896513,1.3081544669891776,0.0,-0.005505754831571927,0.0,0.015177818334286775,-0.125,0.736632420279681,1.8913453816102948,1.9580767089458013,0.2570284563830454,2.666973728863777,2.3987457975072495,2.6621392022849277,1.2747862595855979,1.8895696966630942,-0.4284041508248771
2023-02-06,60506.8984375,60847.2109375,60345.609375,60847.2109375,7500,50.52928948322132,70.42455213386982,67.31206260893559,88923400,774.8840285542373,61129.97109375,58096.93474609375,-202.54705485945306,1.2806540222097915,0.0,-0.0036501519777638993,0.0,-0.005505754831571896,-0.17582417582417587,0.09222022339364404,1.191382586503164,1.2826202887109899,0.8705461586076003,1.9653768658710418,1.8496780155572057,1.9570447759374585,1.3995147497678364,-0.787627266761531,-0.5251917137108839
2023-02-07,60286.0390625,60655.140625,60063.48828125,60511.3203125,13600,48.304304006083846,61.820287437834416,71.9065329916382,88909800,761.7960510682203,61085.595859375,58108.80654296875,-183.83648074961093,1.2636359311621848,0.0,0.0062659615040951255,0.0,-0.0036501519777638602,0.8133333333333332,-0.29836365624304884,0.6768000138129449,0.8091219165749287,1.0912366315736333,1.5692621348987719,1.5284445897122,1.081824642279838,1.4796805668058528,-0.4896301894542045,1.355705015353371
2023-02-08,60663.7890625,60792.1015625,60324.921875,60332.98828125,13300,52.18261910886978,76.5367149787861,69.5938515168301,88923100,743.5293688490617,61045.23484375,58126.13974609375,-136.94829327609477,1.2256559973249062,0.0,0.002347853467465726,0.0,0.006265961504095197,-0.022058823529411797,0.4198888095759346,1.3886396821087783,1.4116400778684253,1.6007650393574924,1.1373371421090233,1.032757818956944,1.7131212960577653,1.6064732324816966,0.8869652110354193,-0.23394131258126244
2023-02-09,60806.21875,60863.62890625,60472.80859375,60715.890625,8500,53.59620731895111,82.08550697289367,73.48083646317137,88931600,718.3358648241286,60999.36625,58147.27138671875,-87.28995715553174,1.181352630686526,0.0,-0.0020313634655994787,0.0,0.002347853467465688,-0.3609022556390977,0.6959170889874405,1.5443223664699375,1.5379598441505224,2.0079455594646576,0.6079132399828989,0.4985336661615296,1.9547781610210426,1.7605829044432766,0.32991064696841027,-0.8837155083813656
2023-02-10,60682.69921875,60774.140625,60501.73828125,60706.80859375,5300,52.15620590808963,77.27341900060263,78.63188031742744,88926300,688.774765104548,60947.33640625,58163.9018359375,-57.24250591114833,1.1350430583544764,0.0,-0.0041339521515959265,0.0,-0.0020313634655995116,-0.3764705882352941,0.5058333911278757,1.200253583991343,1.237723804901609,2.107571448470947,0.01837785498610015,-0.04141245212538476,1.5584218893522048,1.8523872970251725,-0.25175485434030354,-0.8959812996621611
2023-02-13,60431.83984375,60740.94921875,60245.05078125,60652.8203125,5800,49.26142805564487,67.50041088635797,75.61977895328474,88920500,674.997884561366,60898.603203125,58181.96408203125,-53.06029333037441,1.1169573627190765,0.0,0.009935522012111914,0.0,-0.004133952151595954,0.09433962264150941,0.04901071520686184,0.6171232887354672,0.7597260199820146,1.9390615277722378,-0.25877999767153437,-0.2579536902573973,1.191320970743122,1.937572786072696,-0.5483930649079083,0.021425151532927105
2023-02-14,61032.26171875,61102.73828125,60550.25,60550.25,7000,55.611652573748856,97.06780041150257,80.61387676615436,88927500,674.7050669141256,60862.55640625,58199.52009765625,-1.282053635120974,1.1054892083523202,0.0,0.003978684685142508,0.0,0.009935522012112008,0.2068965517241379,1.2447447608536222,1.6769427780796726,1.8514851693950753,2.1785754880508024,-0.2847960037902251,-0.4109385366361946,1.4424255453688624,1.9943557524739002,1.3597032720591613,0.35223922876342917
2023-02-15,61275.08984375,61352.55078125,60750.3203125,60990.05078125,5700,57.90619548512932,97.08063799027762,87.21628309604603,88933200,669.5283099024024,60835.531015625,58220.59119140625,58.67045813335426,1.0926598583693363,0.0,0.0007249581373650322,0.0,0.003978684685142397,-0.18571428571428572,1.7296648878357888,1.9088394480034452,1.6982596425048342,2.3779313184855146,-0.4262984648947491,-0.6032553259841628,1.6120502487275798,2.053993182339159,0.537728766826463,-0.5634838376840001
2023-02-16,61319.51171875,61682.25,61196.71875,61566.21875,6900,58.33054877266458,87.84002325639256,93.99615388605757,88940100,656.3856627665165,60813.70765625,58242.30880859375,108.5168154091225,1.0704352405431987,0.0,-0.0051686877042285235,0.0,0.0007249581373649505,0.21052631578947367,1.6889979552539924,1.7935569152585038,1.2484111403647045,2.4051108516771262,-0.7182909141159464,-0.8865580056487488,1.7643525403448312,2.0922842303541787,0.04767842300355164,0.33657428544922574
2023-02-17,61002.5703125,61302.71875,60810.671875,60993.5390625,8100,54.13710165523361,76.27984649885147,87.06683591517385,88932000,645.8466756939081,60782.34546875,58268.97650390625,121.05049522166519,1.05872043159068,0.0,-0.005098658112382304,0.0,-0.005168687704228514,0.17391304347826098,1.0308811617709783,1.0545751455392698,0.756458830485786,2.1919114783779396,-0.9327551497773835,-1.0158855643774178,1.3290803044545416,2.152417174460147,-0.7808833765835759,0.24945137128920394
2023-02-20,60691.5390625,61290.19140625,60607.01953125,61112.83984375,6100,50.314344941170106,65.42516137387618,76.51501037637338,88925900,648.512761358629,60752.5428125,58293.923046875,104.67922732298757,1.0685389946872035,0.0,-0.0003100977960143487,0.0,-0.005098658112382304,-0.24691358024691357,0.41306724042464177,0.3954062407884279,0.28722379532722675,1.8790402418824856,-0.8617043660839641,-0.8745435681839315,1.013473501814135,2.1702123655090326,-0.791093947993305,-0.6864417280539764
2023-02-21,60672.71875,60976.58984375,60583.71875,60770.4296875,5100,50.08388937917595,59.07243090186664,66.92581292486474,88920800,630.2526422437269,60723.38578125,58323.10875,89.15847424198728,1.0387743539904035,0.0,-0.015290863840677982,0.0,-0.0003100977960143192,-0.16393442622950816,0.3832179133263137,0.33606334663128057,0.012347598163874459,1.6300778946648868,-1.1662329621447514,-1.1612186604050778,0.7670116394673212,2.199837573334124,-0.044336207061824374,-0.49062492389944795
2023-02-22,59744.98046875,60462.8984375,59681.55078125,60391.859375,8100,40.287808797589975,3.170375981834476,42.555989419192414,88912700,656.0323084227464,60667.619375,58349.48029296875,1.9746768937184243,1.0980542687864603,0.0,-0.0023295628588044957,0.0,-0.015290863840678015,0.588235294117647,-1.3089016983282886,-1.2866135260738183,-2.120038256302764,1.025210054667175,-0.6214839959733216,-0.4527274954245854,0.4118066367780504,2.1861025335489543,-2.2031147034283243,1.1360996130672898
2023-02-23,59605.80078125,59960.0390625,59406.30859375,59777.640625,7100,39.053705228295925,8.765260254599315,23.66935571276679,88905600,648.7250341604074,60606.1771875,58375.6850390625,-77.4568736144065,1.0883588940297815,0.0,-0.0023801558219251023,0.0,-0.0023295628588044792,-0.12345679012345678,-1.4838020001478398,-1.455317521574545,-1.8206078603260007,0.4914746260627139,-0.7318233555407703,-0.5388429414936746,0.0923794024998224,2.1597532669517285,-0.3019782234990795,-0.4082885620841033
2023-02-24,59463.9296875,59908.76953125,59325.33984375,59859.48046875,5300,37.783191551800236,5.880149626513791,5.938595287649175,88900300,644.0610808275212,60559.47515625,58402.562734375,-150.12422267501825,1.0831122063614813,0.0,-0.002952682843577836,0.0,-0.0023801558219250785,-0.2535211267605634,-1.6441363448904656,-1.6196057107116526,-1.8623368058066372,-0.013874957116147038,-0.7860494019356568,-0.5715319480455803,-0.1676725674736383,2.130012827428018,-0.309735956987875,-0.7073541443184965
2023-02-27,59288.3515625,59441.12890625,58937.640625,59331.30859375,7500,36.213034159888686,12.778173123452222,9.141194334855092,88892800,635.6487938041267,60518.486015625,58434.35294921875,-219.3527457546952,1.0721309954688905,0.0,-0.005502437833949518,0.0,-0.0029526828435778585,0.4150943396226414,-1.7816477736424225,-1.7436461763007751,-1.5320328012475417,-0.5183963158327944,-0.8981055947093364,-0.6611540673936547,-0.5109162510786491,2.1232615681612024,-0.35725040408788966,0.7459459712175892
2023-02-28,58962.12109375,59483.71875,58795.96875,59346.609375,6900,33.432949407701955,5.7566234666146965,8.138315405526884,88885900,639.3703085324033,60461.604609375,58465.19544921875,-297.11595370026043,1.0843746742350093,0.0,0.007614329724267494,0.0,-0.005502437833949547,-0.07999999999999996,-2.0763215607318077,-1.9923965543501083,-1.6965177695625064,-1.0917669060986885,-0.7866881071368411,-0.49742832841558604,-0.8449130598418568,2.099657454746266,-0.713278686788232,-0.3396541731197339
2023-03-01,59411.078125,59475.44921875,59109.5390625,59136.48046875,5900,40.233103685791455,21.311484284492373,13.282093624853077,88891800,630.367295422946,60415.780390625,58497.381640625,-318.84137106558774,1.0610265211761731,0.0,-0.008445000130184054,0.0,0.007614329724267455,-0.14492753623188404,-1.3075801046875766,-0.9633053279609762,-1.100979861306955,-1.2513089042915067,-0.908354885658681,-0.7270749025786464,-0.6180276703675223,2.077129424569635,1.222061279213216,-0.4684932243192409
2023-03-02,58909.3515625,59423.7890625,58866.26171875,59287.1796875,5200,35.82824494586204,3.928335552884876,10.332147767997297,88886600,625.1644417320213,60372.62265625,58520.3360546875,-372.2529609265621,1.0612312394387022,0.0,0.015271211847333767,0.0,-0.00844500013018401,-0.11864406779661019,-1.8485326648840927,-1.4622097381314518,-1.5459933620218498,-1.5478303839403107,-0.9581480259862101,-0.7026211303305858,-0.8526542731365842,2.0015270146699558,-1.0730739967592697,-0.3980673129739069
2023-03-03,59808.96875,59967.0390625,59231.578125,59241.19921875,9200,47.02718318395395,35.09706477842379,20.11229487193366,88895800,656.0589458940196,60352.27765625,58548.3382421875,-338.0931151090699,1.0969240226099362,0.0,0.006946987988319059,0.0,0.01527121184733371,0.7692307692307692,-0.55532109013311,0.08575485263747108,-0.5023801303360691,-1.257973412813595,-0.3974762083748881,-0.3204194707558917,-0.48367661649756416,1.9599266609941035,2.1369449780266234,1.4425792322009214
2023-03-06,60224.4609375,60498.48046875,60005.6484375,60007.0390625,5900,51.25801664791535,49.49248059245785,29.50596030792215,88901700,658.4484296694469,60359.86109375,58585.49939453125,-274.3321142251734,1.0933239076274577,0.0,0.00205280220570675,0.0,0.006946987988319053,-0.3586956521739131,0.0447951694073553,0.6481094309694886,-0.027531662980098393,-0.8126089025376639,-0.3723235057028665,-0.3826992536828936,-0.2745901230771185,1.9644017618861886,0.9517997785574842,-0.9131487602517292
2023-03-08,60348.08984375,60402.8515625,59844.8203125,59916.1015625,6500,52.47432313442024,53.775809053604874,46.121784808162154,88908200,651.2757739787721,60355.494453125,58615.607890625,-211.38848723095725,1.0791986551107418,0.0,-0.00897805705454508,0.0,0.002052802205706694,0.10169491525423724,0.2514203329604188,0.806681421674233,0.13845578425621596,-0.3885132768724853,-0.5292831723123576,-0.5733097756965164,-0.012656493914569899,1.9298136821183014,0.31606420751823944,0.044025992664466385
2023-03-09,59806.28125,60467.08984375,59750.53125,60467.08984375,7700,46.945367392586576,40.30368006382766,47.8573232366301,88900500,655.9388325338598,60333.071484375,58643.19625,-202.88589250920631,1.0967724774458532,0.0,-0.011222104597081933,0.0,-0.00897805705454513,0.18461538461538463,-0.4794969461301466,0.07725925707205156,-0.2628904741917114,-0.31424692027321455,-0.4848825651130735,-0.4257899707892455,-0.42832241441950475,1.8859909591834685,-1.0990151535340786,0.2369800595145758
2023-03-10,59135.12890625,59262.46875,58884.98046875,59259.828125,6300,41.15999303788829,13.597829985231495,35.892439700888,88894200,674.8932574421555,60297.5684375,58668.60884765625,-247.45144380972488,1.1412729961443036,0.0,-0.015173338764044982,0.0,-0.01122210459708195,-0.18181818181818177,-1.3627243278689616,-0.7008942597604519,-1.1116564163393996,-0.5789031351843706,-0.15145440436053312,0.06710762996277114,-0.8016424365361493,1.8376660126592406,-1.4145878604609494,-0.53179124320032
2023-03-13,58237.8515625,59510.921875,58094.55078125,59033.76953125,8000,34.9574626528659,4.97220121387581,19.624570420978305,88886200,727.8559600355729,60239.647890625,58691.051796875,-351.1251944006144,1.2497987829349246,0.0,-0.005797950082132204,0.0,-0.01517333876404503,0.26984126984126977,-2.3604085558938843,-1.5207231429648664,-1.3637599054480916,-1.1991469106072774,0.8410507302326068,1.2963984121346674,-1.3518122388693223,1.784905075567569,-1.9255324347088627,0.4491947121786316
2023-03-14,57900.19140625,58490.98046875,57721.16015625,58168.75,10200,32.94546684132192,6.446186606356735,8.338739268487993,88876000,730.853413783032,60180.836953125,58709.29009765625,-455.2854935740979,1.2622642447847598,0.0,-0.005946318317573567,0.0,-0.005797950082132242,0.2749999999999999,-2.443543168781184,-1.7025856804702033,-1.2582861831510601,-1.7450524579749283,0.8625236202981623,1.358750753912044,-1.9182433503427156,1.7239068106587696,-0.646911758845662,0.43241870241474023
2023-03-15,57555.8984375,58473.62890625,57455.671875,58268.5390625,7600,30.98706998746566,3.2938832467434103,4.904090355658632,88868400,751.3608150306726,60108.599140625,58722.6462890625,-559.1690930710029,1.3054453764570733,0.0,0.001371560663512577,0.0,-0.005946318317573529,-0.2549019607843137,-2.46107327251422,-1.8269500952622566,-1.2904371897082834,-2.1635419013375214,1.1857751164420498,1.7015159734174823,-2.1796662829003677,1.6535826517944263,-0.6327178467695064,-0.6979140376448892
2023-03-16,57634.83984375,57887.4609375,57158.69140625,57510.80078125,7900,31.985387417963594,14.256841632494567,7.998970495198218,88876300,749.7471519034817,60035.411953125,58731.191796875,-627.8897600634955,1.300857526343565,0.0,0.0061604854756702,0.0,0.0013715606635125166,0.03947368421052633,-2.1178497052020755,-1.595230407642028,-0.9142685927222506,-2.2889720947261183,1.2122035920141956,1.663375620248835,-1.617717818783281,1.5753709791932367,0.330316174484406,0.08035990959773721
2023-03-17,57989.8984375,58178.94140625,57503.8984375,58038.171875,6300,36.438964802757326,24.88800986214979,14.146244913795902,88882600,744.4111388210902,59982.0609375,58743.30923828125,-646.2515371509071,1.2836910546125495,0.0,-0.006224346454736796,0.0,0.006160485475670274,-0.20253164556962022,-1.6364208535556783,-1.0173527757550442,-0.5655634696907631,-2.151134749868571,1.1786831424739406,1.5044931877770884,-1.210878568473912,1.5219707886452936,0.9392616978682211,-0.7209632592441988
2023-03-20,57628.94921875,57829.23046875,57084.91015625,57773.55078125,6500,34.00151435621284,15.937537905922364,18.360796466855557,88876100,755.8809347088694,59927.57453125,58754.548125,-682.0665248302103,1.3116340744643284,0.0,0.007734488912127836,0.0,-0.0062243464547367955,0.031746031746031855,-1.7836602419361935,-1.2138877737623497,-0.779398523434444,-2.074567990791612,1.5127104337454287,1.8060554268748084,-1.425399839940741,1.4708705838662608,-0.6248806501692621,0.0030420032093948684
2023-03-21,58074.6796875,58133.328125,57730.08984375,57963.26953125,5500,39.3929429784804,28.995141175959006,23.2735629813437,88881600,737.9165041046645,59891.060703125,58765.8309765625,-666.7970159626493,1.2706337909660372,0.0,0.002409142108107301,0.0,0.0077344889121278015,-0.15384615384615385,-1.3006167424235837,-0.550268426608399,-0.34161068497725194,-1.8213879040597203,1.2110774344393551,1.3675188324184553,-1.0802584985499235,1.4263029068134179,1.2469170965090692,-0.5891711919430972
2023-03-22,58214.58984375,58418.78125,58063.5,58245.26171875,0,41.02158117950798,33.093786976154455,26.008822019345256,88881600,710.5854145257599,59840.406328125,58778.0577734375,-636.0739750013163,1.220631144929469,0.0,-0.004969692211634822,0.0,0.002409142108107387,-1.0,-1.1061316073880825,-0.3342007987918464,-0.18636374573256387,-1.5610143464549042,0.6793602237131394,0.8469392167477707,-1.0168130250631529,1.392449777109913,0.4863120036803385,-2.9170324392913387
2023-05-11,61904.51953125,62168.21875,61823.0703125,62158.1015625,6100,67.75811297304693,90.42976530547148,92.30340513479042,88943500,517.0647371465992,59575.855625,59807.26982421875,669.3830816981936,0.8352616918148923,0.0,0.0019930516735166184,0.0,-0.0005760344324046152,0.27083333333333326,1.4277506244078604,0.880646090521986,0.4644365460277673,1.2546047287672095,-1.115581593551251,-1.16629000809757,1.0672836894829756,1.6861890337753582,-0.47394483388182224,0.4811498532050932
2023-05-12,62027.8984375,62110.9296875,61578.1484375,61857.69140625,7000,68.78188342900897,94.49315975692762,93.86121194221563,88950500,518.1873452075564,59624.297578125,59843.5712109375,680.2989792187,0.8354101271538125,0.0,0.00512370252750432,0.0,0.0019930516735167103,0.14754098360655732,1.4620609850672306,0.953605898089721,0.5901345230099122,1.2234344920954126,-1.0381837026828875,-1.1075251350337476,1.2731807694796433,1.67167644151157,-0.09454804162989823,0.1949078482646559
2023-05-15,62345.7109375,62562.671875,61950.30078125,62157.1015625,6900,71.30909247973297,91.68018550391184,92.20103685543695,88957400,524.9147558177309,59681.933203125,59878.312109375,706.4511897636185,0.8419420484978424,0.0,-0.006628237633127078,0.0,0.005123702527504381,-0.014285714285714235,1.6516255094156855,1.214395987328983,0.4187867667450061,1.2420238696128094,-0.8780285018153899,-1.002479111370343,1.4627811547410985,1.6566226962743984,0.43847116613682374,-0.19793666634202942
2023-05-16,61932.46875,62475.94921875,61847.41015625,62474.109375,5900,64.04865417456638,75.8335617679793,87.3356356762729,88951500,532.3164920093216,59734.815546875,59909.56470703125,685.9248988542167,0.8595111784710205,0.0,-0.006003767208133456,0.0,-0.006628237633127032,-0.14492753623188404,1.2783501596553213,0.2861792836569414,-0.7414989834989008,1.1594386176255065,-0.7041908706397924,-0.802480726448336,1.1762587308082826,1.6372505502436916,-1.5319401650798434,-0.5234800650916716
2023-05-17,61560.640625,61979.94140625,61340.1015625,61932.3203125,6700,58.29707668005581,56.26578102543206,74.59317609910772,88944800,539.99673141937,59786.7859375,59937.0067578125,632.3647361889671,0.8771785445001938,0.0,-0.002093908420076647,0.0,-0.006003767208133448,0.13559322033898313,0.9107623782226537,-0.7171225540519217,-2.675978383508138,0.9906135253951933,-0.5228211514392783,-0.5947566377947081,0.8449987690809629,1.6130078443380906,-1.324107550272523,0.17003833593695453
2023-05-18,61431.73828125,61955.8984375,61349.33984375,61937.859375,8200,56.406015201900566,44.96255037639723,59.020631056602845,88936600,544.7511501572721,59827.199140625,59965.33435546875,572.9124019932351,0.8867584825017711,0.0,0.004849958907005839,0.0,-0.002093908420076618,0.22388059701492535,0.7296030494778895,-1.0803551917444452,-2.9811798273681953,0.7778389516920131,-0.3841885956446653,-0.4543113848818789,0.4176959925400067,1.5955873180403348,-0.6496504650617725,0.3739499130209602
2023-05-19,61729.6796875,61784.609375,61251.69921875,61556.25,6100,59.66301017790618,46.62017382249279,49.282835074774006,88942700,543.9053648781812,59883.605703125,59997.6403125,543.5714272445257,0.8811083544117592,0.0,0.003790721111539868,0.0,0.004849958907005902,-0.25609756097560976,0.9890570606491867,-0.5718722998501301,-2.4515409060597104,0.6415350446135866,-0.3444953740602341,-0.4640226480551441,0.6693649869831845,1.5928367020069307,0.6317012771368646,-0.8021419399574264
2023-05-22,61963.6796875,62044.4609375,61579.78125,61579.78125,5600,62.0604741874867,61.61536767061839,51.06603062316946,88948300,538.2463879225968,59926.699921875,60028.377109375,533.0556045525736,0.868648199456718,0.0,0.000292257901585745,0.0,0.0037907211115397743,-0.08196721311475408,1.1669473868438531,-0.16376261966157127,-1.35824172573301,0.5585129048140847,-0.41698323204361293,-0.5678135431245159,0.9145927553649543,1.5874252489152638,0.4918826610558381,-0.35663953134604826
2023-05-23,61981.7890625,62245.19140625,61914.3984375,62098.16015625,8400,62.247485030163666,62.77585309195771,57.003798195022945,88956700,523.4282865531256,59961.846484375,60053.997109375,520.1866268930316,0.8444872186979325,0.0,-0.0033559504436093818,0.0,0.000292257901585824,0.5,1.1112500931471734,-0.1421258191291396,-1.1962845917746818,0.4509247127869069,-0.7579079910494747,-0.8573799220484624,1.3138041116327839,1.568628014345874,-0.17447868557679402,0.9998951093155404
2023-05-24,61773.78125,62154.140625,61708.1015625,61834.28125,5900,58.67020170541031,49.44629125280359,57.94583733845988,88950800,517.9004848350453,59990.3603125,60075.014765625,487.5828259986083,0.838382359563015,0.0,0.00160002903740007,0.0,-0.003355950443609368,-0.29761904761904767,0.8238915260046754,-0.769249090561634,-1.8482479718545455,0.2260851607257146,-0.8852901217364348,-0.9156484715065416,0.9171600367667999,1.5389500920210306,-0.8499821445624463,-0.9360035711542525
2023-05-25,61872.62109375,61934.01171875,61484.66015625,61706.12890625,8400,59.85091450937641,50.59002866932382,54.270724338028366,88959200,513.0041332396848,60031.687109375,60093.80037109375,464.3666980072667,0.829129466589715,0.0,0.010167183826701417,0.0,0.0016000290374000858,0.423728813559322,0.8741408063069411,-0.5363575678389256,-1.6335275247290113,0.033098762753040266,-1.0062862516634197,-1.0245786761620315,1.3109237792265414,1.5059488716962999,0.12618042917723687,1.062689973050683
2023-05-26,62501.69140625,62529.828125,61911.609375,61985.359375,9200,66.42517069728649,95.34845609027171,65.1282586707997,88968400,523.3043402404217,60099.018359375,60115.62703125,491.0677429085554,0.837264285919937,0.0,0.005514850754351461,0.0,0.010167183826701454,0.09523809523809534,1.461883597415524,0.6202660769300025,0.9916668493175721,0.1364627435122601,-0.6141358677653209,-0.8367263145021153,1.6835042058123397,1.4857769218590413,1.6697587849916924,0.09358074416984409
2023-05-29,62846.37890625,63026.0,62801.5390625,62801.5390625,9600,69.38344422135819,89.87651385559012,78.6049995383952,88978000,523.376072633963,60191.18890625,60138.10626953125,533.8875901342544,0.832786362146179,0.0,0.0019531753799707408,0.0,0.00551485075435143,0.04347826086956519,1.6803545991151045,1.0985397242450847,0.6972711789350222,0.35431583569258096,-0.5611297540996782,-0.8607014879612723,1.9804143368660625,1.4696286993673233,0.7691378958356299,-0.04919654847401865
2023-05-30,62969.12890625,63036.12109375,62737.3984375,62839.8515625,7800,70.38420117117367,96.24572034009614,93.82356342865263,88985800,507.32940003510845,60292.56765625,60161.45791015625,571.1437372183718,0.8056795589318586,0.0,-0.005508899853394183,0.0,0.0019531753799706397,-0.1875,1.6748836278906905,1.1867064359526973,1.0283180165594532,0.5415907684387432,-1.1914845138034407,-1.374703348464234,2.139150819922103,1.4586141013446496,0.054599756501532405,-0.7760633125292461
2023-05-31,62622.23828125,62876.76953125,62401.01953125,62839.96875,7300,64.0160028413479,76.80577568014851,87.64266995861158,88978500,511.670826818315,60393.894453125,60182.629453125,566.152079096617,0.8170752768693619,0.0,-0.0030931379022266013,0.0,-0.0055088998533942,-0.0641025641025641,1.2463925693710989,0.044694138347561405,-0.11389130161182978,0.4601588645671034,-1.069825077748988,-1.1949194166962007,1.6745277734745336,1.44365944867396,-1.3614500630135151,-0.38219379411677834
2023-06-01,62428.5390625,62762.41015625,62359.140625,62736.46875,8000,60.71275381042708,65.95076311480435,79.66741971168297,88970500,503.92787713486393,60489.7684375,60200.506796875,540.3375707636515,0.8072075443417941,0.0,0.0018992966082594686,0.0,-0.0030931379022266503,0.09589041095890405,0.9963607134784065,-0.6244683842857195,-0.738371627068474,0.23361286429139855,-1.552782039654398,-1.4963490149454348,1.2512270919123558,1.4221988266382501,-0.8934039912476373,0.2926929123317602
2023-06-02,62547.109375,62719.83984375,62379.859375,62601.96875,6300,62.005192039329266,72.59550975018169,71.7840161817115,88976800,492.21734796451653,60580.91265625,60219.1558984375,523.4134359356758,0.786954589721224,0.0,0.003842853449212656,0.0,0.001899296608259382,-0.21250000000000002,1.0920684064966284,-0.4594078383335196,-0.35339605932370505,0.050286007588172484,-2.2110831982868833,-2.0647863806317264,1.5409589957843959,1.4075994839961858,0.05625574957937831,-0.999077021380385
2023-06-05,62787.46875,62943.19921875,62751.71875,62759.19140625,6100,64.55103467677864,86.06538357135977,74.87055214544858,88982900,485.35109766347966,60684.083046875,60236.430234375,523.3629278973967,0.7730063137216049,0.0,8.61661786612476e-05,0.0,0.0038428534492127575,-0.031746031746031744,1.3590913294253597,-0.016012090507015592,0.4053195841796938,-0.027401418918855287,-2.3981622043938415,-2.344006229619224,1.8047109825628862,1.3925754058908266,0.40515127862577854,-0.2548956995556371
2023-06-06,62792.87890625,62867.94921875,62554.2109375,62738.3515625,8100,64.60851768399289,86.36857175380682,81.67648835844942,88991000,473.0930393482311,60778.44703125,60253.08072265625,517.7906855979236,0.753418297725385,0.0,0.0055751868260837945,0.0,8.61661786613066e-05,0.3278688524590163,1.3270582407686824,-0.04523807580737578,0.41047337176794313,-0.16550209980581473,-2.71415388813219,-2.6311371828106465,2.113759099942463,1.3793674282521715,-0.2739214881234386,1.2184178974664615
2023-06-07,63142.9609375,63196.4296875,62841.94921875,62917.390625,6900,68.20173910631932,97.25058300575876,89.89484611030844,88997900,468.1257351983575,60877.014453125,60269.58447265625,535.4509918664407,0.7413743800543603,0.0,-0.004661173757615253,0.0,0.005575186826083822,-0.14814814814814814,1.7618723768994047,0.7080200689637468,0.990512023865056,-0.0965381866849414,-2.539713398204271,-2.5606089987742093,2.269809887007405,1.3694349677367577,0.7542758608746055,-0.7307144110813852
2023-06-08,62848.640625,63321.3984375,62789.73046875,63140.171875,11000,62.46025605818033,74.26101381312407,85.96005619089652,88986900,472.66446616633203,60975.481640625,60282.52703125,519.7068651039808,0.7520679229747971,0.0,-0.0035483936729936234,0.0,-0.004661173757615211,0.5942028985507246,1.3114987973261996,-0.6046707497954452,-0.30053860501316526,-0.3931843136056491,-2.0557579734936353,-2.032280746857793,1.5576002286308754,1.350806587162544,-1.1357941783452896,2.0913574604133887
2023-06-09,62625.62890625,62992.16015625,62594.73828125,62810.6796875,41400,58.44539026033191,62.119288395487075,77.87696173812328,88945500,467.2899953687369,61077.4521875,60294.16517578125,483.65902907808777,0.7461641560011569,0.0,0.0015821323151632522,0.0,-0.003548393672993644,2.7636363636363637,0.9222421755301947,-1.4144216559800862,-0.9311311204458462,-1.0021081025684175,-2.0528237470984934,-1.9503175626080123,-0.7699967281756067,1.331319217041527,-0.8675393661709482,4.711109038898665
2023-06-12,62724.7109375,62804.890625,62615.19921875,62659.98046875,4900,59.685279319353164,67.51374400527429,67.96468207129512,88950400,447.4615247173986,61178.86921875,60309.55798828125,457.80861839878344,0.713373593962445,0.0,0.0066712020270121315,0.0,0.0015821323151632427,-0.8816425120772947,1.032648443543078,-1.0678347713987708,-0.576013774052267,-1.443411118172145,-2.4716968316515358,-2.3476368309994395,-0.5184956949170153,1.3303454287948715,0.13488236733246986,-1.6845647854883734
2023-06-13,63143.16015625,63177.46875,62777.0390625,62779.140625,5500,64.50247449791954,90.29593475186356,73.30965571754162,88955900,447.83983098758443,61289.458046875,60331.40443359375,465.7188198648655,0.7092451975469533,0.0,0.001351715091370063,0.0,0.006671202027012102,0.12244897959183665,1.6406886511706271,0.04343612307687053,0.7522387311712214,-1.322210935581976,-2.1633278159867264,-2.1449312900385706,-0.2203213161385324,1.3588477150482041,1.0808240482396638,0.019398083027473232
2023-06-14,63228.51171875,63274.03125,63013.51171875,63115.48046875,11900,65.41035785485633,93.41130377439,83.74032751050926,88967800,434.45980957775697,61394.826484375,60352.39048828125,473.417605829869,0.6871264209258949,0.0,-0.004916813697637766,0.0,0.0013517150913699982,1.1636363636363636,1.678937767134783,0.27868161971344746,0.9091465957162499,-1.178231324742955,-2.2934037085558954,-2.2459580657341114,0.42521639329772043,1.3877351820656072,0.04729402080300462,1.6466758026187176
2023-06-15,62917.62890625,63310.9609375,62871.078125,63153.78125,6700,59.446488757632196,58.039360553386,80.58219969321316,88961100,434.84716692934575,61473.348671875,60371.551484375,449.2545772459853,0.6911372448209816,0.0,0.00742159593213175,0.0,-0.004916813697637745,-0.4369747899159664,1.062099054788883,-1.0643141558580622,-1.0549394814364395,-1.4072526725797532,-2.0307344458881995,-1.9493526993852273,0.007327382986138502,1.4120202379918445,-1.0856542623301968,-0.9071529394023848
2023-06-16,63384.578125,63520.359375,62957.171875,62960.73046875,5500,64.65869700364674,88.30700503242821,79.91922312006805,88966600,446.83883134510677,61558.91140625,60394.60078125,462.4532295407116,0.7049645900677939,0.0,-0.003412144564936315,0.0,0.007421595932131764,-0.17910447761194026,1.792903436542185,0.19301897281278685,0.6548918655529958,-1.155715081464034,-1.5509020621263276,-1.5887794234734771,0.2940032904686246,1.4568009491407559,1.2993613684123289,-0.5017608491416026
2023-06-19,63168.30078125,63574.69140625,63047.828125,63474.2109375,1400,60.76322430812381,66.56736754493366,70.97124437691593,88965200,452.55486348117057,61628.49125,60416.2729296875,450.27103819564945,0.7164271602751434,0.0,0.0025233928335668264,0.0,-0.003412144564936326,-0.7454545454545455,1.3097481190411981,-0.7213014298124009,-0.5490714588372128,-1.225828864572219,-1.3053581474500084,-1.3206795829430626,0.18326332027371964,1.4955528380464436,-0.950134566857203,-1.3161200281207663
2023-06-20,63327.69921875,63440.19140625,62801.91015625,63176.76953125,5000,62.55382361079091,79.6806360285493,78.18500286863703,88970200,465.82103394680126,61698.385859375,60443.0483203125,448.3108372763454,0.7355723320023625,0.0,0.003086314853708306,0.0,0.00252339283356684,2.5714285714285716,1.4779343189701168,-0.2429980713448966,0.24150696840638608,-1.1695348221274695,-0.8737680430861061,-0.9538048360676221,0.4432581963767867,1.5567028689880003,0.38167037305252366,3.0635554606917967
2023-06-21,63523.1484375,63588.30859375,63315.62109375,63467.4609375,10600,64.6821300758325,94.6079524700756,80.28531868118617,88980800,452.0257815220298,61771.91859375,60462.9787109375,457.25750258429616,0.7115922189637293,0.0,-0.004474869704855378,0.0,0.0030863148537083607,1.12,1.6665349972060042,0.3299731064084327,1.1352328924330484,-0.9933667343756641,-1.179083645417155,-1.2444135809049504,1.0276033223077246,1.581087015456873,0.5078352969835451,1.1227878581026862
2023-06-22,63238.890625,63601.7109375,63200.62890625,63601.7109375,7300,59.39477942153623,65.36321599045345,79.88393482969276,88973500,448.38694221688485,61833.54203125,60485.34021484375,436.38024959097675,0.7090366984388965,0.0,-0.004103796393091771,0.0,-0.004474869704855333,-0.3113207547169812,1.1099443171386905,-0.9645240983663212,-0.560410798027009,-1.209753004835956,-1.194332257234318,-1.19741038428393,0.5304231284731225,1.6153297320579105,-1.154133442417765,-0.6545552157013409
2023-06-23,62979.37109375,63240.62890625,62874.12109375,63124.28125,7300,54.976311365986646,40.58808174224344,66.85308340092415,88966200,442.5384329513931,61885.2740625,60506.2204296875,394.3480203985964,0.7026720420765048,0.0,-0.00014879624212268416,0.0,-0.004103796393091774,0.0,0.6249675817862917,-1.9279121902501901,-1.8632674876985011,-1.7133543047973323,-1.260639298272573,-1.2074679500683159,0.03855942234659024,1.6384062122978442,-1.009182816585697,-0.25810820674037577
2023-06-26,62970.0,63136.08984375,62853.671875,62946.5,4400,54.817730998841185,37.26632658998778,47.739208107561545,88961800,431.10125693700786,61936.0540625,60524.84052734375,356.17524052823137,0.6846137159552292,0.0,0.007083234079720502,0.0,-0.00014879624212271736,-0.3972602739726028,0.572432659645221,-1.8758447552190922,-1.864682134215121,-2.2133321517306332,-1.451704253451458,-1.3748188017383878,-0.25297439863459503,1.6466377346072323,-0.10912485250207288,-0.7331418150037068
2023-06-27,63416.03125,63467.5390625,63054.83984375,63151.8515625,4800,60.63762184005299,81.56060282793801,53.138337053389726,88966600,435.8468144772216,62006.1596875,60545.9357421875,357.7896552676466,0.6872817580763091,0.0,0.00787483251721149,0.0,0.007083234079720446,0.09090909090909083,1.2412497229447423,-0.3504929031502285,0.5643235115090788,-2.162263803652706,-1.2404785698346372,-1.2485325170526804,0.02301225865566916,1.665497488756722,1.4087730309370963,-0.1374483257369778
2023-06-28,63915.421875,64050.44140625,63554.8203125,63701.78125,6300,65.92923901103893,90.72478935222455,69.85057292338342,88972900,450.0299103181343,62089.927890625,60570.36830078125,394.8145639065915,0.7041022293465606,0.0,0.012565617110698294,0.0,0.00787483251721155,0.3125,1.944894638184577,0.9482069852584916,0.998412484571744,-1.5235271827654393,-0.8122249445104519,-0.940307401762866,0.3849736860721915,1.6989340565307118,1.4859123324312045,0.13096724419195177
2023-06-30,64718.55859375,64768.578125,64068.44140625,64068.44140625,29700,72.36380328344389,97.67716071218017,89.98751763078089,89002600,478.824648866839,62192.943046875,60595.52,483.39125833701837,0.7398567880235207,0.0,0.007517042994634641,0.0,0.012565617110698257,3.7142857142857144,2.880963088628912,2.3169156187784994,1.2959013889931708,0.03525124823564177,0.03002169338878996,-0.3365552986197001,2.2070960261904213,1.7305778217810215,2.2273003966134532,3.299610091649369
2023-07-03,65205.05078125,65300.3515625,64836.16015625,64836.16015625,8800,75.3951095474978,96.22318752631709,94.87504586357392,89011400,486.1795288584934,62304.39703125,60622.57955078125,586.0887147046087,0.7456163641211311,0.0,0.004202128465772009,0.0,0.007517042994634737,-0.7037037037037037,3.01697372678267,2.5792329392540676,1.1461064060452477,1.765874917748868,0.3174208163217309,-0.1811642849685342,2.476155382488545,1.7633442732329672,1.1497787993377702,-0.9739158685411854
2023-07-04,65479.05078125,65672.96875,65171.05859375,65503.8515625,6600,76.9299374617176,93.24576763524996,95.7153719579157,89018000,487.30314510074385,62420.876875,60649.39916015625,681.728160978877,0.7442122927662899,0.0,-0.000504156953348092,0.0,0.004202128465772059,-0.25,2.8293505522196254,2.4783214396108715,0.9160711753633132,2.837625745940552,0.43220075479279585,-0.14317699846430154,2.511472044270034,1.785190393247189,0.4751331065724037,-0.5307194597280699
2023-07-05,65446.0390625,65584.328125,65256.48828125,65493.6796875,7400,76.31229799116281,92.09595763757652,93.85497093304782,89010600,475.9129092899764,62528.675625,60673.77396484375,746.2569557267634,0.7271836708643079,0.0,0.005189031565007098,0.0,-0.000504156953348045,0.1212121212121211,2.4342020506943944,2.091532820873262,0.7967755599465908,3.0252728681933005,0.11527539684961169,-0.4157287266971118,1.8889694341414223,1.7877814970104169,-0.4703101763267325,-0.16242139502285297
2023-07-06,65785.640625,65832.9765625,65328.2890625,65391.87890625,8600,78.24712668719279,98.4383074748084,94.59334424921161,89019200,477.96823719783526,62641.77421875,60700.96732421875,815.4000739112744,0.726554051396129,0.0,-0.007679356793525183,0.0,0.005189031565007163,0.16216216216216206,2.4653495444718465,2.1512937812102124,1.088242084085038,3.048026679476885,0.24280367259059318,-0.37542008769306756,2.116503770720377,1.8009179516530802,0.6291335399512347,-0.1385712401132307
2023-07-07,65280.44921875,65898.9765625,65175.73828125,65559.40625,14300,69.192886795424,80.02860569919366,90.1876236038595,89004900,495.4875260587042,62741.371640625,60727.69951171875,819.9795549086994,0.7590136587423929,0.0,0.0009761369140777517,0.0,-0.0076793567935251605,0.6627906976744187,1.8024107573576407,0.6419211072628067,-0.02757005055159891,2.6004964858182062,0.9208705926431677,0.39244949434489773,1.2850579027269071,1.8075648288381458,-1.820236784769621,0.33620046326522746
2023-07-10,65344.171875,65633.4921875,65246.3984375,65482.328125,14400,69.66962934623018,82.086122325941,86.85101183331433,89019300,487.7451134830825,62835.2675,60760.21642578125,819.3062598364922,0.7464248141611061,0.0,0.004188160430336772,0.0,0.0009761369140777187,0.006993006993007089,1.705291320064858,0.696095225443885,0.1255167613686589,2.2627825022507313,0.7222428076610005,0.19183398509436225,1.8227643960229476,1.8364830721862189,-0.10461447450387827,-0.29240730093950185
2023-07-11,65617.84375,65870.59375,65517.5703125,65598.6484375,9800,71.69548983801555,90.76831905674463,84.29434902729308,89029100,490.50773930571944,62925.375546875,60792.5994921875,831.2733006222406,0.7475218801375494,0.0,-0.0034128721655837706,0.0,0.004188160430336874,-0.3194444444444444,1.783658720645887,0.9991601693232819,0.6560351821638348,2.0932037072991454,0.9403532013109768,0.3227674998504283,2.0410835543670016,1.8550886781582692,0.5548027794139649,-0.5919225119359494
2023-07-12,65393.8984375,65811.640625,65320.25,65759.28125,7400,67.7100050517717,83.41452902649827,85.42299013639462,89021700,490.57080256959665,63006.159296875,60820.97029296875,813.3114039373104,0.7501782494867745,0.0,0.002523051713420798,0.0,-0.0034128721655837246,-0.24489795918367352,1.4587634676165908,0.38192786396695705,0.23518548893667984,1.79550084019859,0.9994816365065828,0.4790542892808206,1.584798662497601,1.847053426325963,-0.9350033894831592,-0.5182233196503846
2023-07-13,65558.890625,66064.2109375,65452.1484375,65667.0703125,9500,69.07401924112955,84.26057734658072,86.14780847660786,89031200,503.4094952431969,63093.47109375,60851.48083984375,803.1319567746177,0.7678737245917161,0.0,0.007657356732460724,0.0,0.0025230517134207098,0.28378378378378377,1.4824311221409852,0.5710701785883,0.2722499703250962,1.5962098899956378,1.6113037792909561,1.1604684854140874,1.7999652964357429,1.844925214535181,0.20274736108377586,-0.02358560983646675
2023-07-14,66060.8984375,66159.7890625,65610.8203125,65775.4921875,10800,72.83417312294964,97.00885905152144,88.22798847486679,89042000,510.3729911186828,63179.7040625,60886.18673828125,826.0503127665288,0.7725795488560377,0.0,0.008008235772035627,0.0,0.007657356732460707,0.13684210526315788,1.7531580823654649,1.0950437561751585,0.9978636017937224,1.603583738001064,1.8814529281384993,1.4651870692285391,1.9914661302426018,1.8568863003641471,1.1774672057003555,-0.16581104353203413
2023-07-17,66589.9296875,66656.2109375,66015.6328125,66148.1796875,9200,76.12817134124897,98.15955511735439,93.14299717181883,89051200,519.6733578244912,63290.416875,60928.64177734375,876.7945339822327,0.7804083294024595,0.0,0.003081711280715189,0.0,0.008008235772035688,-0.14814814814814814,1.9789575932225925,1.4891311468069814,1.0027868150013655,1.7418387605879804,2.109565852096467,1.777061608603335,2.069364501467856,1.8935946512449322,1.177340424602902,-0.4416037955885547
2023-07-18,66795.140625,67007.0234375,66574.46875,66828.9609375,8200,77.27905313145777,93.86238860148184,96.34360092345253,89059400,513.4505956584561,63391.0346875,60976.89138671875,922.9295452312072,0.7686945350426921,0.0,0.004525731545310299,0.0,0.003081711280715105,-0.10869565217391308,1.9319788680749999,1.533614783902744,0.7179919081980219,1.817640930292367,1.7287655977709897,1.3713281702476208,2.0831949174713826,1.9404720680693075,0.20062256333838846,-0.4008973473827924
2023-07-19,67097.4375,67171.3828125,66703.609375,66905.0078125,8500,78.89334575528937,97.61692849400707,96.54629073761441,89067900,510.1879415042807,63497.756875,61026.8409765625,972.6723441273425,0.760368742106255,0.0,0.007071222913691748,0.0,0.004525731545310219,0.03658536585365857,1.947649590919584,1.621471864101781,0.9106034961497014,1.8805117691127802,1.4892180734944125,1.0524697453563985,2.0868781022324603,1.9777032348291732,0.45891296490210587,-0.25197316676177467
2023-07-20,67571.8984375,67619.171875,66831.3828125,67074.34375,8300,81.15628945451115,98.30135686524406,96.59355798691098,89076200,530.0165930039749,63610.390859375,61081.7090625,1038.408773101488,0.7843742817055952,0.0,-0.013136239258114302,0.0,0.007071222913691777,-0.02352941176470591,2.039949511281407,1.769635468512554,0.947614118446704,1.9805240154491985,2.0016718751866263,1.7623432526277447,2.0723291152498,2.017463051932116,0.9487407258142864,-0.3140192706953656
2023-07-21,66684.2578125,67190.5234375,66533.7421875,66907.0703125,13200,66.7397692424644,61.81083327881644,85.90970621268917,89063000,566.3122827894052,63705.985625,61133.080546875,1007.2690163364896,0.8492443364695432,0.0,-0.004490963419613301,0.0,-0.013136239258114357,0.5903614457831325,1.3479515378874485,-0.14740572151099904,-1.183479551715402,1.6725085931785348,2.716307758964785,3.134084722094989,1.5798622626543932,2.029401131426589,-2.6739512862658765,0.2750871259328156
2023-07-24,66384.78125,66808.5625,66326.25,66629.140625,8600,62.69335687353242,49.48131071957846,69.86450028787964,89054400,560.3122983044477,63793.12328125,61177.86984375,947.5030535851474,0.8440372744384809,0.0,-0.0004379062784062424,0.0,-0.004490963419613303,-0.3484848484848485,1.0799591412041831,-0.7167567406519226,-1.8113053555429226,1.3024534872478684,2.220131555929388,2.546439142631607,1.2770569765878006,2.0108236698695237,-1.133453451859901,-0.5841975826472949
2023-07-25,66355.7109375,66559.2890625,66177.6171875,66531.203125,11100,62.298504634196945,48.291578673069885,53.194574223821576,89043300,547.5522680684157,63873.32328125,61225.70435546875,887.5611142091948,0.8251773062670544,0.0,0.005297090220780968,0.0,-0.0004379062784062304,0.2906976744186047,0.9958218648834758,-0.7911892526205141,-1.757692203697905,0.970331253015348,1.7077944400576666,1.8812719304464358,0.9309471710852074,1.9998772570816619,-0.4083747277990683,0.05643576254647307
2023-07-26,66707.203125,66897.2734375,66431.34375,66434.71875,10500,65.15603776760987,62.67675322412269,53.48321420559032,89053800,547.1244274921003,63968.81796875,61268.91302734375,858.5226625418945,0.8201879285312942,0.0,-0.006601728027403338,0.0,0.005297090220780953,-0.05405405405405406,1.154816574996494,-0.40364567708922117,-0.9243047569565017,0.7870266233366371,1.5613117954324933,1.6193115876025495,1.1328347817378912,1.969804002573062,0.6079266471086576,-0.31294112156410225
2023-07-27,66266.8203125,66984.171875,66060.7421875,66834.1171875,8400,59.11098289903235,43.00544918756071,51.324593694917745,89045400,574.0033746355217,64062.9415625,61309.13662109375,790.8577519758619,0.8662002672357687,0.0,-0.0016089075497694983,0.0,-0.006601728027403331,-0.19999999999999996,0.7993205654774709,-1.1761264871241075,-1.787122957365882,0.4460730242173775,2.0275472855062753,2.318018951159833,0.8508673456760327,1.930927627725924,-1.3917797209618175,-0.42900865643291186
2023-07-28,66160.203125,66351.21875,65878.6484375,66266.3515625,12300,57.714887867516815,36.536827724952595,47.40634337887864,89033100,566.7581559115558,64157.510859375,61348.98119140625,720.3262344158575,0.8566451267399368,0.0,0.00555422644797087,0.0,-0.0016089075497695005,0.4642857142857142,0.6740457521705844,-1.3421210886814796,-1.966523569735484,0.09191539432318294,1.7081177922097481,1.927345712118379,0.4721087990407707,1.8938789245925358,-0.5707630492750474,0.27488910645919856
2023-07-31,66527.671875,66598.421875,65998.8984375,66156.390625,7900,61.123025565703315,52.5212225839558,44.021166498823014,89041000,569.0985331678733,64253.470703125,61391.66400390625,686.1713988982956,0.8554313071967442,0.0,-0.0010275329509266704,0.0,0.005554226447970878,-0.3577235772357723,0.8763365130478504,-0.8654240954453681,-1.1241174850378217,-0.10042322032383294,1.6245854264909845,1.7390511733719647,0.6393842530772632,1.8671169807560681,0.6847194743270653,-0.6324674936733606
2023-08-01,66459.3125,66658.1171875,66388.2578125,66532.9765625,10500,60.15175483161909,46.476842154597136,45.17829748783515,89030500,547.7243075844538,64343.383359375,61438.22396484375,646.1391257845389,0.8241498248788741,0.0,-0.01017963058224534,0.0,-0.001027532950926724,0.3291139240506329,0.7735260881394219,-0.9876491239938013,-1.3370245938655463,-0.32576056320032715,1.0571397626913712,1.0753861517421097,0.2904345012800979,1.8517950048573828,-0.48241781401652933,0.09245033174328061
2023-08-02,65782.78125,66261.96875,65431.6796875,66064.40625,7500,51.43991016949041,16.05041446576595,38.34949306810628,89023000,582.0034865069928,64419.403203125,61479.0083203125,553.4430955582939,0.8847352991889389,0.0,-0.00824078204355338,0.0,-0.010179630582245358,-0.2857142857142857,0.2138648899644836,-1.9494605869550137,-2.355017644539358,-0.8006007214631834,1.6904870858062184,1.9733789684597007,0.016490266860386245,1.8189658131551267,-1.8884553414503835,-0.5690937624764957
2023-08-03,65240.6796875,65820.8203125,64963.078125,65550.8203125,9300,45.725191741689216,10.451497146890993,24.32625125575134,89013700,601.6991080064932,64488.741171875,61519.035078125,431.2663877393352,0.9222759647640179,0.0,0.00736611443660475,0.0,-0.008240782043553385,0.24,-0.26859962115428826,-2.317905141541767,-2.2622079180682713,-1.3838228334999272,1.9288085290160244,2.301548675798971,-0.3138635120900793,1.7869920518854647,-1.4514881477313477,0.1564343002910412
2023-08-04,65721.25,65799.2734375,65387.1796875,65453.55078125,12500,50.92964159516793,28.544620271780694,18.348843961479194,89026200,598.6201538631723,64565.71375,61558.041484375,368.9652724938351,0.9108471824001709,0.0,0.003533507997793712,0.0,0.0073661144366048426,0.34408602150537626,0.06225274325278271,-1.645820308879216,-1.4786597123861729,-1.6469214731419632,1.7169978885925226,1.917204580838985,0.029362920412624696,1.7551259372233583,0.9584071519635854,0.2676510992892792
2023-08-07,65953.4765625,66067.8984375,65748.25,65811.3984375,7100,53.26195399226822,37.28778163421378,25.4279663509618,89033300,580.6221741229457,64634.749453125,61595.75396484375,334.4743208343134,0.8803511268624729,0.0,-0.0016220003565486799,0.0,0.003533507997793617,-0.43200000000000005,0.20013580150257698,-1.3805297722637406,-1.1549025792186471,-1.7729723899317795,1.2650652840054486,1.3548319161619122,0.2063486152532214,1.7233113034719902,0.3158619301030008,-0.7484140344431842
2023-08-08,65846.5,66057.53125,65752.6328125,66048.8125,6300,52.035010488949844,33.260191775986826,33.03086456066041,89027000,560.9276215070211,64694.751875,61630.18345703125,295.10607941065973,0.8518715824030452,0.0,0.0022675844577919857,0.0,-0.0016220003565486918,-0.11267605633802813,0.0010697202634485999,-1.4799277952211813,-1.2866137688696595,-1.91411779348371,0.8029512010995519,0.8675608478627895,-0.10957691876627,1.6873759450354946,-0.4991061445260573,-0.3384226006503014
2023-08-09,65995.8125,66066.0078125,65444.37890625,65810.9609375,6600,53.64025331059479,46.364073192032635,38.97068220074439,89033600,565.263427560091,64755.285546875,61664.6265625,272.80995203416387,0.8565140819504132,0.0,-0.00466139897133625,0.0,0.00226758445779196,0.04761904761904767,0.08657206857318457,-1.2593939812471073,-0.7725332498641131,-1.9564353395710066,0.8551176192918577,0.8881868368033491,0.07480956951627661,1.656292487481915,0.1485455902995153,-0.12170485561280635
2023-08-10,65688.1796875,65956.25,65509.140625,65945.390625,6000,49.932420253956785,35.87669114804793,38.500318705355774,89027600,559.6497452343702,64816.604375,61697.05296875,227.69202158780536,0.851979378781397,0.0,-0.005564642706480083,0.0,-0.004661398971336217,-0.09090909090909094,-0.47289261734523375,-1.5159156159797424,-1.0685014184067483,-2.042616251084291,0.6740116999819259,0.7614321318870796,-0.32809462614233326,1.6242460178988558,-0.9086735427793027,-0.2891046565782853
2023-08-11,65322.6484375,65727.796875,65274.609375,65727.796875,7600,45.87472553443819,17.7908774642443,33.343880601441604,89020000,552.0452991462009,64874.4865625,61727.13046875,160.58924677556206,0.8451055068203364,0.0,0.0012135674133887569,0.0,-0.00556464270648005,0.2666666666666666,-1.1339312108108088,-1.737973235476932,-1.5701129385288397,-2.126652814482839,0.43456480965546423,0.5948381227901293,-0.792988620334233,1.5908052074366539,-1.0061296555444623,0.8085666212142831
2023-08-14,65401.921875,65517.8203125,64821.87890625,65153.01953125,7600,46.88286190440664,26.825364422533227,26.830977678275133,89027600,562.323592510758,64931.5828125,61754.98177734375,112.50957779986493,0.8597967405078767,0.0,0.0021023847015199048,0.0,0.0012135674133888497,0.0,-1.027666430987191,-1.5182839758208988,-1.1788228452902505,-2.0810780733652128,0.6494907174646652,0.7934383206384162,-0.41411101100282594,1.5564915814812335,0.1925440644289664,-0.11682346845494244
2023-08-16,65539.421875,65605.7421875,65032.890625,65238.671875,0,48.66877567081857,33.184354716040374,25.933532200939283,89027600,563.0755903671323,64986.621875,61784.95908203125,84.5268220177677,0.8591403070980055,0.0,-0.005926240003928933,0.0,0.0021023847015197994,-1.0,-0.803802776136089,-1.2674821957051003,-0.8999783745208754,-1.9608443855993407,0.6184563553873688,0.7279612723468407,-0.4379980485061617,1.532358474019979,0.3632759166140838,-2.961733830798538
2023-09-29,65828.40625,66151.6484375,65570.3828125,65743.9296875,8400,45.759322262318626,16.17580524882134,14.497115979029326,89080200,543.9605742731289,66009.69203125,62441.82673828125,40.73511146385863,0.8263310708257181,0.0,-0.004804987778357463,0.0,0.004886187525081853,0.07692307692307687,-0.179808096635723,-0.698794389416029,-1.0245799941937157,-0.33634938970411854,1.9225280471832398,1.6278981348905832,0.6183901876193904,1.5513805201967583,0.921439888993363,-0.16278586036617904
2023-10-03,65512.1015625,65813.5,65344.58984375,65813.421875,8600,42.184402254713575,6.486073613600442,8.684620596206448,89071600,539.6645622714769,65968.49609375,62458.73439453125,-16.874870538478717,0.823763166499284,0.0,-0.004366559661150391,0.0,-0.004804987778357472,0.023809523809523725,-0.5612913812398387,-1.014785859640161,-1.2981257610755879,-0.5771734115005916,1.7576994628154072,1.6369983899544966,0.33551404414362623,1.5395596691743716,-1.027841194333901,-0.1721884153465614
2023-10-04,65226.0390625,65332.51953125,64878.76953125,65330.6484375,8600,39.20156131964094,11.391649207783137,11.35117602340162,89063000,546.3550957699429,65939.33171875,62472.1980859375,-84.63839067662775,0.8376334108628335,0.0,0.006217321422989022,0.0,-0.004366559661150404,0.0,-0.8847465768848699,-1.2342803157433018,-1.1290385795149058,-0.8506946675921064,2.1109174915119473,2.0465310694838497,0.049856341364651925,1.5132375090553594,-0.8796776816935065,-0.19612524667451825
2023-10-05,65631.5703125,65753.203125,65443.33984375,65598.2578125,8000,45.1253312940041,24.69448555557691,14.190736125653478,89071000,544.9843076792326,65924.2675,62486.96638671875,-104.41485641818144,0.8303691426006251,0.0,0.005547063680886235,0.0,0.0062173214229890306,-0.06976744186046513,-0.4472998396011706,-0.7192914897635604,-0.7378792458902973,-0.9239309496741722,1.867478698303143,1.7083774087318695,0.23988456185928703,1.496963116908147,1.1731239423076154,-0.25083441322364447
2023-10-06,65995.6328125,66095.8125,65762.328125,65867.5390625,10200,49.84941979850554,36.63700258199268,24.241045781784226,89081200,539.217013380716,65917.0659375,62507.94939453125,-89.67730272375047,0.8170495385848998,0.0,-0.007322335841114486,0.0,0.0055470636808863105,0.2749999999999999,-0.05373030738956678,-0.3145880369220006,-0.3807222082070121,-0.8579020996472668,1.4518857275197534,1.243931242213711,0.498171956823376,1.5129314362395465,1.0145363826437113,-0.020704694515304795
2023-10-09,65512.390625,65789.9765625,65434.609375,65560.0703125,7300,44.38710738281626,21.666860350955933,27.66611616284182,89073900,540.774615103522,65893.1696875,62528.8223046875,-115.65805706316314,0.8254539483972954,0.0,0.008654374303715923,0.0,-0.0073223358411145245,-0.28431372549019607,-0.6245033508200454,-0.7768243423357292,-0.7855626560879237,-0.9548584838981319,1.463316576252764,1.4339102575582288,0.23318091603157542,1.5276026911584648,-1.4009480041141893,-0.38968889550177305
2023-10-10,66079.359375,66180.171875,65662.2734375,65662.2734375,5100,51.150375734973615,49.70590566016376,36.003256197704104,89079000,549.8465175961276,65889.42046875,62550.18814453125,-89.46703203492507,0.8321002545980382,0.0,0.00595779837643137,0.0,0.008654374303715962,-0.3013698630136986,-0.013686762216147673,-0.22533111056379182,-0.028843363259152887,-0.8540022046923197,1.780044937694344,1.5568001236661617,0.33658632992668935,1.5446490395647323,1.4778708407985868,-0.6277064972831152
2023-10-11,66473.046875,66592.15625,66299.7890625,66376.421875,16800,55.222475433980954,92.15996206433257,54.51090935848407,89095800,547.200114553547,65895.67734375,62574.04193359375,-36.52216020898777,0.8231909627710245,0.0,-0.0009726686685745515,0.0,0.0059577983764314,2.2941176470588234,0.4109786548601733,0.09860275873392553,1.1186068453217952,-0.6578466184979047,1.5442421030225921,1.2634647040979876,0.9818076430261345,1.5737686205359076,0.9410568501679499,3.272154328127094
2023-10-12,66408.390625,66577.6015625,66339.421875,66564.5703125,7100,54.42013194019387,89.27471405089062,77.04686059179564,89088700,525.1272269068651,65893.29171875,62600.7476953125,0.21730814705369994,0.7907543338494586,0.0,-0.0018920566560560283,0.0,-0.0009726686685745944,-0.5773809523809523,0.28488507349738607,-0.00018578931936286003,0.9694765147569228,-0.5336131536757336,0.5114335649112185,0.37825970056952557,0.6188920105671429,1.6149093131707652,-0.30091663775972133,-1.0167607053354966
2023-10-13,66282.7421875,66478.8984375,65895.40625,66034.2109375,13400,52.81420251988446,81.94137615787446,87.79201742436585,89075300,529.2961526635175,65889.7603125,62628.0303125,18.976078276187764,0.7985429316823519,0.0,-0.001747249678843864,0.0,-0.0018920566560560736,0.8873239436619718,0.07710562027169726,-0.16875671678173787,0.7110392079114665,-0.48664611045321277,0.6515243453281858,0.550591083599404,-0.014973361139479852,1.6542467319867866,-0.4531744399484131,1.2114477304917257
2023-10-16,66166.9296875,66342.75,66039.3828125,66238.1484375,6600,51.31119208343001,75.18210233296172,82.13273084724226,89068700,513.158369437552,65897.44328125,62659.638515625,24.21826480726304,0.7755511278234448,0.0,0.003947048226862763,0.0,-0.0017472496788438763,-0.5074626865671642,-0.14310419722422807,-0.3423124408128292,0.46963413494102707,-0.5036473640127339,-0.10460360290314147,-0.06642157210557005,-0.49536051694428046,1.712066167334703,-0.4440061454840061,-0.9704103323530561
2023-10-17,66428.09375,66559.8203125,66309.1796875,66558.1484375,7900,54.45864932519885,90.42466606022884,82.51604818368833,89076600,504.56781626344116,65921.1915625,62688.946875,48.88299981242744,0.75956991655122,0.0,-0.008295741777175413,0.0,0.00394704822686287,0.19696969696969702,0.18000261141797783,-0.06139177302882161,0.8717627300054238,-0.4317219038342505,-0.4888407914321043,-0.4718650848166329,-0.16049031070425385,1.7520689948822588,0.6387492772531229,0.23411256929701882
2023-10-18,65877.0234375,66475.2734375,65842.1015625,66473.7421875,7100,47.483525289874024,58.26203129310325,74.62293322876458,89069500,513.7538204589097,65924.30703125,62713.69484375,23.690126243120176,0.779867992891827,0.0,-0.0037612696668828604,0.0,-0.008295741777175403,-0.10126582278481011,-0.634279114394942,-0.6844427902234217,-0.04382179963615754,-0.5707803451547693,-0.0870577264603018,0.05338248213331966,-0.7242721718731281,1.765550091315205,-1.5243903416919204,-0.32176555527596057
2023-10-19,65629.2421875,65869.6484375,65343.5,65484.609375,11000,44.71057892114491,43.80054123435174,64.16241286256125,89058500,515.1659359618446,65917.82234375,62737.2896484375,-16.083878704273957,0.7849640172440772,0.0,-0.0035292361458062887,0.0,-0.0037612696668828383,0.5492957746478873,-0.9818825011134572,-0.8923879019960709,-0.42511844921912945,-0.7594939197715823,-0.0750959608260766,0.1469955832264462,-1.5503812672517276,1.7725166945448263,-0.665011503312333,0.803521392299765
2023-10-20,65397.62109375,65555.140625,65308.609375,65437.0703125,14300,42.22805227916409,30.282221568667683,44.11493136537421,89044200,501.27071285742716,65908.844765625,62758.608359375,-65.53945269492397,0.7664968610078895,0.0,-0.012626486616634982,0.0,-0.003529236145806247,0.30000000000000004,-1.265375679680637,-1.0519781432666653,-0.7672958732375154,-0.9674890717290026,-0.8028354456108948,-0.3972940543338698,-2.3838811091078904,1.7680218815803608,-0.5901848055060721,0.3231991644563712
2023-10-23,64571.87890625,65453.921875,64502.6796875,65419.01953125,6800,34.807904535960006,3.31179683907079,25.798186547363386,89037400,533.4115324747538,65880.36609375,62777.2640625,-169.41098057710042,0.8260740457145412,0.0,-0.008096718282877712,0.0,-0.012626486616635013,-0.5244755244755245,-2.152118994240611,-1.5748435724234902,-1.456287157888203,-1.359963726176504,0.7474521824472249,1.1856389565262457,-2.5030443576793573,1.7509599630058919,-1.9946413664172267,-1.1309443116260556
2023-10-25,64049.05859375,64787.078125,63912.16015625,64619.26953125,7100,31.08367435838332,5.108158098411407,12.900725502049943,89030300,557.8048493515571,65847.583671875,62791.67041015625,-290.56766147536837,0.8709024950539842,0.0,-0.014065939079047012,0.0,-0.008096718282877724,0.044117647058823595,-2.4263250872295554,-1.734823884413988,-1.308547285746301,-1.7294646126821942,1.8180283500081913,2.164522300922687,-2.5053198874744527,1.713678576801347,-1.1466488130714942,-0.06440898567857295
2023-10-26,63148.1484375,63774.16015625,63092.98046875,63774.16015625,12900,25.934375046737173,1.5765989535482128,3.3321846303434515,89017400,586.252940469303,65804.093671875,62800.94015625,-454.0471514358287,0.9283770862253208,0.0,0.010050213022130623,0.0,-0.014065939079046963,0.8169014084507042,-2.8561803238490167,-1.9793189520167458,-1.322597835999879,-2.128317174391062,2.700258822700441,2.9693656653638025,-2.66292136331767,1.6537933578837518,-1.9687618129805131,1.273927737747029
2023-10-27,63782.80078125,63913.12890625,63393.37109375,63559.3203125,12600,34.20346807464135,19.713794208234305,8.79951708673129,89030000,599.0191924893528,65771.71125,62816.5669140625,-526.3275090095631,0.9391547331760388,0.0,0.00517142007265012,0.0,0.010050213022130716,-0.023255813953488413,-2.0050773601778538,-1.2425550213369696,-0.7392406843635582,-2.1317711749837485,2.7082912900928804,2.6862636875946055,-1.8787775694289208,1.6297137758017741,1.817676249084666,-0.24807981386764147
2023-10-30,64112.6484375,64184.578125,63431.44921875,63885.55859375,5600,38.07320957929842,29.14023280035812,16.81020865404686,89035600,610.0270291865419,65743.17578125,62835.36380859375,-550.6467509518479,0.9514924808966904,0.0,-0.003707829200531925,0.0,0.005171420072650035,-0.5555555555555556,-1.5780314578853416,-0.8781120797224448,-0.40934196671635165,-2.0016034315542175,2.626085514839264,2.504554953804602,-1.5132886374253751,1.622285946756388,1.0490358160557067,-1.1764501383527657
2023-10-31,63874.9296875,64452.3203125,63812.53125,64449.6484375,15000,36.411144585519516,22.346668690952892,23.733565233181753,89020600,612.1528887089318,65717.653984375,62855.2366015625,-582.3884305254105,0.9583617417722605,0.0,-0.004439951071374712,0.0,-0.0037078292005319202,1.6785714285714284,-1.6813359897989935,-0.9951564639455964,-0.5689090563113293,-1.9300622441183712,2.346761388583981,2.3023844182203876,-1.9744847245958494,1.6189333862043342,-0.2883527527061554,2.425057105096126
2023-11-01,63591.328125,63896.05078125,63550.4609375,63829.87109375,6100,34.477426247129074,14.301344187574196,21.92941522629505,89014500,593.1126712118652,65690.50734375,62869.45669921875,-623.2438490742061,0.9326942661835862,0.0,0.007698696141990665,0.0,-0.004439951071374737,-0.5933333333333333,-1.842437118577003,-1.2059546406514847,-0.778779185629269,-1.917224221946922,1.6358516398045169,1.7434104613402266,-2.066340863227229,1.5859436777262041,-0.359447418406874,-1.135852024090963
2023-11-02,64080.8984375,64202.640625,63815.3515625,64033.3984375,6400,40.365183675970414,28.49621018781739,21.714741022114808,89020900,594.4126589824463,65667.803515625,62889.2837890625,-609.096544101616,0.9275972613932599,0.0,0.004414463894820451,0.0,0.007698696141990702,0.049180327868852514,-1.3197463590704632,-0.5199021322125124,-0.24279803547192316,-1.772190738155947,1.5712255942694866,1.5657178012157487,-1.6818466162914636,1.5823008284883535,1.4205430125156158,-0.11199022231511681
2023-11-03,64363.78125,64535.19140625,64275.390625,64444.8984375,16100,43.52313693266577,36.655883701723134,26.48447935903822,89037000,584.4041096801286,65650.678515625,62910.5751953125,-568.5050518113931,0.9079704428958307,0.0,0.009242933598622284,0.0,0.004414463894820475,1.515625,-0.9755389101550554,-0.05405465279737632,0.08563270349279958,-1.564838701259218,1.1906261014998274,1.1739472202437882,-0.956420960094933,1.5857260256760968,0.8704931818893301,1.971761285451937
2023-11-06,64958.69140625,64992.5390625,64617.48046875,64835.23046875,8100,49.57117064678568,53.8158963663549,39.65599675196513,89045100,587.5722313101194,65641.186328125,62935.57849609375,-482.76669009613397,0.9045321243241456,0.0,-0.0002508204583141029,0.0,0.009242933598622383,-0.49689440993788825,-0.335543246604578,0.7702286296985058,0.7000794501848422,-1.215272679916093,1.1961202630824193,1.0474839209666662,-0.5752833496507089,1.6071969422040817,1.497486214215587,-0.9468960257050472
2023-11-07,64942.3984375,65021.2890625,64638.1015625,65021.2890625,7700,49.415094407821165,54.679413812975895,48.383731293684626,89037400,572.9733219308251,65634.9875,62958.98458984375,-411.39086927824974,0.8822792747364414,0.0,0.0005113906831137738,0.0,-0.00025082045831414934,-0.04938271604938271,-0.31836665739215214,0.7314090973300238,0.6932413437165386,-0.9089351755345592,0.7263996210458749,0.6550554964976102,-0.8412620200433932,1.6186836650665564,0.0412836060021301,-0.296941322912945
2023-11-08,64975.609375,65124.0,64851.05859375,65101.94921875,6400,49.76231290003263,67.80172953475318,58.76567990469464,89043800,551.5424708107662,65636.769453125,62983.39779296875,-348.1321215516582,0.848845399244501,0.0,-0.0022071383035797807,0.0,0.0005113906831137882,-0.16883116883116878,-0.250583307393089,0.7596976605236115,1.093224594662848,-0.6232802750842471,0.07616685343834338,0.10031966761669028,-0.5304857330793307,1.6339335167096363,0.15579041853332998,-0.47052201878615674
2023-11-09,64832.19921875,65046.55859375,64768.76171875,65025.3203125,11600,48.22302515632858,70.63792115980473,64.37302150251125,89032200,531.98921396714,65633.48140625,63004.2801953125,-306.04323341485724,0.8205632700691795,0.0,0.001117970231203233,0.0,-0.00220713830357977,0.8125,-0.36442572102459014,0.5400731213091268,1.1155578295837518,-0.40992274431360864,-0.5578620213743246,-0.4010200646109074,-0.9528846264495111,1.6308771594397187,-0.2524842791686172,0.8969985386484142
2023-11-10,64904.6796875,65014.05859375,64580.94921875,64756.109375,11100,49.080320923207644,76.73630586316038,71.72531885257274,89043300,524.92636832663,65630.05859375,63023.57490234375,-263.79801889554074,0.8087650549298152,0.0,0.0004497581128286806,0.0,0.0011179702312031914,-0.0431034482758621,-0.24974359811000477,0.6512073655816567,1.2382226830176792,-0.18900131847472582,-0.819900756971061,-0.6407817543856896,-0.4459006380595002,1.620721955421828,0.2614596697780743,-0.3324401267317565
2023-11-13,64933.87109375,65176.9609375,64853.359375,65158.30859375,7700,49.44339116051519,88.33531084406906,78.56984595567803,89051000,510.54602505329933,65626.991015625,63043.952109375,-225.36501193430013,0.7862553340092492,0.0,0.011427912447705963,0.0,0.00044975811282865763,-0.3063063063063063,-0.19846153880538456,0.6593420540301196,1.51778720555171,0.016319794868488023,-1.2162866401263852,-0.9899610027009066,-0.0909630068277637,1.618443009147818,0.11391500711711289,-0.6698491987251787
2023-11-15,65675.9296875,65747.6484375,65373.5,65461.5390625,7500,57.70018314881844,97.2983909534355,87.45666922022163,89058500,532.2054049602065,65643.88140625,63069.22291015625,-133.48986211356532,0.8103507746179652,0.0,0.004667568109939441,0.0,0.011427912447705912,-0.025974025974025983,0.6045947406661917,1.6239216070411633,1.6663384757961412,0.4493087727103507,-0.5366311664270089,-0.5761697309390488,0.26748673229363606,1.6402585779565775,1.7288495889180682,-0.2653627643964829
2023-11-16,65982.4765625,66358.3671875,65507.01953125,65665.8671875,11600,60.565379882842585,87.32239054910222,90.98536411553557,89070100,555.0012800523346,65655.787734375,63094.42693359375,-35.53277336953033,0.8411343571298443,0.0,-0.002845452456185988,0.0,0.004667568109939513,0.5466666666666666,0.9069406322501015,1.7995140341626579,1.2561310355884288,0.8882610627726281,0.1448703240628665,-0.07383581405884349,0.7797766832638071,1.6601598540055964,0.6644117809857767,0.5225619354279556
2023-11-17,65794.7265625,66037.6875,65639.7421875,65788.7890625,10900,57.97522268871236,80.74286225244931,88.454547918329,89059200,543.7829966557392,65659.119453125,63118.50681640625,26.64195739425486,0.8264841653216488,0.0,-0.0021214181180221393,0.0,-0.0028454524561859484,-0.06034482758620685,0.6815306349914304,1.3804315076856475,0.9761020571901818,1.1305113498868158,-0.19585335602900003,-0.31144143859790774,0.30717790704913356,1.674852403601144,-0.47793891750252926,-0.33451205693160485
2023-11-20,65655.1484375,65844.0078125,65547.796875,65787.5078125,7200,56.055912364480214,74.95576107642482,81.0070046259921,89052000,526.099278144615,65656.617265625,63145.757265625,63.91630391979561,0.8013069662700281,0.0,0.004198071386014449,0.0,-0.0021214181180221336,-0.33944954128440363,0.533236264232752,1.090748556349951,0.7335015829532051,1.2405583352690948,-0.7115319123038778,-0.7088049497294743,0.018276081344094804,1.7052425566079494,-0.3303097275989718,-0.7119956818582546
2023-11-21,65930.7734375,66082.359375,65849.171875,65860.4609375,5400,58.946206225991865,84.7717939300858,80.15680575298663,89057400,519.0358252414283,65657.622265625,63178.756640625,114.37864032675134,0.78724364690406,0.0,0.0014025127444873228,0.0,0.004198071386014357,-0.25,0.8277936948377577,1.343885596342616,0.9919000143555848,1.3859189002149077,-0.8939756776186155,-0.9140735610710535,0.30344500247133954,1.7588693023529516,0.6491409140810757,-0.5587104382343643
2023-11-22,66023.2421875,66063.4296875,65664.8515625,65839.6171875,4300,59.89912623775435,86.82174829342624,82.18310109997894,89061700,510.43170379561195,65652.775859375,63211.37080078125,159.98762309201993,0.7731091156445065,0.0,-8.223903159102943e-05,0.0,0.0014025127444872165,-0.20370370370370372,0.8967665552554616,1.3479196646330303,0.9907459239323569,1.4807067593481134,-1.0981736211821147,-1.09391729581448,0.5278634189947745,1.802949919633207,0.1772712199218482,-0.4987814986067821
2023-11-23,66017.8125,66235.2421875,65980.5,66084.3671875,7500,59.81133499869768,83.65057516099633,85.08137246150277,89054200,492.168166917354,65641.153984375,63243.71037109375,193.46479835720675,0.745508141332847,0.0,-0.0007236446602952801,0.0,-8.223903159099155e-05,0.7441860465116279,0.8950747718322217,1.2730887833257858,0.8400422234540524,1.517085498563383,-1.5119115504011666,-1.4342145813332234,0.22343326315390408,1.838222369246338,-0.011305537096899902,0.7782789291559798
2023-11-24,65970.0390625,66101.640625,65894.046875,66000.2890625,10800,58.9920769473146,78.15212112021696,82.87481485821316,89043400,471.84142285182867,65618.013203125,63275.02017578125,213.67764096260362,0.7152359306696882,0.0,0.0030947997818612026,0.0,-0.0007236446602952862,0.43999999999999995,0.8806718342811166,1.1592181829733605,0.6871501848135864,1.5087678512133669,-1.8814272263398737,-1.743958003738197,-0.23438681079728063,1.860782103097242,-0.08085436594112969,0.526377077371933
2023-11-28,66174.203125,66256.203125,65906.6484375,66063.71875,5100,61.423905585337515,89.63867442897988,83.81379023673104,89048500,463.10665604098375,65597.074609375,63306.23,243.36543270800757,0.6998295924564392,0.0,0.010996779570211107,0.0,0.003094799781861113,-0.5277777777777778,1.1189691288025954,1.351018057749442,1.062730757646762,1.534810036593252,-1.9240061911735171,-1.8203905937483829,0.11768344735603344,1.8748698676107654,0.5267130309541289,-1.0979393409929772
2023-11-29,66901.90625,66946.28125,66374.5234375,66381.2578125,8300,68.57671164559163,98.12394203377235,88.6382458609897,89056800,485.17604668091343,65585.772890625,63336.53013671875,321.9020950987615,0.7252051157823525,0.0,0.0012934048497310194,0.0,0.010996779570211057,0.6274509803921569,1.8180390553064505,1.8910134889566372,1.2979520625265941,1.7021156414250933,-1.3057855956816717,-1.391859610883967,0.6654994716832451,1.87741242389823,1.6713512581363061,0.8682730594178286
2023-11-30,66988.4375,67069.890625,66610.3515625,66963.203125,11100,69.30553401990304,96.72739885336543,94.83000510537254,89067900,483.3448335251339,65575.161640625,63368.93783203125,386.66804603056516,0.7215347178759527,0.0,0.007355747027238842,0.0,0.0012934048497310613,0.3373493975903614,1.8032640962820539,1.7929756504144234,1.2045113815719855,1.7871827514507277,-1.2949427886482274,-1.380621757554026,1.34544163498152,1.8811269953020695,0.1353302080433017,0.3318572469510788
2023-12-01,67481.1875,67564.328125,67149.0703125,67181.1484375,21700,73.12772851998508,97.21320597843521,97.35484895519097,89089600,489.95524720191,65568.012734375,63404.91357421875,472.31181902806566,0.7260619816477148,0.0,0.020508377797886262,0.0,0.007355747027238735,0.954954954954955,2.129575179995035,1.9401248715555623,1.2028873876907271,1.9014237228843875,-1.1169298363812228,-1.2862197754839333,2.492678559163894,1.8916162480328105,1.0532264462490077,1.3181308644526417
2023-12-04,68865.1171875,68918.21875,68274.46875,68435.34375,30900,80.47979163397095,98.69364330715622,97.54474937965227,89120500,557.6035331160593,65593.378203125,63445.92021484375,644.4281197351957,0.809703890574766,0.0,0.006258951630423376,0.0,0.02050837779788628,0.42396313364055294,2.838501813762933,2.2305883395331447,1.1768404645243007,2.1687247232429265,0.40968408755702806,-0.23020709580116117,3.3434759510924574,1.9135413169172695,2.6374775354282294,0.3956038863142239
2023-12-05,69296.140625,69381.3125,68954.8828125,69168.53125,9600,82.12050127705702,97.87485380116959,97.92723436225366,89130100,554.6458030720552,65643.284140625,63488.36982421875,806.3167991241353,0.8003992690928524,0.0,0.005160257617160768,0.0,0.006258951630423448,-0.6893203883495146,2.668206390926919,2.0853217702006224,1.0787504720627232,2.2981929517109845,0.31218841824363575,-0.3576171812827879,3.0281733031406852,1.9295004543744703,0.615199761447502,-1.3708604535193116
2023-12-06,69653.7265625,69744.6171875,69395.0078125,69534.9296875,10400,83.36937915373312,97.85513792547185,98.14121167793253,89140500,547.062285888337,65711.753828125,63533.2249609375,952.4892375442578,0.7854027528555277,0.0,-0.001895649651731439,0.0,0.005160257617160768,0.08333333333333326,2.4873405364324777,1.9474348621892745,1.0084111718621087,2.3215931800209098,0.1023285002008544,-0.5624574332982641,2.8032656779186866,1.944006208984183,0.424859426166067,-0.09381998430551416
2023-12-07,69521.6875,69695.328125,69320.53125,69694.1484375,26000,81.11628485011181,94.68812884754641,96.80604019139594,89114500,534.7576136820272,65782.004609375,63578.67419921875,1045.624194425618,0.7691953876724112,0.0,0.004371500080460504,0.0,-0.0018956496517313903,1.5,2.1262595323510367,1.6588534914517743,0.8642014020999733,2.2189917812360798,-0.18875563467223164,-0.7408305402152033,1.7810064528464808,1.9507619886158143,-0.6617729838957612,2.0032138157941968
2023-12-08,69825.6015625,69893.796875,69506.1171875,69666.3828125,18200,82.3018712264651,98.43084876898297,96.99137184733372,89132700,524.2520475261682,65858.042890625,63622.6408984375,1130.921089339201,0.7508020493843035,0.0,0.0014740966808265727,0.0,0.0043715000804605,-0.30000000000000004,2.051866395679674,1.615780732783038,0.9355103654874283,2.117252770397941,-0.40972197827206386,-0.9170002023308779,2.0765151713102243,1.9452124649964544,0.23260957719495004,-0.7628151815948376
2023-12-11,69928.53125,70057.828125,69782.4765625,69925.6328125,12400,82.69807153840193,97.05673651656319,96.72523804436418,89145100,506.47344145287053,65937.704140625,63665.90810546875,1193.0720665297558,0.7242729575460238,0.0,-0.005398368780983084,0.0,0.0014740966808266531,-0.31868131868131866,1.9269797889544482,1.5621648241752042,0.8574023711874456,2.002488680136246,-0.7730155655599446,-1.1773455909682726,2.162367189891095,1.9344144235305356,-0.35648568343949794,-0.7382558556675026
2023-12-12,69551.03125,70033.640625,69443.8515625,70020.6796875,7000,75.97995576385219,88.4634741890909,94.65035315821234,89138100,512.4245572419512,66006.351015625,63707.065703125,1198.0556290975073,0.7367605455051411,0.0,0.00048267167138517445,0.0,-0.005398368780983098,-0.4354838709677419,1.6016686280840613,1.0642547241529243,0.4952439383517958,1.829385517774944,-0.5810106984110688,-0.9588558027272223,1.795044713577232,1.9141830179880925,-1.499059948398637,-0.8862173045353433
2023-12-13,69584.6015625,69657.9296875,69100.5625,69648.5625,7100,76.16538717977303,88.63469202422678,91.38496757662693,89145200,515.6347451175261,66087.876640625,63749.975859375,1190.9850477292348,0.7410184631931672,0.0,0.013359299925933236,0.0,0.0004826716713852708,0.014285714285714235,1.4989206672416755,1.012836023850604,0.4504306339694377,1.6714483820302102,-0.4507636760303681,-0.8548899483893202,1.7923845862937806,1.898487188018297,-0.4090770366989711,-0.23312948245311751
2023-12-14,70514.203125,70602.890625,70110.75,70146.09375,12200,80.62566959215737,98.1165758579269,91.7382473570815,89157400,551.53862493056,66181.592578125,63799.0891796875,1246.0291892757086,0.7821667132121618,0.0,0.013749667897136858,0.0,0.013359299925933321,0.7183098591549295,1.7947289659276764,1.2458431968167216,0.8069151182562625,1.630461482793148,0.578695732768804,-0.21784340672974406,1.896883469953794,1.899678891791209,1.7536651073744718,1.001514978215294
2023-12-15,71483.75,71605.7578125,70655.96875,70804.1328125,25100,83.99066322165086,97.85917755789693,94.87014848001684,89182500,590.1112008283772,66301.025546875,63853.1443359375,1352.2979490141006,0.8255179685290394,0.0,-0.0023593648906219946,0.0,0.013749667897136941,1.057377049180328,2.0522776632947006,1.4161207337533883,0.8000200506992939,1.6729200722202389,1.673161298015956,0.5410399713316049,2.214667950946947,1.9111800342867526,1.6829781552128398,1.4690954500979656
2023-12-18,71315.09375,71552.2421875,71142.2890625,71437.3515625,12500,81.34398407107977,94.44368113405356,96.80647818329244,89170000,577.2427668406359,66422.806640625,63910.99490234375,1406.6920861423132,0.8094257982247074,0.0,0.0017120323844487689,0.0,-0.00235936489062194,-0.50199203187251,1.8115749494851245,1.163060409669358,0.5942368499810764,1.6384838144891265,1.362083907943519,0.37380798689225836,1.7819264871126854,1.925981449244897,-1.0076622893110039,-1.1079313913700242
2023-12-19,71437.1875,71623.7109375,71071.9765625,71479.28125,8600,81.79131059496393,96.27947203565473,96.19411024253505,89178600,575.4207388520191,66538.918984375,63970.1518359375,1443.0175686656585,0.8054918719357744,0.0,-0.013030678174445207,0.0,0.001712032384448836,-0.31200000000000006,1.7180203411552972,1.1324707422329405,0.7171693758763397,1.584210078693365,1.3353703222337971,0.3982669685166161,1.7899185062859801,1.9357384928454215,-0.3022503770106618,-0.7563363245669141
2023-12-20,70506.3125,71913.0703125,70302.6015625,71647.65625,13200,68.33744458189386,70.47107866288833,87.06474394419887,89165400,649.3527396483034,66629.132578125,64025.36375,1380.7752251307684,0.9209852517082118,0.0,0.005088750918579099,0.0,-0.013030678174445254,0.5348837209302326,1.224574230819642,0.05667574600638931,-1.5073210113572053,1.3932853167858092,2.9981228990284294,2.6123375654356726,1.4089065222527635,1.926893605253675,-2.417488936030213,0.7166523741032389
2023-12-21,70865.1015625,70958.7109375,69920.390625,69920.890625,8800,70.3610911027825,71.19858462106622,79.31637843986974,89174200,677.1361377091389,66736.186796875,64083.2475,1344.8958757785877,0.9555283528549433,0.0,0.0034129546090707332,0.0,0.005088750918579077,-0.33333333333333337,1.288949664938307,0.16773728903864382,-1.6865345144015784,1.2567326890011683,3.0285234716351765,2.893259720102234,1.4700238333921813,1.9209374604004503,0.3305896263280854,-0.8412036798220827
2023-12-22,71106.9609375,71259.546875,70713.5625,71045.6484375,15300,71.67529427913674,72.74988907903911,71.47318412099787,89189500,667.7681546584861,66836.738828125,64143.97169921875,1320.7524510635849,0.939103775290616,0.0,0.0032322565114548496,0.0,0.003412954609070651,0.7386363636363635,1.3024511139632915,0.22501917098459204,-1.5985890880804738,1.1471307304476606,2.4412711544960914,2.3396216263143694,1.6294237438993364,1.917407672180816,0.058795640337443514,1.0251673529117673
2023-12-26,71336.796875,71471.2890625,71012.078125,71097.78125,7700,72.90480487908022,79.51033469351474,74.48626946454,89197200,652.871210575737,66934.013828125,64203.60029296875,1305.1198432263336,0.9151955781246128,0.0,0.0098354964511434,0.0,0.0032322565114548674,-0.49673202614379086,1.314388414979257,0.2756572243815184,-0.9840969301652639,1.057763719288833,1.937706524624453,1.8033277877791358,1.6456250288926733,1.9070226424876064,0.003159535156746601,-1.099425611261956
2023-12-27,72038.4296875,72119.8515625,71473.6484375,71492.0234375,9800,76.28857712842118,97.3032765888079,83.18783345378723,89207000,662.1700303560416,67046.614609375,64269.24568359375,1333.969621636148,0.9191899840522764,0.0,0.005163259757514408,0.0,0.009835496451143344,0.2727272727272727,1.5124913593215537,0.5333808749799097,0.8502334975789325,1.0458159929727895,1.891539033116328,1.7122314247863388,1.6854764100866035,1.9081189702360803,0.970544488359391,0.2552494905691622
2023-12-28,72410.3828125,72484.34375,72137.453125,72262.671875,7800,77.8666226737814,97.81425180779638,91.54262103003965,89214800,646.7231755091815,67169.167421875,64332.25275390625,1371.0422657277522,0.8931359708231504,0.0,-0.002349455884531407,0.0,0.005163259757514416,-0.20408163265306123,1.5654701469895453,0.6408373340754127,0.8599868682567924,1.0518996044601283,1.506367113779536,1.2564340759153614,1.6814175640533386,1.8988572999988287,0.23111662462025115,-0.6047931293286503
2023-12-29,72240.2578125,72417.0078125,72082.640625,72351.59375,19800,75.39507217271347,92.78659229227658,95.96804022962694,89195000,624.4120335085256,67290.633984375,64392.33173828125,1370.8921462470753,0.8643546582145244,0.0,-0.004814230465548285,0.0,-0.002349455884531393,1.5384615384615383,1.393882705568151,0.333692610318688,0.3423545859595132,0.9945966076852295,1.0794072116468465,0.8253838489050798,1.239155861039142,1.8806314954626566,-0.8638815614557687,2.2085680478654224
2024-01-02,71892.4765625,72332.8515625,71613.7421875,72332.8515625,300,70.47071508459122,82.50870420480047,91.03651610162446,89194700,631.1761293293451,67399.921640625,64450.053671875,1327.4085951297602,0.8779446188373129,0.0,-0.007453839756572233,0.0,-0.004814230465548297,-0.9848484848484849,1.1663199471536365,-0.2427109671381459,-0.7420442243943352,0.8593200035979525,1.1197536876857426,0.9809067586030119,1.152150179526185,1.8570802625308083,-1.1698200686228453,-1.7363928117360279
2024-01-03,71356.6015625,71862.0,71303.96875,71832.6171875,13600,63.57993095804804,66.67213084474653,80.65580911394117,89181100,628.1283924129633,67509.513203125,64507.8052734375,1235.4652591246995,0.8802666868359708,0.0,0.006880495136388594,0.0,-0.007453839756572211,44.333333333333336,0.8760993144186664,-1.0632501816572693,-2.2027299051802403,0.630110203403452,1.0118325270658692,0.9726586997829435,0.8530021084537129,1.8348865086319381,-1.5042778491373228,5.277893785339263
2024-01-04,71847.5703125,71954.7890625,71546.6015625,71678.9296875,8900,66.78454148701738,75.16438848701651,74.78174117885449,89190000,625.9897572406088,67633.879765625,64571.36748046875,1188.5161040309904,0.8712747759150032,0.0,0.002485513765090134,0.0,0.006880495136388554,-0.34558823529411764,1.0368230726487198,-0.7817113570059392,-1.3662898580995126,0.48373144082053493,0.9198777461326882,0.813251638640268,0.9519181071808204,1.8253310127486493,0.5705464647640744,-0.24208461476425777
2024-01-05,72026.1484375,72156.4765625,71779.828125,72016.7109375,14900,67.89120992244706,82.12934128817196,74.65528687331164,89204900,608.1796629734225,67766.4503125,64640.30896484375,1152.4337833275786,0.844387317893535,0.0,-0.009315084897010602,0.0,0.002485513765090097,0.6741573033707866,1.0605141046594333,-0.7164831565782172,-0.6659964420147093,0.352818902490676,0.6110662490593035,0.4362217399029969,1.153878705550482,1.8244262907936768,-0.07238553366512927,-0.11998622721687194
2024-01-08,71355.21875,72181.7734375,71301.0390625,72113.25,10900,59.82624553549152,55.9615583845746,71.08509605325435,89194000,627.6478566896066,67902.117109375,64707.5841015625,1057.5095537642046,0.87961030417219,0.0,0.0004343366616054274,0.0,-0.009315084897010606,-0.2684563758389261,0.6910915101519555,-1.7474305654825149,-2.701251167778757,0.07297430030342719,0.8434250145640132,0.8420758970386809,0.8933241491156931,1.8171242784935429,-1.679377181532855,-0.23624217405647402
2024-01-09,71386.2109375,72035.46875,71307.2734375,71770.90625,9500,60.06225658332717,57.1703241454541,65.08707460606686,89203500,634.8298178189203,68048.86015625,64776.7356640625,973.5596389636776,0.8892891350890244,0.0,0.003803255508794317,0.0,0.00043433666160552775,-0.12844036697247707,0.6605496148861476,-1.7216172494462962,-2.2827586230396584,-0.21214516354298013,0.8894716013530388,0.9048638396142775,1.0218179762921191,1.8115012331098594,-0.30982743457218637,-0.21520616439767284
2024-01-10,71657.7109375,71733.84375,71110.9765625,71383.203125,9400,62.15950102985434,67.75944129243783,60.29710794082215,89212900,633.9753442247118,68219.05140625,64846.85001953125,918.3503366104123,0.8847273181495656,0.0,0.0008857211480751537,0.0,0.0038032555087943454,-0.010526315789473717,0.7711456494067097,-1.5017222510785544,-1.4052841309896271,-0.4616579019916319,0.8223691134537556,0.790138056355323,1.173763693662346,1.8058808724862465,0.1440271607024326,-0.19871693621985495
2024-01-11,71721.1796875,71999.46875,71543.1875,71907.75,7800,62.65323534246565,70.23486681333146,65.05487741707445,89220700,621.2829089229466,68377.818984375,64915.50642578125,869.6926884805143,0.8662474761708745,0.0,0.011813434207185355,0.0,0.0008857211480750582,-0.17021276595744683,0.7817902376763644,-1.4546524739873203,-1.1461420459436373,-0.7393060989927618,0.574717291093193,0.49535688312740805,1.3158527715020916,1.7962613663012632,-0.25776289036340355,-0.21999259550776684
2024-01-12,72568.453125,72720.9609375,71982.2890625,72148.0703125,20400,68.55219153363801,92.4027134000397,76.79900716860298,89241100,648.3185047141648,68546.935078125,64990.2039453125,889.2483359459147,0.8933888994401309,0.0,0.010465764974923462,0.0,0.011813434207185392,1.6153846153846154,1.321149846999135,-0.6735862206290828,0.48446204484995203,-0.8272734018041928,0.9665823380294709,0.8155966012963001,1.7562094013076388,1.796849553888782,1.2754354740856915,-0.00344363687278937
2024-01-15,73327.9375,73402.15625,72909.0,73049.8671875,16000,72.71283530492792,96.89471447716798,86.51076489684635,89257100,661.5602633060101,68735.995234375,65066.470234375,955.0214761430689,0.9021940148064442,0.0,-0.002716073426993634,0.0,0.010465764974923353,-0.21568627450980393,1.860469123659038,-0.1386428184284126,0.8136569586149492,-0.7516734788643308,1.1394102657110632,0.8861883272806059,2.085397502622589,1.7980730108494691,1.024120263406662,-0.22735780420052762
2024-01-16,73128.7734375,73427.59375,72960.2890625,73331.953125,11200,70.09388594066043,87.10100597921944,92.13281128547568,89245900,647.6848650341523,68926.744140625,65141.04115234375,979.7819715836376,0.8856771891404694,0.0,-0.02226231274604099,0.0,-0.002716073426993648,-0.30000000000000004,1.712450338511086,-0.4719610568897516,0.12090877962517324,-0.8318876132697032,0.8448813289106544,0.5924038564964574,1.7325901437804665,1.794211462406467,-0.7457384815871193,-0.23240979681106758
2024-01-17,71500.7578125,72484.796875,71429.296875,71998.9296875,14100,53.21976225509869,16.825449284550817,66.94038991364606,89231800,722.81284342457,69075.141328125,65208.91853515625,858.145421326728,1.0109163392645966,0.0,-0.004390141406936574,0.0,-0.022262312746040958,0.2589285714285714,0.26394472188534895,-2.353693752404569,-3.629975581527738,-1.5627773206530031,2.029358392894056,2.2181417646940464,1.2793857037247394,1.7777891078006618,-3.005290252275491,-0.16272677260902685
2024-01-18,71186.859375,71451.2890625,70665.5,71018.859375,13000,50.68611937138834,18.8755133673504,40.933989543706865,89218800,730.8446269299578,69211.602890625,65277.21732421875,728.0263636174495,1.0266566517283695,0.0,0.0069727361462208065,0.0,-0.00439014140693661,-0.07801418439716312,-0.08646821762022218,-2.328415855980046,-2.869608565782292,-2.1626240215876082,1.954260075521992,2.1544671907292106,0.8661792553409217,1.7627305764632992,-0.6780616351803106,-0.20695575177853
2024-01-19,71683.2265625,71895.640625,71542.7421875,71786.7421875,25500,54.384278649869124,36.84619910167785,24.182387251193003,89244300,729.2686714349609,69346.09359375,65347.36416015625,657.3808790746698,1.017349115555112,0.0,-0.018312229379846424,0.0,0.006972736146220848,0.9615384615384615,0.3450286708647405,-1.7616829383616366,-1.8351779050652512,-2.2733707336516447,1.762532228265284,1.8439313445773033,1.4781885295497519,1.7510744943087133,0.7591984819112357,-0.08223640922993972
2024-01-23,70370.546875,72039.203125,70234.546875,71868.203125,11400,44.813165710481044,4.259254728291453,19.99365573243988,89232900,806.0820699038923,69454.6565625,65411.14830078125,489.8251439875894,1.1454821735800136,0.0,0.009801907980411726,0.0,-0.018312229379846445,-0.5529411764705883,-1.063201854805664,-2.422465055549351,-2.7277246747642794,-2.5946218289189917,2.5883720164379653,2.8489517222386502,1.1217819906536264,1.7296047405662967,-2.174253180078566,-0.26058581512868917
2024-01-24,71060.3125,71149.609375,70001.6015625,70165.4921875,15600,49.811452393143924,30.902316162972863,24.002589997647366,89248500,830.5053372321856,69576.350625,65476.6494140625,407.99126870297187,1.1687330213080411,0.0,-0.0050610616861556865,0.0,0.009801907980411695,0.368421052631579,-0.39279218311649394,-1.7713162858153921,-1.5652200946156758,-2.4951671608825086,2.5600995721109956,2.650329300336796,1.5122814775590108,1.7129572754532618,1.0472275030650335,-0.14971592772844214
2024-01-25,70700.671875,71049.4609375,70319.0390625,71022.1015625,36700,47.400860004097105,20.404900952506914,18.522157281257055,89211800,824.1316301084581,69693.720078125,65535.19517578125,310.53765537509753,1.1656630810603001,0.0,0.01755143769629134,0.0,-0.005061061686155721,1.3525641025641026,-0.8539943556625716,-1.833023441131108,-1.7797196751787934,-2.4360160138127274,2.244818659708615,2.341253547655214,0.32955309004798744,1.68749921167749,-0.6192396070984628,-0.0351148836636953
2024-01-29,71941.5703125,72010.21875,70880.5390625,70968.1015625,13900,55.417793994259675,56.62501966811622,35.977412261198644,89225700,858.8041476007111,69834.457890625,65599.3708203125,329.635267806254,1.193752296301339,0.0,-0.011143374706969774,0.0,0.017551437696291305,-0.6212534059945505,0.5348236343648104,-1.0223225348939775,-0.45058336025457085,-2.1012445094729446,2.4067670976820907,2.318680753573346,0.7366515979630414,1.674370585649669,1.7639300711357122,-0.2782339979750972
2024-01-30,71139.8984375,72142.2265625,71075.71875,72000.203125,12900,50.10463668088226,33.225320219735615,36.75174694678623,89212800,873.640123664946,69958.5784375,65656.62376953124,276.8902246363141,1.2280592787639175,0.0,0.008605732520659392,0.0,-0.0111433747069698,-0.07194244604316546,-0.6089747301164226,-1.3981866715023132,-1.2015836089728613,-2.010676660846492,2.3303762811093587,2.331160382932266,0.2266603460236043,1.6530007273486698,-1.2479001719323934,-0.20998828645920908
2024-01-31,71752.109375,71851.390625,70846.0390625,71073.0390625,11000,53.7512721528984,51.094915478408396,46.98175178875339,89223800,883.0480835817356,70080.10203125,65716.21947265624,281.2476562024531,1.2306928552673446,0.0,-0.0014886321939577125,0.0,0.008605732520659437,-0.1472868217054264,0.2072838751342581,-1.0056629506580692,-0.5257412969142174,-1.8089943600939757,2.1861500303394785,2.1107711389502137,0.5933853018698023,1.638359693556473,0.851245615158244,-0.21560206969158432
2024-02-01,71645.296875,72151.0234375,71574.890625,71998.78125,11500,53.02315145170387,47.977205508440754,44.099147068861576,89212300,861.1255642187544,70193.3584375,65775.2133984375,272.9358415468305,1.2019289496715542,0.0,0.006146055033706635,0.0,-0.001488632193957673,0.045454545454545414,0.041928943083307656,-1.016542758778017,-0.5882432279371874,-1.6755590944773349,1.772974933168372,1.726199833659389,0.09381859293988049,1.624918313929142,-0.1772067087905699,-0.18753462538833715
2024-02-02,72085.6328125,73089.3984375,71948.7734375,71977.5625,19400,55.68805895887258,60.83000590613577,53.300708964328294,89231700,902.7667069531291,70319.1765625,65834.85296875,298.4398696195276,1.2523531690445047,0.0,-0.0049137522094219325,0.0,0.006146055033706688,0.6869565217391305,0.6508445339977614,-0.7135940103674994,-0.08082057386877806,-1.4937426851837523,1.9998284186558617,1.9063027011058418,0.8353197441940271,1.6142604854733043,0.6314553577754146,-0.11336239595430614
2024-02-05,71731.421875,72385.9296875,71602.140625,72269.1171875,19900,53.07957472764043,50.49107580605071,53.09942907354239,89211800,894.2683037779055,70440.70203125,65891.54623046875,286.7644906779751,1.2466897775095935,0.0,0.006338531470801129,0.0,-0.004913752209421918,0.025773195876288568,0.11629435636018381,-0.9218862614254247,-0.419530867595633,-1.419236173376985,1.7585353545112925,1.7165487967228032,-0.060660700837096494,1.6006608510662046,-0.5564681558711855,-0.1964884245062588
2024-02-06,72186.09375,72261.3984375,71625.1796875,71970.8203125,10500,55.93296250559728,63.76232250237727,58.3611347381879,89222300,875.8361927937694,70565.8084375,65950.32169921875,310.6192636932392,1.2133032102097496,0.0,-0.0004723035730133271,0.0,0.006338531470801101,-0.4723618090452262,0.7341473250292105,-0.5840078588722937,0.09618598864831472,-1.2725354152408177,1.456001650048161,1.376095905342043,0.3474507549391962,1.5926652221386992,0.6221989284728154,-0.2536811922620699
2024-02-07,72152.0,72559.2109375,71938.21875,72548.5,12800,55.659624203863,69.64183605827375,61.298411455567226,89209500,857.6330495585001,70688.38359375,66011.52794921875,323.049350657413,1.1886476460229796,0.0,-0.010028416571959197,0.0,-0.0004723035730133107,0.21904761904761916,0.6306305514348456,-0.5667951985745866,0.32345256344263296,-1.1635116093695108,1.1974832822637513,1.133675761668616,-0.3483772336883217,1.590116374323185,-0.12572882311969139,-0.17067279222545872
2024-02-08,71428.4296875,72473.421875,71230.6171875,72473.421875,14500,50.06747199326778,46.20861354424423,59.87092403496507,89195000,885.1453094114644,70796.5959375,66070.0350390625,271.3858400093304,1.2392058922252425,0.0,0.002338879641214288,0.0,-0.010028416571959187,0.1328125,-0.5320505860000699,-1.0793330194524773,-0.5393239331591588,-1.2067864727775637,1.3484849625732767,1.36012903339524,-1.1203106104783571,1.584479966195141,-1.1324395367603806,-0.17876451332908036
2024-02-09,71595.4921875,71676.4921875,71200.3125,71410.2890625,19000,51.28446780891524,51.619024486511925,55.82315802967662,89214000,855.9334792749312,70909.105,66130.17349609375,241.14293747865304,1.1955130876582902,0.0,-0.007304929179484175,0.0,0.0023388796412142643,0.31034482758620685,-0.2812337518827723,-0.8914217300439609,-0.29930248904848084,-1.2001331829025954,1.0138667185572403,1.0113137587836882,-0.1591344373638537,1.582985670854908,0.24170751843952748,-0.1602800513595053
2024-02-12,71072.4921875,71756.578125,70922.5703125,71722.3125,10700,47.39040172768899,34.68138185093539,44.169673293897155,89203300,854.3673602195789,71007.07078125,66187.37419921876,172.97949033949408,1.2021069388781647,0.0,0.0067915911999620986,0.0,-0.007304929179484221,-0.4368421052631579,-1.0517058556587915,-1.2436121292787699,-0.8940081082864775,-1.284667516072283,0.9362450472720373,0.9856349820298015,-0.7189940568834936,1.577694879585431,-0.7726007503171157,-0.24952731612184909
2024-02-13,71555.1875,71662.7421875,70924.296875,71292.078125,8100,51.08221971890733,50.313735015357835,45.5380471176017,89211400,846.0872139538948,71100.13640625,66246.87484375,156.10941291891504,1.1824261014673392,0.0,0.0037403385324089886,0.0,0.006791591199962088,-0.2429906542056075,-0.24911072336053838,-0.7958273535003958,-0.2237149650753673,-1.2556266269060294,0.805800390515948,0.8052264410930486,-0.28336519668262794,1.5774322527243272,0.7976057196839422,-0.22542055372003994
2024-02-14,71822.828125,71938.59375,70809.84375,71035.25,10700,53.049556157596356,54.28137143759553,46.42549610129623,89222100,866.2774129571881,71196.82421875,66305.7084765625,162.46334043360548,1.2061310248734904,0.0,0.0031682780174565844,0.0,0.003740338532409071,0.32098765432098775,0.20683343235357846,-0.5126791104022039,-0.006384966491325377,-1.1805867711072513,0.923751142664898,0.8937547493638146,0.24071477526474988,1.5774927444181512,0.4334370553002501,-0.15070648398723321
2024-02-15,72050.3828125,72164.96875,71644.4375,72061.46875,8200,54.71705296562536,54.42023695691661,53.005114469956645,89230300,841.5812584602461,71288.208125,66365.3068359375,183.7425653760729,1.1680455059487072,0.0,0.005222148693909828,0.0,0.0031682780174566716,-0.23364485981308414,0.5670298766519524,-0.24282344747024273,0.04127354636237868,-1.0730166127149519,0.6488890269671014,0.600351392760533,0.6339291222692768,1.58053332657845,0.3410867548692867,-0.22244735118757314
2024-02-16,72426.640625,72545.328125,72218.1015625,72406.0234375,15200,57.41052236549046,70.92599637401767,59.87586825617658,89245500,816.8215480345142,71359.43859375,66425.9371484375,228.33525867429853,1.1277915708720119,0.0,0.003886907118301816,0.0,0.0052221486939099115,0.853658536585366,1.1018101126222892,0.15545189285075806,0.7659305881695189,-0.9004453847474279,0.373283771570429,0.29209722536219057,1.4216709243680232,1.58693614142301,0.5272988941888952,1.3437731704987075
2024-02-19,72708.15625,72881.9296875,72308.6796875,72627.6015625,0,59.358349284700694,83.27558493812182,69.54060608968535,89245500,799.4235803177633,71427.67890625,66486.23103515625,283.1275296780368,1.099496427290801,0.0,0.0048033426442442625,0.0,0.0038869071183018633,-1.0,1.4490119479310646,0.4766283691252484,1.2831788462531708,-0.6945937523323447,0.1588965102401839,0.05307815887104087,1.3510966977532421,1.5937718090157855,0.3908326421699349,-1.892861783489849
2024-05-17,73917.03125,74070.84375,73459.796875,73711.3125,11900,54.24594064802313,63.198197439150334,51.044392394002045,88849800,788.5035874629509,73537.4325,69421.70291015625,-68.63146403021528,1.066741418220785,0.0,0.0004908374888229835,0.0,0.003438768830822836,0.2268041237113403,0.24275679578634005,0.21236068858611828,0.17242305747113212,-1.251030290287322,0.793262291187683,0.6680062154398705,1.6263459566670182,1.458661293933579,0.5111093675900179,0.033721177801115394
2024-05-21,73953.3125,74189.1875,73762.3671875,73842.9609375,11000,54.58002760037933,64.31613181226213,60.96906903798424,88860800,762.6690678227402,73541.59171875,69458.04818359375,-21.929945738011156,1.031284525385851,0.0,0.0036205274780625953,0.0,0.0004908374888230593,-0.07563025210084029,0.2898851588001542,0.27789723938363636,0.24618048672374243,-0.9551919888583721,0.07185424339533028,0.007154201422958264,1.9951754676156541,1.4668946164710672,0.06514108467388091,-0.3136217044353892
2024-05-22,74221.0625,74307.7890625,73860.328125,74165.5234375,6200,57.07123670462863,72.93060817643843,66.81497914261695,88867000,740.154201371116,73548.5671875,69497.22958984374,36.26845116601908,0.9972293260705019,0.0,0.016127181721495836,0.0,0.0036205274780625185,-0.4363636363636364,0.6661229935369868,0.6392227342667289,0.6167837135556323,-0.621407936337407,-0.5283706623992727,-0.5990288413133514,2.096024959122353,1.4830666906945862,0.5416521383921992,-0.7061940018760995
2024-05-23,75418.0390625,75499.90625,74158.3515625,74253.53125,11900,66.03900817273244,97.74712505294116,78.3312883472139,88878900,783.1113789517505,73583.3853125,69542.54123046875,176.937479923683,1.0383608334111882,0.0,-0.00010141390037550076,0.0,0.016127181721495853,0.9193548387096775,2.118994913463526,1.7737211756711337,1.5723824080918039,0.11143344088812687,0.5850081885313034,0.10637579516136128,2.3862429787527955,1.5141721005309874,2.142530302739988,0.8509844653500784
2024-05-24,75410.390625,75636.5,75244.21875,75335.453125,10300,65.94421335286646,94.00318675239265,88.2269733272574,88868600,755.1949411694825,73609.87328125,69586.05716796876,284.5217441364075,1.0014467965361802,0.0,-0.0002637650439832873,0.0,-0.00010141390037554654,-0.134453781512605,1.9839795359230743,1.7569449729767694,1.4340903731996089,0.7012209726139966,-0.215683246365981,-0.6103545015706647,1.887567372922921,1.5400939060416554,-0.05889993228473715,-0.384554891308254
2024-05-27,75390.5,76009.6796875,75175.2734375,75655.4609375,10200,65.6801678903777,85.05722204415619,92.26917794983,88858400,760.8528918002338,73635.29546875,69631.67556640625,363.98228026732977,1.009215871761341,0.0,-0.0029187613160809385,0.0,-0.00026376504398328837,-0.009708737864077666,1.8479744613198212,1.7087390444202253,1.0885657265347053,1.168753932092345,-0.11663641388159696,-0.5328914355818544,1.367528059771441,1.5700232551813136,-0.08396333012614049,-0.15070773767757004
2024-05-28,75170.453125,75585.3984375,75083.21875,75585.3984375,6900,62.68963083433429,79.74679009785253,86.2690662981338,88851500,742.376234350217,73668.65171875,69676.72681640626,404.5361429879267,0.9875904740333664,0.0,-0.008880546275142598,0.0,-0.002918761316080931,-0.32352941176470584,1.5692065639248198,1.3927523537229483,0.9306391373816092,1.470914771382473,-0.7965001087518907,-1.1184435083831004,1.037851546002378,1.5958662254561984,-0.4197601023194852,-0.8827763288700659
2024-05-29,74502.8984375,74986.21875,74454.546875,74826.9375,8200,54.57180742436038,63.63656931691774,76.14686048630881,88843300,740.4855211823443,73685.35046875,69716.60294921875,378.44678807684977,0.9939016289460642,0.0,-0.008285541743289979,0.0,-0.008880546275142565,0.18840579710144922,0.76920423837574,0.31501336512029615,0.2846744366597646,1.4089501348483535,-0.9929946297310679,-1.1031259660051973,0.674369837454402,1.607184392617422,-1.275584184859727,0.35139877669778363
2024-05-30,73885.6015625,74493.546875,73668.7265625,74365.8828125,11800,48.33836749741856,48.739229623484604,64.04086301275161,88831500,747.1774035978912,73707.8246875,69753.73439453125,304.450570832254,1.011262529906929,0.0,0.0010247048937668316,0.0,-0.008285541743289992,0.4390243902439024,0.029379042260713705,-0.5263264796543133,-0.3356021612499381,1.0268830731746728,-0.8490668858409076,-0.7567547184718455,0.17537802789452364,1.6114733608181027,-1.2327278004523605,0.9097192955724693
2024-05-31,73961.3125,74478.890625,73765.1484375,74208.53125,19200,49.10621229011809,50.5663756858161,54.314058208739475,88850700,744.7891738766132,73725.1053125,69794.62705078124,249.04642332345247,1.0069983193938226,0.0,0.03390243716943233,0.0,0.0010247048937668257,0.6271186440677967,0.08009147012140641,-0.4496560318009681,-0.31283411619751955,0.709223856052794,-1.055510580113196,-0.9171069145287295,0.882576967520055,1.625886880117053,0.07933966795764023,1.273537895073557
2024-06-03,76468.78125,76738.890625,75678.4296875,76583.2890625,19300,66.73850194704369,93.5824569088729,64.29602073939118,88870000,889.9883846711408,73801.61234375,69850.76755859375,402.82647671885206,1.1638584663216938,0.0,-0.05740557523270322,0.0,0.03390243716943231,0.005208333333333259,2.666808999457151,1.8191438993545155,1.4853459483527747,1.5301065693519131,3.5658745121917805,2.5905933242913286,1.6290893166713942,1.6783782641089333,3.553741097251074,-0.19351240165127714
2024-06-04,72079.046875,76300.4609375,70234.4296875,76285.78125,39100,40.369830112449755,28.359263053841655,57.5026985495102,88830900,1271.7286116589166,73788.22484375,69882.55654296876,168.5405686757149,1.7643527027547372,1.0,0.031953742625013035,0.0,-0.057405575232703177,1.0259067357512954,-1.9771881593402385,-1.6405331384955801,-1.4327223878054896,0.15474419259337108,4.9923816427825685,5.013705511256652,-0.13516426817393515,1.6643983894487986,-4.073536938061791,2.0514201653795796
2024-06-05,74382.2421875,74534.8203125,71879.4375,73027.8828125,17200,51.252620932335034,63.76873563936289,61.90348520069247,88848100,1370.561054576137,73835.62875,69924.70037109376,166.79322327238333,1.8425917453809437,1.0,0.009306866862859047,0.0,0.03195374262501294,-0.5601023017902813,0.37611618770093264,-0.22550302851249301,0.1319270360870008,0.13437737931249338,3.9155502952122654,3.7774946462707337,0.6100762587373211,1.6774733491413536,2.0814868228963954,-1.4470015186236371
2024-06-06,75074.5078125,75297.7265625,74474.9375,75078.703125,13300,53.97172373978855,74.41167179736023,55.51322349685491,88861400,1338.0555774635557,73895.08515625,69970.84041015625,218.74691165128024,1.782303496155279,1.0,0.021563265743188252,0.0,0.009306866862859087,-0.2267441860465116,1.0265912468722393,0.12158434416625147,0.5786603546700745,0.41675569969175985,2.955430241648306,2.832375795512109,1.1719009785370929,1.6977388805601188,0.564514884539174,-0.7422770911215046
2024-06-07,76693.359375,76795.3125,74941.8828125,75031.7890625,29000,59.64106958691464,98.44604563267377,78.87548435646562,88890400,1374.8680138947304,73976.12859375,70024.32814453125,386.09768204329885,1.7926819546033614,1.0,-0.0026505717268953573,0.0,0.021563265743188342,1.1804511278195489,2.315517982102271,0.8209342142577714,1.522046820837861,1.2991519599335801,2.6521205909681203,2.460465865813212,2.268205610259482,1.7321068071862071,1.2860959751093655,2.1073687175742557
2024-06-10,76490.078125,77079.0390625,76379.7265625,76935.40625,17300,58.66393495127595,91.39525858625059,88.08432533876152,88873100,1326.6140486165355,74049.29140625,70078.33763671874,496.59681631573767,1.734360953911675,1.0,-0.0004377610249695375,0.0,-0.002650571726895312,-0.403448275862069,1.9242546979636057,0.6903787024537078,1.1784128945866599,1.7571088937823536,2.1256716286748714,1.9969809793577997,1.3831661725865605,1.7602962100261255,-0.23738237688566058,-1.0503139870309772
2024-06-11,76456.59375,76860.53125,76296.4375,76680.8984375,6700,58.49393477230927,90.90605061008321,93.58245160966919,88866400,1272.1483130010688,74129.01734375,70134.00736328126,574.8398709016619,1.6638830617549827,1.0,0.0019615909517287384,0.0,-0.0004377610249695074,-0.6127167630057804,1.7247813722966983,0.6353767466332184,1.0893172903986597,1.9524799980027552,1.704309871360185,1.6001473475273968,1.0236596226411876,1.7862573064362561,-0.11342649907557935,-1.3793618101228824
2024-06-12,76606.5703125,77050.53125,76533.78125,76679.109375,9700,59.066107449135025,93.0972138201824,91.79950767217206,88876100,1223.7046835009926,74201.2225,70190.03060546875,641.5544699829188,1.5973886815571472,1.0,0.002667240214076775,0.0,0.0019615909517287644,0.4477611940298507,1.7011087123613446,0.7070393978714896,1.1580247612697883,2.0443872777964365,1.3795388124988577,1.277610208466024,1.3470838100058309,1.805746627599461,0.06425238370409522,0.6832002583367196
2024-06-13,76810.8984375,77145.4609375,76719.703125,77102.046875,7500,59.877613469475875,95.1590075648985,93.05409066505472,88883600,1174.7893936080643,74264.4134375,70246.38798828125,702.8122602034709,1.5294566493893764,1.0,0.002367828051744366,0.0,0.002667240214076827,-0.22680412371134018,1.7027610484520666,0.7920360256294239,1.1991126019817657,2.0786015304673695,1.0931142439363661,0.98576082702708,1.5533467158802259,1.8193700834095596,0.0988306033256248,-0.6530832138093388
2024-06-14,76992.7734375,77081.296875,76549.046875,76912.3828125,12400,60.625867794792725,97.79066980778013,95.34896373095366,88896000,1128.8937226360597,74323.97796875,70305.5967578125,757.3055458725285,1.4662333518254873,0.0,0.0040051445574995626,0.0,0.002367828051744292,0.6533333333333333,1.685009622532278,0.8683714711462905,1.2632282749034085,2.068557137207336,0.8416118545801988,0.7276212584918145,1.877428738650825,1.8331771417647957,0.07801806359471808,1.2050578450058023
2024-06-18,77301.140625,77366.7734375,77071.4375,77235.3125,7400,61.9224824969432,99.07978618529148,97.34315451932336,88903400,1074.9727424477699,74391.92265625,70367.35916015625,815.9685448055825,1.3906298584423635,0.0,0.00047157292512460904,0.0,0.0040051445574995626,-0.4032258064516129,1.7256431249835662,0.9700549435112239,1.231564543139544,2.050402267955912,0.5758515124138363,0.447475179097244,1.9740089458804277,1.8466537468786555,0.15562854883517202,-1.0007269527071276
2024-06-19,77337.59375,77851.6328125,76954.8671875,77543.21875,11100,62.08144803307562,93.25160358645418,96.70735319317525,88914500,1062.243662630072,74461.138125,70427.9666796875,855.5387386157381,1.373515273909168,0.0,0.0018275192005181827,0.0,0.0004715729251245637,0.5,1.6030274286222383,0.932076419832051,0.9571385914583214,1.9654928492197363,0.4858042522781826,0.36009763428270103,2.1322345192536862,1.8505035509712329,-0.07597064300814911,0.8294651446641033
2024-06-20,77478.9296875,77643.09375,77100.359375,77554.828125,8700,62.73110395818634,95.10708695982161,95.81282557718907,88923200,1025.1358563707813,74526.1640625,70489.261171875,888.0659596793557,1.3231156657758667,0.0,-0.0034723150033834803,0.0,0.0018275192005181573,-0.21621621621621623,1.5549780501357535,0.9460273034749148,0.9620586406236087,1.8687919724559048,0.2980371003948565,0.16800689953368364,2.179920688332484,1.8506305740277222,-0.0026056054534950813,-0.671282049036807
2024-06-21,77209.8984375,77808.453125,76802.0,77729.4765625,23200,60.60267924339216,91.57519676882714,93.31129577170096,88900000,1023.8013755585827,74585.39765625,70548.14416015625,881.9686575533851,1.325997568028575,0.0,0.0016990009073278027,0.0,-0.0034723150033835193,1.6666666666666665,1.2947756814668117,0.6400119246695951,0.7791703620685232,1.6867173453799538,0.2601975601244151,0.1497469437533809,1.3144166650330609,1.8411969478420744,-0.3436404384204442,2.713452719622298
2024-06-24,77341.078125,77423.0234375,76745.9375,76885.6484375,13900,61.292317084107516,93.29734708236496,93.32654360367123,88913900,999.0359871258268,74637.36921875,70608.5878515625,877.6051206164557,1.2917275157596941,0.0,0.009211732364895838,0.0,0.0016990009073278856,-0.40086206896551724,1.293448670446585,0.6788077462789801,0.7964391119577335,1.5426377228752555,0.12761823176611756,0.015513742508414665,1.6987804930944905,1.8330843689487544,-0.04091269020449246,-0.9630683678799818
2024-06-25,78053.5234375,78164.7109375,77459.6015625,77529.1875,8800,64.88723553558168,98.23098388470072,94.36784257863093,88922700,986.5071889382677,74704.765625,70674.42291015625,921.0184414423129,1.2638855307130321,0.0,0.007952575811610041,0.0,0.00921173236489592,-0.36690647482014394,1.6057238222506012,1.0982785350343303,0.9653556250922709,1.5453789060053231,0.0459183897467857,-0.09848460925176775,1.8657058144521828,1.8338169705953706,0.4475164830111364,-0.8576904893775164
2024-06-26,78674.25,78759.3984375,77945.9375,78094.0234375,8600,67.70175510031662,98.012621920421,96.51365096249555,88931300,974.146742406963,74777.48765625,70742.81115234375,994.0524391954241,1.2382027695300089,0.0,0.007231459944009634,0.0,0.00795257581161013,-0.022727272727272707,1.8259216705459986,1.4191543911186177,0.9143534822498164,1.628629890506078,-0.03278147802042667,-0.20153997126064113,1.9674517581070734,1.836122732303867,0.34859868454359955,-0.23472339902747427
2024-06-27,79243.1796875,79396.03125,78467.34375,78758.671875,9600,70.06980952138107,96.56833254111774,97.60397944874649,88940900,970.8996536636085,74877.45328125,70813.64794921875,1085.329279296071,1.2252154160047675,0.0,-0.0026557884959933953,0.0,0.007231459944009533,0.11627906976744184,1.9688276328292451,1.642065987198232,0.7994204505139157,1.7497574863703327,-0.0742982952383784,-0.26416354859914276,2.0550081365303696,1.8395618905096978,0.29422678610750247,-0.025931471682806153
2024-06-28,79032.7265625,79671.578125,78905.890625,79457.578125,17200,68.08132497254779,81.07185348758617,91.88426931637495,88923700,956.2416426876365,74990.1121875,70883.37533203125,1127.685764796057,1.2099312326412395,0.0,0.005611105130598094,0.0,-0.0026557884959933498,0.7916666666666667,1.7194376747863764,1.2991775469716897,-0.02892829510070137,1.7451467514403736,-0.17037579388081597,-0.338292679112087,1.4185453768715233,1.83740184320655,-0.3599851331448378,1.1200283776317288
2024-07-01,79476.1875,79561.0,78971.7890625,79043.3515625,0,70.01247737064668,94.21088936109143,90.61702512993178,88923700,930.0251637456624,75120.76234375,70956.59921875,1183.3957269137463,1.1701934793307271,0.0,-0.0004370412835920193,0.0,0.0056111051305980375,-1.0,1.8036768259866267,1.467591122332597,0.619949493283479,1.7727538253740642,-0.31262419921298873,-0.48908553969782353,1.32619975403453,1.8392133467293774,0.19737663286051657,-1.8345628893591905
2024-07-02,79441.453125,79855.8671875,79231.109375,79840.3671875,0,69.6569891679919,87.5254863872708,87.60274307864945,88923700,908.2203529424008,75259.8115625,71026.87068359375,1210.786308608076,1.143257477318962,0.0,0.006864725260524998,0.0,-0.0004370412835920101,0.0,1.6457219806752288,1.3153567775897406,0.2130781954899121,1.7259875786951264,-0.43710668559473354,-0.5963908943655195,1.236543896863732,1.8328065430830434,-0.19642671340663018,-0.17274700594814435
2024-07-03,79986.796875,80074.296875,79754.953125,80013.7734375,0,72.05600837327573,97.51790653145167,93.08476075993796,88923700,888.5505955893722,75397.7809375,71098.66396484376,1261.9512366180716,1.1108715816911152,0.0,0.0007860672317989981,0.0,0.006864725260524951,0.0,1.7756383682829695,1.5251937120652566,0.7192851938371045,1.7407864660692522,-0.5578420805136326,-0.7260222912137727,1.1538558746721521,1.8274371431964311,0.2748103008230514,-0.177086296418607
2024-08-19,80424.6796875,80724.3984375,80332.6484375,80680.25,10300,54.86545584987541,55.53010464535719,44.16896777765323,88903900,902.8033989963899,79271.4075,73263.09666015625,78.1331962543627,1.122545221820396,0.0,0.004702284037306256,0.0,-0.00015122500999420474,-0.2137404580152672,0.18546021024688988,-0.5375979241262416,-0.192269953731391,-1.5090367229593231,0.6913321604448724,0.6007702987570311,-0.4789660126435494,1.630368164881459,-0.04039633270857381,-0.6575289264501242
2024-08-20,80802.859375,80942.9609375,80517.953125,80722.5390625,6600,57.29368030689579,65.39489102413874,58.92413296515557,88910500,875.3375312109335,79385.97453125,73340.1228515625,145.96610089477326,1.0833001925693717,0.0,0.0012677459782035095,0.0,0.004702284037306326,-0.35922330097087374,0.5800512011768436,-0.2827293995602172,0.16722013452054926,-1.270866397089236,0.2951480589164003,0.19163736325047678,-0.08496405534454099,1.6391655263244231,0.5098620700263733,-0.89961695825376
2024-08-21,80905.296875,80952.828125,80626.3828125,80667.25,5800,57.95354457854581,68.06696487706463,62.997320182186854,88916300,836.1309441601526,79470.21328125,73421.78994140626,205.61976007577323,1.033468730053594,0.0,0.0018279473744283199,0.0,0.0012677459782035605,-0.12121212121212122,0.6563971004490007,-0.18604097865679373,0.2850020334027294,-1.0698335883270989,-0.26297993864282704,-0.3242856857364006,0.2255992678297813,1.6531460954798252,0.09896347102185854,-0.396215871882152
2024-08-22,81053.1875,81236.453125,80954.0234375,81207.2421875,5800,58.939934135745546,90.41184321420612,74.62456637180316,88922100,800.0613231487131,79561.47546875,73506.8105859375,261.81125504578813,0.9870818752793813,0.0,0.00040742922664207377,0.0,0.0018279473744282626,0.0,0.7869711051881146,-0.0528529075192069,1.0787751821273075,-0.8877978010406796,-0.7824294152263208,-0.8075495971376809,0.5351312997102261,1.6695907065484243,0.17768380462537933,-0.18477944149722297
2024-08-23,81086.2109375,81231.4921875,80883.2578125,81165.6484375,10400,59.170270177382356,94.89075335550856,84.45652048225976,88932500,767.7879697095193,79654.0678125,73596.5008984375,305.4866748365894,0.9468785886435346,0.0,0.00754626995669636,0.0,0.00040742922664205317,0.7931034482758621,0.7752186439705196,-0.004173526879787037,1.208840101313161,-0.7374548549675334,-1.2043055013719792,-1.1818680877176946,1.0650161935988498,1.6901964840416297,-0.012841639099108806,1.4887323746239511
2024-08-26,81698.109375,81824.2734375,81278.4375,81388.2578125,16200,63.28062477670533,96.20867433900072,93.83709030290511,88948700,765.664721873125,79755.89859375,73686.07744140625,385.03638991671323,0.9371878097676296,0.0,0.0001670594044882082,0.0,0.007546269956696383,0.5576923076923077,1.3435351061666128,0.40504652386259227,1.222848136046452,-0.5105455670555744,-1.2066316906122896,-1.2390186006186183,1.8293375380343944,1.707647607109192,0.7972702416186837,0.9280952532526733
2024-08-27,81711.7578125,81919.109375,81600.5078125,81815.2265625,5700,63.36920512857169,93.354482675734,94.81797012341441,88954400,733.731639060759,79853.91578125,73774.07298828124,444.06255042202247,0.8979511134057564,0.0,0.0009032321599219054,0.0,0.00016705940448824563,-0.6481481481481481,1.2769613032544347,0.44734759839108457,1.1151329871272744,-0.32755196853700236,-1.5485700051048614,-1.5322954868560512,1.9268233192070467,1.720054854712915,-0.042598508947259334,-1.577610874480784
2024-08-28,81785.5625,82039.2578125,81578.3203125,81779.84375,5100,63.87668106919193,92.17067178447347,93.91127626640271,88959500,714.2463434135619,79949.7715625,73863.62615234376,491.13512930314755,0.8733159271400278,0.0,0.004267829973046893,0.0,0.0009032321599218296,-0.10526315789473684,1.2768021739218205,0.5365653158416022,1.075260561458429,-0.16695322156237077,-1.7123881716671372,-1.674767400806869,1.9843361596752789,1.7322293382094476,0.04880397845653217,-0.3585846163784558
2024-08-29,82134.609375,82285.828125,81682.78125,81822.5625,8400,66.25752302136452,95.54773487906704,93.69096311309151,88967900,706.3035242411646,80046.4409375,73956.34255859375,550.2625685484381,0.8599341125692966,0.0,0.0028144537882268342,0.0,0.004267829973046977,0.6470588235294117,1.5157527838463472,0.8146244871982797,1.1813855998964728,0.0312553964203358,-1.7548519569753191,-1.7304614530282378,2.156633554838405,1.7463578287404526,0.4343032784638754,1.245261832096112
2024-08-30,82365.7734375,82637.03125,82256.0234375,82637.03125,10300,67.77244919878117,92.7619194536574,93.49344203906595,88978200,691.740549295367,80147.00453125,74047.76693359375,608.7571248682652,0.839839802900979,0.0,0.0023562009363909215,0.0,0.002814453788226867,0.22619047619047628,1.6389343704853114,1.0373068231727556,1.0884900931357855,0.2450400690696261,-1.8175414460625385,-1.7960792007914568,2.3476496337416686,1.7556409204758747,0.28441558873658773,0.2902387769408998
2024-09-02,82559.84375,82725.28125,82440.9296875,82725.28125,9500,69.02959281821626,95.68712512347376,94.66559315206605,88987700,668.0096395242693,80248.6228125,74138.74724609376,663.1301825277478,0.8091217342259921,0.0,-5.3370377169590996e-05,0.0,0.0023562009363908842,-0.07766990291262132,1.6689008861128856,1.145097783775968,1.1236272742174747,0.4590963466537882,-1.922355607408494,-1.887498079160579,2.3752200674105093,1.7617766838393065,0.1877705405770948,-0.3409903594348232
2024-09-03,82555.4375,82675.0625,82400.7578125,82652.6875,4300,68.96381588969092,95.56493071989294,94.67132509900803,88983400,639.8878572368214,80355.53359375,74226.7309765625,697.8216216338624,0.7751008008852494,0.0,-0.0024564932503688807,0.0,-5.337037716957038e-05,-0.5473684210526315,1.5362701644736128,1.1047804359296385,1.0535911179622004,0.6222900017176651,-2.027498118854029,-1.9661768036429594,1.982329885565969,1.7616205129486493,-0.1140400777382909,-1.3784051723518849
2024-09-04,82352.640625,82408.5390625,81833.6875,81845.5,9100,65.85357215636864,89.09959321724028,93.450549686869,88974300,645.7351531484771,80455.76484375,74313.7821875,700.8716124248749,0.7841098333311363,0.0,-0.001839459838207222,0.0,-0.0024564932503688963,1.116279069767442,1.2741985270932334,0.7666949809037783,0.7964800625864464,0.6885893321469662,-1.7886263118792531,-1.732817011750966,1.538957064827748,1.7587225602739431,-0.40303805650786023,2.1247888158738117
2024-09-05,82201.15625,82617.4921875,82130.4375,82469.7890625,7000,63.548063664103566,78.09421498937166,87.58624630883496,88967300,634.400834173586,80538.7175,74399.909921875,683.1898418204073,0.771766314629651,0.0,-0.012374844940213356,0.0,-0.0018394598382072136,-0.23076923076923073,1.0766257488216366,0.5118403752254175,0.40568140334363645,0.6782528459886004,-1.7327909854407533,-1.6672929782930859,1.2226150627762895,1.7536819601303042,-0.3348921287273321,-0.6742423819924185
2024-09-06,81183.9296875,82254.7890625,80981.9296875,82171.078125,14500,50.70962233397036,30.171162817037,65.78832367454964,88952800,680.0050156611869,80588.91109375,74481.66857421875,580.4046850297891,0.8376103722482015,0.0,0.004626646880063913,0.0,-0.012374844940213348,1.0714285714285716,0.22738176175712735,-0.7799207040168191,-1.1331504466868563,0.387350159490924,-1.235431212809098,-1.1540471392799894,0.6957579951968833,1.7425776283144214,-1.5241564347181582,1.8367708162856498
2024-09-09,81559.5390625,81653.359375,80895.046875,80973.75,7800,54.3749807945905,44.45933320677885,50.90823700439583,88960600,685.5984073996735,80635.23828125,74564.94287109375,523.2238464043039,0.8406109392971086,0.0,0.004435410059426487,0.0,0.004626646880063978,-0.4620689655172414,0.5247488143513663,-0.3647360061735006,-0.6277960858145835,0.24601200455925384,-1.1103308983836657,-1.0654092902815018,0.8980563349346662,1.7333341298107914,0.5653736265464545,-1.0884927484482132
2024-09-10,81921.2890625,82196.546875,81445.296875,81768.71875,5600,57.64196414559621,56.352771027105895,43.661089016973904,88966200,690.2878068711254,80693.00953125,74649.8799609375,501.318929003668,0.8426232237928847,0.0,-0.004859943209588091,0.0,0.004435410059426381,-0.28205128205128205,0.7951228379220224,0.010165316137782456,-0.21990454017046468,0.22332661317070301,-1.0045332577422301,-0.9907739077702714,1.021778852508815,1.7255605631390947,0.521445944944911,-0.701630959235388
2024-09-11,81523.15625,82134.953125,81423.140625,81928.1171875,7800,53.13265993940038,34.73888683894664,45.18366369094378,88958400,691.8252849517594,80733.94890625,74729.11609375,446.68403797462815,0.8486242642890307,0.0,0.017658230541092428,0.0,-0.004859943209588047,0.3928571428571428,0.4734769713790343,-0.42148573125101874,-0.8626841899608432,0.08757521335156587,-0.9352878411974852,-0.9016943893145156,0.7238216836063662,1.7100173504773524,-0.6106945649364749,0.5825027424260408
2024-09-12,82962.7109375,83116.1875,81534.2890625,81930.1796875,8300,64.0758152775185,93.0901915541705,61.393949806741,88966700,756.1971395980623,80804.3740625,74814.017265625,513.6247789008921,0.9114903925544862,0.0,-0.0008651288836748663,0.0,0.01765823054109239,0.0641025641025641,1.5377092471851357,0.8073096878156804,1.0178830352170507,0.4037191128419786,-0.3730684683452291,-0.4912870677559534,0.9530890257644224,1.7016101268361858,1.9786973909113303,-0.10446601041011001
2024-09-13,82890.9375,83092.9296875,82653.21875,83091.546875,12700,63.28244528091909,89.85881409467264,72.56263082926326,88954000,733.5909823053436,80862.456875,74899.4983203125,554.4924381291494,0.8850074621310002,0.0,0.0011803914028599327,0.0,-0.0008651288836748483,0.5301204819277108,1.415021253169408,0.7772476081645974,0.9160207279269839,0.6530812894572522,-0.5486599788614944,-0.6376388030823069,0.5367686828344469,1.6928279348760213,-0.15197435236426474,0.9354357876932025
2024-09-16,82988.78125,83184.34375,82832.8203125,82985.328125,6900,63.93796518937176,91.45752994573934,91.46884519819416,88960900,706.3004433906762,80921.2390625,74986.166484375,587.9974567480967,0.8510794263419506,0.0,0.0010950275281937582,0.0,0.0011803914028598594,-0.45669291338582674,1.3879812290243463,0.825933489373591,0.9201085011927531,0.8749956148756953,-0.7460127439607137,-0.8103427172687943,0.7260740066217806,1.6849136755843426,0.039311886643035344,-1.1161159292369784
2024-09-17,83079.65625,83152.40625,82866.6796875,83084.6328125,9800,64.57062699974885,95.42708937651435,92.24781113897542,88970700,676.259451898485,80982.90015625,75071.9108984375,614.7962894923257,0.8139892272345375,0.0,-0.0015819719704244684,0.0,0.0010950275281937927,0.42028985507246386,1.3740754182340682,0.8492657240947558,0.9874341971591802,0.991029224742893,-0.9329028193240426,-0.9711932018770081,0.9761547291755801,1.6762792607507293,-0.10921526153145687,0.7293141541410644
2024-09-18,82948.2265625,83326.3828125,82700.6328125,83037.1328125,5100,62.85318370335915,84.44656519210439,90.44372817145268,88965600,672.6516339057362,81042.65703125,75156.5358203125,618.301880935891,0.8109294939523575,0.0,0.0028520237538984454,0.0,-0.0015819719704244228,-0.47959183673469385,1.2231175657741222,0.597690137359548,0.5786925681491499,0.9583549418543575,-0.9046618213730079,-0.9320990934972971,0.7562894071650305,1.6668987125210595,-0.5264380783535482,-1.1985816391467
2024-09-19,83184.796875,83773.609375,83071.65625,83359.171875,6600,64.67450717591508,79.54491173980068,86.4728554361398,88972200,683.5610038053264,81099.32015625,75242.3707421875,632.8739574978099,0.8217379010163345,0.0,0.016343318443668438,0.0,0.0028520237538984805,0.2941176470588236,1.3200937545738416,0.7811588811444182,0.36128325754016394,0.9601982075817648,-0.7586521517500814,-0.810870193116757,0.9120408271074377,1.6597145670379794,0.21030503865779795,0.4348340523378798
2024-09-20,84544.3125,84694.4609375,83187.640625,83603.0390625,28700,72.89827824310096,96.04811597182953,86.67986430124485,89000900,742.5683651406604,81191.7109375,75335.242109375,745.5299766560347,0.8783185328293496,0.0,0.004545508309621656,0.0,0.016343318443668542,3.3484848484848486,2.1963311630523807,1.7975577666129838,0.906812533951929,1.338266169042723,-0.17383238555176267,-0.3851758646322038,1.732618688107038,1.6617845791233037,2.1387809204184305,4.161207367850792
2024-09-23,84928.609375,84980.53125,84607.3828125,84651.1484375,11100,74.6918182178503,98.72911336247614,91.44071369136877,89012000,720.6862497734703,81292.33625,75429.014140625,855.953332387915,0.84857888887748,0.0,-0.00017155953226156306,0.0,0.0045455083096217486,-0.613240418118467,2.230364874497018,1.874086380064586,0.9461436205409627,1.6593250170554532,-0.3256590186002539,-0.5437082970039215,1.9103265494650326,1.6645225722660675,0.37697306392096086,-1.0315520799656543
2024-09-24,84914.0390625,85163.2265625,84716.0703125,84860.7265625,8700,74.49053758742582,94.1617382995898,96.31298921129849,89003300,701.1483926467938,81380.23015625,75519.0748046875,931.5505994725681,0.8257155122849845,0.0,0.0030127894965837235,0.0,-0.00017155953226155596,-0.21621621621621623,2.0273140546540365,1.7162676480159664,0.7171686778983491,1.8104671759733095,-0.47425287866833105,-0.6717163566604936,1.539734758203358,1.6626699194873324,-0.3647346778548835,-0.4960516407478098
2024-09-25,85169.8671875,85247.421875,84743.0390625,84836.453125,13500,75.72736738509548,98.21810649358109,97.03631938521566,89016800,687.0937083505943,81470.3303125,75609.981953125,1000.5712078782235,0.8067333330906449,0.0,0.007822602312309142,0.0,0.003012789496583679,0.5517241379310345,2.076039214463049,1.8132603338420648,0.8497083108758972,1.939597283619051,-0.5866081265354167,-0.7958388649544427,1.868579497141286,1.6625819465516005,0.07725677761693135,0.46154078863852804
2024-09-26,85836.1171875,85930.4296875,85106.7421875,85167.5625,9100,78.63291224206921,98.12700437063344,96.83561638793476,89025900,696.8504077541232,81572.72171875,75701.7566015625,1096.3928103854705,0.8118382221692607,0.0,-0.0030787229625349835,0.0,0.007822602312309135,-0.32592592592592595,2.3541932973302226,2.1109728590400505,0.8249105575117688,2.1685214329127205,-0.415036582871973,-0.7113383973774956,2.011362897362486,1.6644062359000507,0.8303297161881046,-0.6393082546835964
2024-09-27,85571.8515625,85978.25,85474.578125,85893.84375,9400,74.80778711432865,91.07818486795391,95.80776524405614,89016500,683.0519411288287,81657.28953125,75785.2902734375,1137.8911920035753,0.7982203594483882,0.0,-0.0148655228240668,0.0,-0.0030787229625349744,0.03296703296703307,1.9739876055538998,1.4599265387085667,0.42927023600308556,2.165217955995265,-0.5678760564021359,-0.8431793174186754,1.5975288005994033,1.65706400692947,-0.9221700138464944,-0.1683145813355969
2024-09-30,84299.78125,85359.6484375,84257.140625,85208.7578125,11000,59.74243376187475,63.1519550504756,84.1190480963543,89005500,728.1704408696268,81731.1921875,75860.3084765625,1055.961053618841,0.8637868688059338,0.0,-0.0003972986288146507,0.0,-0.014865522824066835,0.17021276595744683,1.0555143320575864,-0.6833030481516773,-1.0177343955078038,1.7480562811598446,0.2634001948592399,0.0080250239381093,1.195920130410404,1.6416257221837702,-2.5769197999297493,-0.007972297592101132
2024-10-01,84266.2890625,84648.3984375,84098.9375,84257.171875,6000,59.40323078108234,61.47668799125217,71.90227596989388,88999500,715.4054763432249,81806.47640625,75933.3712890625,977.0652886038151,0.8489818221526418,0.0,-0.02099519890673956,0.0,-0.0003972986288146574,-0.4545454545454546,0.9689129761615592,-0.7488440222776848,-1.089862915176885,1.3672120413461,0.15309301467095704,-0.10601767785225269,0.9493540147902235,1.6266598722953394,-0.28532003888862756,-0.8098167153136577
2024-10-03,82497.1015625,83752.8125,82434.0234375,83002.09375,19700,44.900672315354335,1.7797430239760526,42.13612868856793,88979800,795.1812012472802,81847.83765625,75998.248359375,762.985953750409,0.9638898654455744,0.0,-0.009802143616977453,0.0,-0.02099519890673951,2.283333333333333,-0.30806142227958994,-2.4937902855273975,-3.230217051994948,0.4320364898737149,2.116285414265333,2.0376872152186496,0.1705388251540249,1.6048010538173982,-2.863044657526974,2.3522172721525614
2024-10-04,81688.453125,83368.3203125,81532.6796875,82244.25,19200,40.08371203187438,3.50401470564976,22.253481906959312,88960600,869.4997315153316,81878.6290625,76057.5626171875,522.0574148624,1.0644095930973496,0.0,-0.007815708347702906,0.0,-0.009802143616977399,-0.025380710659898442,-0.9207611766149517,-2.650208029811038,-2.642610128484004,-0.6946601900537698,3.3109925196777046,3.355031311433411,-0.6888403496114855,1.5797593537147119,-1.2933294096686199,-0.32189095527105654
2024-10-07,81050.0,82137.7734375,80726.0625,81926.9921875,17700,36.73304621201034,6.1676682334741475,3.817141987699973,88942900,908.2291033713793,81898.833125,76113.1699609375,276.4156332280545,1.1205787826913995,0.0,0.007215453423812462,0.0,-0.007815708347702954,-0.078125,-1.385230054927147,-2.581849255644369,-2.2301240178954993,-1.8062450933364973,3.25347450866608,3.353784776483288,-1.4968717702138579,1.5537655142122557,-0.9860743873551951,-0.3510435729025529
2024-10-08,81634.8125,81763.28125,80813.0703125,80826.5625,7200,41.55253705528759,17.302314511810554,8.991332483644806,88950100,911.227805809138,81904.875,76173.5888671875,127.46291960311646,1.1162245344890551,0.0,-0.0020544046389522853,0.0,0.007215453423812468,-0.5932203389830508,-0.9549565487171852,-1.8973857077879572,-1.702424149567778,-2.2796183397742995,2.779803228355327,2.786384218609695,-1.1868908696627851,1.5370766090777783,0.9091532399762682,-0.895330247947827
2024-10-09,81467.1015625,82319.2109375,81342.890625,81954.578125,7500,40.597429684492404,14.109150949009342,12.526377898098,88942600,915.877270572771,81907.10015625,76233.0013671875,-4.0691435743065085,1.1242296006690842,0.0,0.0017713246787022638,0.0,-0.002054404638952234,0.04166666666666674,-1.064929709057875,-1.8016929183738144,-1.6471857560365388,-2.488742477842085,2.4484674346275384,2.473404224172028,-1.4663523432874659,1.5220504359749114,-0.24999275637997917,-0.1945288795831737
2024-10-10,81611.40625,82002.84375,81538.9375,81832.65625,7600,41.83625689001783,16.85666686499673,16.08937744193886,88950200,888.7247646390016,81910.2203125,76288.4873828125,-95.56347277511668,1.088971266977772,0.0,-0.002818807879566467,0.0,0.0017713246787023351,0.01333333333333342,-0.9523635267677119,-1.5590383271588075,-1.4458229540038372,-2.4620565045314775,1.892318443368642,1.9135358169356989,-1.11259557072391,1.504932293465785,0.22803233124286248,-0.23260093751229563
2024-10-11,81381.359375,81671.3828125,81304.1484375,81478.4921875,8700,40.390146300957426,12.476646635330518,14.480821483112182,88941500,851.4754510933586,81903.020625,76337.9754296875,-184.5093392683484,1.0462782357441527,0.0,0.00727055316529603,0.0,-0.002818807879566454,0.14473684210526305,-1.0835174723692458,-1.5439936056622214,-1.4529372748327427,-2.3943373047624683,1.3443777086241384,1.4094390449644414,-1.3962046136828268,1.4830928296842412,-0.3210452936890237,-0.059457976613313444
2024-10-14,81973.046875,82072.171875,81541.203125,81576.9296875,7700,45.59871703981364,23.74219075385256,17.691834751393255,88949200,839.9995260152616,81905.130625,76391.2651953125,-204.89345872294507,1.0247264900329613,0.0,-0.0018656094085803736,0.0,0.007270553165296123,-0.11494252873563215,-0.6500956114286172,-1.0548086538409487,-1.0619347083405413,-2.1661371622429626,1.132306355214607,1.1387212501527126,-1.0216863967140382,1.4692564352902477,0.9226102750229963,-0.3506881041216701
2024-10-15,81820.1171875,82300.4375,81635.5703125,82101.859375,5500,44.51603465063518,20.830457547450468,19.0164316455445,88943700,827.4900732641715,81921.89390625,76443.17984375,-230.72847372329852,1.0113528331521269,0.0,-0.0038958366653219357,0.0,-0.001865609408580382,-0.2857142857142857,-0.7344443402400179,-1.0658450271233175,-1.0685752642452881,-1.9978651482794214,0.9262117098210654,0.9565396096614415,-1.1608541927519829,1.4562839608695655,-0.19930812186916283,-0.5409989274487347
2024-10-16,81501.359375,81932.1484375,81358.2578125,81646.6015625,5600,42.263518965639655,14.761408936752543,19.778019079351843,88938100,809.3758269595879,81976.733125,76498.155078125,-273.76817167259287,0.9930826101139345,0.0,-0.00607045089547011,0.0,-0.0038958366653218945,0.018181818181818077,-0.9200258623473143,-1.158915530548818,-1.1552694884747836,-1.895957343114582,0.6685226450518811,0.7435098880220972,-1.2862990475883889,1.4501187502135124,-0.4352688725640075,-0.21026787341881775
2024-10-17,81006.609375,81781.3984375,80905.640625,81758.0703125,6800,38.96768303190672,5.34152436484798,13.644463616350317,88931300,814.1173973553316,82025.00390625,76548.8626171875,-343.8361040069867,1.0050012013051641,0.0,0.00269287440473125,0.0,-0.006070450895470092,0.2142857142857142,-1.2013830320020444,-1.312887070717795,-1.3151056316671008,-1.8609160100216444,0.671355188481415,0.791831061034223,-1.4364986222022467,1.4407499301068925,-0.6857954871360306,0.05866061900532807
2024-10-18,81224.75,81391.1484375,80409.25,80749.2578125,9300,41.14692049272388,16.473421489116248,12.192118263572242,88940600,826.1017573656651,82060.13875,76599.4515625,-377.4127406905318,1.0170566943766095,0.0,-0.0009046080474239687,0.0,0.0026928744047312048,0.36764705882352944,-1.015868464886012,-1.0748810764649028,-0.9494466841509865,-1.7581339172907957,0.7587513043375429,0.8407679861536326,-1.0397087951854336,1.4340652767548867,0.37703596093989966,0.22071689758282942
2024-10-21,81151.2734375,81770.0234375,80811.2265625,81770.0234375,7600,40.6207941242607,17.50406829201767,13.106338048660618,88933000,835.5799800538318,82105.43984375,76648.5239453125,-405.27960073389113,1.0296572618757087,0.0,-0.011466914172538305,0.0,-0.0009046080474239826,-0.18279569892473113,-1.0631075021794754,-1.069091130501263,-0.9025255658038049,-1.6616659047496443,0.8163297389788494,0.8937302911702417,-1.2619540948088086,1.4284384628369766,-0.11813805029524138,-0.4036344668621097
2024-10-22,80220.71875,81504.2421875,80149.53125,81155.078125,5600,34.588740031538975,1.975629851264039,11.984373210799305,88927400,872.6607627285582,82115.73609375,76689.435390625,-496.726322554372,1.0878246621650447,0.0,-0.0017295056646447712,0.0,-0.011466914172538312,-0.26315789473684215,-1.592504515980303,-1.4085847220813472,-1.243562028149694,-1.68726884763,1.185205966803627,1.3168069832003249,-1.3743235834774237,1.4144134018069965,-1.3657672487965702,-0.513858369656586
2024-10-23,80081.9765625,80646.3125,79891.6796875,79921.1328125,6200,33.783232981171835,5.473584863261499,8.317761002181056,88921200,864.2301948550897,82124.3971875,76727.793359375,-573.7796685954381,1.079181898289687,0.0,-0.00021003867813967583,0.0,-0.0017295056646448037,0.1071428571428572,-1.5748948210324607,-1.3629165176399647,-1.085908111191648,-1.6774407799054913,1.0130666615018566,1.1574950666301538,-1.474570453573982,1.4003340938333058,-0.12603572380898864,-0.070384624619456
2024-10-24,80065.15625,80259.8203125,79813.0234375,80098.296875,4800,33.680826474955396,10.060412977879748,5.836542564135082,88916400,834.4135291511548,82146.5796875,76766.9178515625,-628.9520909228304,1.0421681143614265,0.0,-0.00827909690740159,0.0,-0.00021003867813962351,-0.22580645161290325,-1.504133601589252,-1.2861137622171976,-0.9356612677410056,-1.630625850707754,0.6019509515404362,0.7798253922618048,-1.5212141260405103,1.3917542639316363,0.04554900504812881,-0.4592372611613299
2024-10-25,79402.2890625,80253.1875,79137.9765625,80187.34375,13900,29.84174208543662,8.308488745033129,7.947495528724779,88902500,854.4704868903581,82152.5078125,76804.4669140625,-717.8890966958716,1.076128279145426,0.0,0.00759109097630116,0.0,-0.008279096907401584,1.8958333333333335,-1.7285338806717923,-1.4234794081217954,-0.9166547247317142,-1.634221544918986,0.8014110679469014,1.0123338051462942,-1.7818520645171638,1.3845085517243005,-0.9435140399581541,1.958208699077106
2024-10-28,80005.0390625,80539.8125,79418.8203125,79653.671875,10800,36.88644879532175,27.255536618549208,15.20814611382068,88913300,874.6885547910468,82143.87171875,76847.7091015625,-731.3053935642529,1.0932918289156004,0.0,0.00454961577127222,0.0,0.0075910909763010626,-0.2230215827338129,-1.2965445901512271,-0.9099069483922071,-0.393779677247189,-1.5244458224789732,0.9817701272840466,1.0847481136243073,-1.373715345527329,1.3900943958977838,1.1756672165897721,-0.4645253538354692
2024-10-29,80369.03125,80450.4765625,79421.3515625,80037.203125,9600,40.755225781371024,38.92711125384454,24.83037887247561,88922900,885.7197294488293,82142.75875,76890.31640625,-704.4463588478684,1.1020659521124057,0.0,-0.005311144801188579,0.0,0.004549615771272331,-0.11111111111111116,-1.0323960469741023,-0.6169480033558856,-0.04907037905450825,-1.3727368145957102,1.0434161465086471,1.0835436186285416,-1.0409609104486754,1.3978456013663798,0.7454878314967851,-0.35111257313054023
2024-10-30,79942.1796875,80435.609375,79821.9921875,80237.8515625,5900,37.8268878887178,25.429661927642385,30.53743660001203,88917000,866.2838335953414,82125.54515625,76929.8965625,-709.4259137413319,1.0836379955884494,0.0,-0.006918965553130735,0.0,-0.00531114480118855,-0.38541666666666663,-1.1784860376460613,-0.7512137180357289,-0.35841262358905823,-1.283305107098906,0.7545202985751981,0.8690815402712317,-1.1318159317131133,1.4037421804984327,-0.5388197437533867,-0.6354873087589386
2024-10-31,79389.0625,80044.953125,79287.9296875,80044.953125,9300,34.37970019442757,7.9395743524500055,24.098782511312297,88907700,858.4795195885314,82095.22046875,76970.06578125,-749.3659570197779,1.0813574219855933,0.0,0.004220413706233148,0.0,-0.0069189655531307626,0.576271186440678,-1.3625425430401514,-0.9107532545732955,-0.7842123791841584,-1.2507178484340409,0.6065800012465307,0.7947298282157508,-1.2952841773292403,1.4142184358921988,-0.7219839392082008,0.43995393856320997
2024-11-01,79724.1171875,80023.75,79655.546875,80023.75,2300,38.061884589051296,18.534319840907127,17.301185373666492,88910000,842.4943753322077,82068.6390625,77011.7553125,-745.3902214741684,1.056762250939422,0.0,-0.011814179112010001,0.0,0.0042204137062331615,-0.7526881720430108,-1.1148358359804735,-0.6245717377045282,-0.4403696318412711,-1.1613240471921213,0.3455122102600984,0.5261866700490779,-1.1538447971603643,1.4306780455440802,0.7350033443394254,-1.047099267884931
2024-11-04,78782.2421875,79713.140625,78232.6015625,79713.140625,9500,32.535000077402515,14.856971504111568,13.776955232489554,88900500,888.8530360227643,82022.5596875,77047.37796875,-808.9161811296362,1.128240338612493,0.0,0.008814050041218243,0.0,-0.011814179112009993,3.1304347826086953,-1.4746202501929702,-0.9291255844580794,-0.49528876580425857,-1.1718392581388914,0.9197406304829132,1.108613047317911,-1.309624041529362,1.437513266922179,-1.3391243332745397,3.505222150368534
2024-11-05,79476.6328125,79523.1328125,78296.703125,78542.15625,8600,39.508916347139845,35.05501424338354,22.815435196134064,88909100,912.965653985424,81978.13015625,77086.155234375,-794.0758297926805,1.148722110735715,0.0,0.011342956641442074,0.0,0.008814050041218158,-0.09473684210526312,-1.0678002277757714,-0.4056718000383416,0.1985777731212472,-1.0784171641488767,1.177139001160522,1.2207213393194374,-1.0249036304514854,1.451943385256342,1.5129897171608542,-0.3207165030763724
2024-11-06,80378.1328125,80569.7265625,79459.1171875,79771.8203125,20200,47.14746106014656,60.65239956712825,36.854795104874434,88929300,927.0830626293222,81951.45765625,77125.2036328125,-701.4849467817548,1.153402088590377,0.0,-0.010405115430473599,0.0,0.011342956641442026,1.3488372093023258,-0.5606535414432385,0.23060590654993962,1.152015436144164,-0.8840507167490212,1.305948157188405,1.2033221913175796,-0.4332173764807521,1.4678725306771854,1.7131768289668088,1.3045740742439664
2024-11-07,79541.7890625,80563.421875,79419.34375,80563.421875,8200,41.86567154109241,37.009651273217166,44.23902169457631,88921100,942.5827099415135,81906.5821875,77156.272890625,-687.664982066286,1.185015727017252,0.0,-0.0006973535628726605,0.0,-0.010405115430473622,-0.594059405940594,-0.9606087821124375,-0.10889968381498508,0.4417080475195922,-0.8113245665011691,1.4767667846423689,1.458792683051197,-0.614907467472774,1.4672281318312443,-1.049722608151256,-0.8975644775934107
2024-11-08,79486.3203125,79807.2578125,79117.3671875,79611.8984375,10300,41.53334279178136,38.32079661866896,45.32761581967144,88910800,924.533275302834,81853.61640625,77188.060625,-673.4255939608265,1.1631350799332978,0.0,0.0001236454897064147,0.0,-0.0006973535628727046,0.25609756097560976,-0.9828558723549156,-0.035385253152535524,0.6755858512277819,-0.7442427857699374,1.1719994435212837,1.211868617144297,-0.9057260163753972,1.467839815769583,0.24307200530750667,0.056471500325577094
2024-11-11,79496.1484375,80102.140625,79001.34375,79298.4609375,16900,41.621766307359295,52.34872392419608,42.559723938694056,88927700,937.12353242406,81796.22390625,77228.037578125,-653.8110024940106,1.178828850005014,0.0,-0.010327151266271057,0.0,0.00012364548970644762,0.6407766990291262,-0.9929945913776691,0.1346838235220021,1.6445328247570472,-0.6730353702113308,1.397588235669782,1.4159620858993935,-0.27617619000472643,1.4863710909677195,0.3371042948774801,0.4758231523367135
2024-11-12,78675.1796875,79820.9765625,78547.84375,79644.953125,6400,36.637250014765264,18.936861528587475,36.53546069048416,88921300,961.1241952866272,81718.530625,77265.4791796875,-696.4829920571356,1.2216358438636419,0.0,-0.012510000821216746,0.0,-0.01032715126627104,-0.6213017751479291,-1.5984936774645577,-0.6111327474719032,-0.132729664375541,-0.7243578077261157,1.7940889792729215,1.914999360831479,-0.4822351487908178,1.4986651442445005,-1.0968927604332581,-0.9320647666758175
2024-11-13,77690.953125,78690.0234375,77533.296875,78495.53125,7400,31.731100423955567,5.192158759645245,25.49258140414292,88913900,975.0957929447253,81621.2409375,77295.5178125,-800.4921342555172,1.2550956755233207,0.0,-0.0014241120819046458,0.0,-0.012510000821216782,0.15625,-2.3838427667392357,-1.7122495186542455,-0.9514982072657877,-0.9463305676031427,2.102238940316816,2.381717755470124,-0.8263817096749958,1.4934968038643504,-1.2997217122355165,-0.07462093731916841
2024-11-14,77580.3125,78055.5234375,77424.8125,77636.9375,10100,31.224899206880664,4.944491229639125,9.691170505957267,88903800,950.4968746986734,81525.794375,77331.566640625,-881.684393707168,1.2251779402134704,0.0,-0.0031103856084621984,0.0,-0.0014241120819046271,0.3648648648648649,-2.2508854854440887,-1.6910945966747057,-0.9832984258327613,-1.168231827118885,1.4886164977436247,1.8239549836594637,-1.3920338426885384,1.5037727057754757,0.08919196890876573,0.26481481811807017
2024-11-18,77339.0078125,77886.96875,76965.0625,77863.5390625,8200,30.097183250563987,10.37392960942529,6.83685986623654,88895600,948.4546872201967,81428.55140625,77362.9601171875,-954.4982541754725,1.2263600400972583,0.0,0.0030951392676298434,0.0,-0.0031103856084622183,-0.18811881188118806,-2.181363992573858,-1.769383064388902,-0.6370245147683571,-1.3965839481535294,1.3430386802968386,1.6795775037119327,-1.7976463997527383,1.5038962227552046,-0.19921193192412548,-0.433394847242379
2024-11-19,77578.3828125,78451.6484375,77411.3125,77548.0,7200,32.694051090344445,17.01463165126778,10.77768416344405,88902800,960.1822542044683,81356.44046875,77397.348671875,-981.5732359762915,1.2376930523611749,0.0,-0.005447313216381053,0.0,0.0030951392676299427,-0.12195121951219512,-1.8057707184288634,-1.1516808623276358,-0.20518257249113578,-1.4718296391154846,1.49758595444488,1.6908003430196366,-1.2599250459928937,1.5133933683394172,0.6942363313746719,-0.34702377836490345
2024-11-21,77155.7890625,77711.109375,76802.7265625,77711.109375,8800,30.537231613306858,9.372511282187418,12.253690847626814,88894000,956.4822940827206,81268.36546875,77423.419765625,-1025.310991108243,1.2396766408647868,0.0,0.02542026121865248,0.0,-0.005447313216381033,0.22222222222222232,-1.9239105445858768,-1.4835229069338378,-0.7175501762865238,-1.5888289919790326,1.3513379885303558,1.5865333323825572,-1.6868068080083227,1.502608436468232,-0.5643298420561682,0.057492091547191725
2024-11-22,79117.109375,79218.1875,77226.6875,77349.7421875,17100,47.761652516212415,61.43835445978232,29.275165797745824,88911100,1035.476304326812,81212.281875,77463.3058203125,-891.4354069112451,1.3087893535377435,0.0,0.012547756045972198,0.0,0.025420261218652485,0.9431818181818181,-0.4773007506901809,1.88424230644817,2.4809597938399293,-1.0597965089761032,2.510821393819256,2.17010557600754,-0.5795207449644366,1.52839844698566,3.2648081265848954,0.9370180581263057
2024-11-25,80109.8515625,80473.078125,79765.9921875,80193.46875,14000,53.98172583777193,87.7920095566764,52.8676250995487,88925100,1058.3686218748967,81184.01578125,77505.09453125,-697.1952116639004,1.321146652043388,0.0,-0.0013205499752732112,0.0,0.012547756045972136,-0.18128654970760238,0.29148404002790107,2.6342019238013217,3.174734607144213,-0.2286260658381287,2.484258660979265,2.0536181053268785,0.3867139516194079,1.557984858118121,1.5574467960332359,-0.4860613264826769
2024-11-26,80004.0625,80482.359375,79798.671875,80415.46875,10400,53.25403390814691,84.98369889832759,78.07135430492876,88914700,1031.6056845981184,81124.8428125,77546.888359375,-545.5064914653922,1.289441626290063,0.0,0.0028750493139020282,0.0,-0.0013205499752731997,-0.2571428571428571,0.2533097524803918,2.2186456832869257,2.565091985061891,0.5126397041247467,1.8672755398571885,1.5783893421239679,-0.2685354033791247,1.586682378068944,-0.09330521198387881,-0.5622580767348248
2024-11-27,80234.078125,80511.1484375,79844.4921875,80121.03125,5700,54.68440822247158,91.08976805149987,87.95515883550127,88920400,1005.5378678411099,81071.705625,77587.6305859375,-402.096629583757,1.2532553390524919,0.0,-0.014835790044792765,0.0,0.002875049313902034,-0.45192307692307687,0.5028121474667051,2.215806466030257,2.4289479737833717,1.2750673375404864,1.3786320424598657,1.1295146665837772,0.2208732961310211,1.6104463035908996,0.42743836005218916,-0.7873466855656601
2024-11-28,79043.7421875,80447.3984375,78918.921875,80281.640625,7900,46.71762171677041,59.59045970970295,78.55464221984344,88912500,1042.8906317453163,80992.80484375,77624.1921875,-380.1117512766941,1.3193841825852208,0.0,0.009602871195033525,0.0,-0.01483579004479274,0.38596491228070184,-0.4171841841766917,1.0593906553783115,1.1356532846952654,1.4738176063751296,1.7528649283991455,1.6708874759928882,-0.33425970199388727,1.6210354758278034,-1.5752211558399432,0.2351979775518843
2024-11-29,79802.7890625,79923.8984375,79026.1796875,79032.9921875,8900,51.56353701236447,80.89863022933442,77.1929526635124,88921400,1032.5212116206508,80927.2675,77662.2756640625,-298.0046258078946,1.2938410095065727,0.0,0.0055798684197773864,0.0,0.009602871195033558,0.12658227848101267,0.30458728502992405,1.6231048198644729,1.7621607044177432,1.914746707295128,1.5042951118817862,1.333959740327045,0.482266181174674,1.633655353055764,1.152362438212911,-0.0959235984999209
2024-12-02,80248.078125,80337.8203125,79308.953125,79743.8671875,7300,54.195377936469114,92.90613847703075,77.7984094720227,88928700,1032.2602098977472,80873.26453125,77702.7560546875,-194.7579826251167,1.2863363634576104,0.0,0.007447802975032307,0.0,0.005579868419777423,-0.1797752808988764,0.753684491922833,1.7963442066471982,1.970054987748494,2.3004940950660657,1.4089937705457012,1.1886746394926961,1.146899690825568,1.6506151814851429,0.6564639161379889,-0.4635162359720791
2024-12-03,80845.75,80949.1015625,80244.78125,80529.203125,9400,57.53091373500415,97.50742365319104,90.43739745318538,88938100,1008.835931512194,80826.48359375,77749.84265625,-63.96974528676947,1.2478527708781153,0.0,0.0013677667038774456,0.0,0.007447802975032225,0.28767123287671237,1.3506513551043524,1.9926774700857184,1.9103163937156054,2.6090337920865814,1.0184143518673352,0.7340583841621757,2.0270517722427246,1.681950845452348,0.8390647670647542,0.12649802419429346
2024-12-04,80956.328125,81245.390625,80630.53125,81036.21875,7200,58.13829900971485,93.49348733252324,94.63568315424834,88945300,980.6947489041802,80754.72390625,77796.6468359375,48.04971838617348,1.2113873882594404,0.0,0.009999604339145044,0.0,0.0013677667038773933,-0.23404255319148937,1.4772363042959806,1.8672301717019884,1.6311431324845262,2.6788074219105322,0.5669268132172379,0.28424899544129434,2.452368383096972,1.7066891811023832,0.1562125742911124,-0.5258676392586903
2024-12-05,81765.859375,82317.7421875,80467.3671875,81182.7421875,7500,62.38016819536754,89.99308705494374,93.66466601355266,88952800,1042.814766839596,80691.46890625,77850.113671875,199.84467176655016,1.2753669744446392,0.0,-0.0006939594096328789,0.0,0.00999960433914504,0.04166666666666674,2.0566809115957514,2.073044484768483,1.4170252703722104,2.7375572208933674,1.3766365077077074,0.9517628645297225,2.6506125394985607,1.7447948570237446,1.0440628702014871,-0.19376551073226023
2024-12-06,81709.1171875,81925.90625,81506.1875,81887.5390625,8800,61.906651978976086,88.96421984298549,90.8169314101508,88944000,998.3079084939105,80627.37046875,77900.8833203125,311.9684673293377,1.221782761650781,0.0,-0.0024557388074521597,0.0,-0.0006939594096329049,0.17333333333333334,1.844203865331192,1.8332691687878209,1.2924797112426183,2.6207368953220818,0.6789157387880846,0.2877272405672126,1.8260794305644585,1.769351059471566,-0.1572244421421981,-0.03057926015951521
2024-12-09,81508.4609375,81783.28125,81411.546875,81602.578125,6400,60.16732855819994,85.32585753100201,88.09438814297708,88937600,953.5526561014884,80554.14234375,77949.311484375,380.25278331351,1.1698818075250674,0.0,1.945733586131731e-05,0.0,-0.0024557388074522013,-0.2727272727272727,1.5662439381190936,1.5336868417555487,1.1070516860780617,2.421321941380836,-0.04350107856751259,-0.4037435564700922,1.2909389294103044,1.7826178726621107,-0.3455863361273291,-0.5903312741133228
2024-12-10,81510.046875,81726.34375,81182.6875,81575.9609375,5600,60.176852060147176,85.35461424916633,86.54823054105127,88943200,924.2743413799535,80467.6209375,77996.6098046875,429.54503975907573,1.1339391606501925,0.0,0.00019744498521367094,0.0,1.9457335861394753e-05,-0.125,1.453045477798146,1.4312756585680364,1.0378118664050195,2.229620605798958,-0.5610465798925951,-0.9112504119381994,1.5418613350557746,1.7894658336438978,-0.1014915856702194,-0.3485181357599675
2024-12-11,81526.140625,81742.3671875,81383.421875,81568.390625,6300,60.28063248182863,84.45112828106897,85.0438666870791,88949500,883.8936964599569,80386.70671875,78042.1073046875,464.5530607376859,1.084184397401624,0.0,-0.0028969810871628024,0.0,0.00019744498521356846,0.125,1.3787313597551298,1.3371292217455994,0.9466335316410439,2.0541503633885383,-1.2332412395216859,-1.5472616454968153,1.7754786495977262,1.7878041837356455,-0.05372030003985508,-0.02105751188792445
2024-12-12,81289.9609375,81680.96875,81211.640625,81476.7578125,7800,57.89612168861652,69.76064765118412,79.85546339380646,88941700,854.2818699271029,80326.5103125,78085.016328125,467.84640055584896,1.0509069755660478,0.0,0.010372206361967166,0.0,-0.002896981087162853,0.23809523809523814,1.1542420096156956,1.0488414481751656,0.47859358236470473,1.8585610079012738,-1.6600604794959553,-1.8874670787114711,1.2162262846873637,1.7769320229628918,-0.381531172956934,0.1191452588652974
2024-12-13,82133.1171875,82213.921875,80082.8203125,81212.453125,11300,63.45402789975502,94.56796820588026,82.92658137937777,88953000,945.4832765394527,80283.846875,78130.394921875,532.3553972731461,1.151159616140014,0.0,-0.004681995377359487,0.0,0.010372206361967118,0.4487179487179487,1.6400790976166657,1.4330159272543412,1.1347786057272133,1.8026355621855956,-0.2510424014109564,-0.6827352566367566,1.7319431034726087,1.7714267754904294,1.0721441577666933,0.3746300132832822
2024-12-16,81748.5703125,82116.4375,81551.28125,82000.3125,5200,59.59043320669727,83.25384037200408,82.52748540968948,88947800,919.5084666080633,80268.87625,78176.0223046875,546.1538018547872,1.1248006700215811,0.0,-0.013016951653493175,0.0,-0.004681995377359471,-0.5398230088495575,1.2771503200775847,1.0241013127835317,0.7482407031122154,1.6706440122648378,-0.7499414896514602,-1.0696280199357386,1.3306724827981682,1.76472576718191,-0.6517448587503947,-0.9402482252045266
2024-12-17,80684.453125,81613.640625,80612.203125,81511.8125,4900,50.438383326493955,51.94541304542707,76.58907387443712,88942900,934.9983752432016,80248.79625,78213.653359375,465.85370157712896,1.158833379950732,0.0,-0.006224867128018971,0.0,-0.013016951653493147,-0.05769230769230771,0.5246940535697302,0.18412588978779781,-0.23643074059419064,1.4073625634152718,-0.5777399018692221,-0.7083440657741074,0.9862178164235595,1.7366866071099063,-1.481805615535172,-0.31594066101339374
2024-12-18,80182.203125,80868.0234375,80050.0703125,80666.2578125,4700,46.786026744407884,35.12081078515143,56.773354734194186,88938200,926.6380002258301,80231.4403125,78248.850390625,357.56611644130317,1.155665427128821,0.0,-0.01202456670462059,0.0,-0.006224867128018952,-0.04081632653061229,0.1524585164233658,-0.19100667365632504,-0.7972776090501781,1.1306320628143294,-0.7803162869162271,-0.7761461523831931,0.6703561829003362,1.7053725721225734,-0.771783886704561,-0.2332798444769374
2024-12-19,79218.046875,79516.171875,79020.078125,79029.03125,6500,40.694088434304284,6.003302527120287,31.02317545256625,88931700,943.4585002096993,80183.105,78280.9899609375,191.73783901077695,1.190964101523993,0.0,-0.014850822147336613,0.0,-0.012024566704620598,0.38297872340425543,-0.5036749638991713,-0.7607399868480462,-1.6270476357802166,0.7770709565168015,-0.48179977499707105,-0.29345182406751863,0.2563087878444867,1.6694839980630996,-1.3244008697320315,0.7061183829505863
2024-12-20,78041.59375,79587.1484375,77874.59375,79335.4765625,9000,34.74858836308114,3.7585960124700426,14.960903108247242,88922700,998.3939421590065,80114.59484375,78305.7218359375,-34.21775970557064,1.2793100373594133,0.0,0.006388620491236444,0.0,-0.014850822147336573,0.3846153846153846,-1.2253058007780566,-1.2394330445038937,-1.5645934117630484,0.3315964142738618,0.555442568018323,0.9263501483288552,-0.25879983901840226,1.6193268713787186,-1.5198868446507676,0.9260782279847721
2024-12-23,78540.171875,78918.1171875,78189.1875,78488.640625,10300,38.827608058350805,14.979875967738248,8.247258169109516,88933000,989.6889061119347,80053.17015625,78336.89828125,-171.085939500932,1.2601053479830249,0.0,-0.00085694601747394,0.0,0.006388620491236452,0.14444444444444438,-0.8588483058617039,-0.8561215006744289,-1.192135342560604,0.05049579345923672,0.3532017584810315,0.6099271607286317,0.32205498645709374,1.5913648745833653,0.7469461542293792,0.21856104564509843
2024-12-24,78472.8671875,78877.359375,78397.7890625,78707.3671875,6200,38.477925224903125,13.465078781761948,10.734516920656738,88926800,953.2518637110823,79995.0003125,78366.7611328125,-281.7381814830442,1.2147534528506772,0.0,-4.977835193235082e-06,0.0,-0.0008569460174739918,-0.3980582524271845,-0.8698652137792425,-0.8722198274708081,-1.1867704181372545,-0.1812023857176623,-0.39442956383290717,-0.07055159368158176,-0.07421234299043657,1.5642348594566091,-0.051725847751215304,-1.247757174690745
2024-12-26,78472.4765625,78898.3671875,78173.3828125,78557.28125,5600,38.475759415265664,13.778234677747491,14.07439647574922,88921200,936.9470430888621,79924.98890625,78390.3967578125,-365.25200290512294,1.193981742557371,0.0,0.0028875570126747265,0.0,-4.977835193265001e-06,-0.09677419354838712,-0.8378026903262358,-0.8570712679646175,-1.1164899495856349,-0.36033542880344893,-0.7222860473101457,-0.3826546338828976,-0.39443772991756787,1.5249474178806453,0.04272647454237465,-0.3503466096874533
2024-12-27,78699.0703125,79043.1484375,78598.546875,78607.6171875,7700,40.56562758922266,19.000097221272014,15.414470226927142,88928900,910.7845310825148,79862.56796875,78414.5306640625,-408.444788886467,1.1573002418782734,0.0,-0.0057298961500994545,0.0,0.002887557012674735,0.375,-0.6925798317878346,-0.6909379866837362,-0.9735809894394154,-0.46711244348170805,-1.1851985379128593,-0.8765800961473392,0.04893851903930264,1.4915513386290626,0.31956093037996736,0.9928261225129544
2024-12-30,78248.1328125,79092.703125,78077.1328125,78637.578125,8900,37.8128852859529,8.608223479297271,13.795518459438917,88920000,918.2692297551923,79797.5034375,78437.3856640625,-473.6028714771237,1.1735350055643763,0.0,-0.0013946019678384898,0.0,-0.005729896150099445,0.1558441558441559,-1.0099197035538685,-0.9775466397185535,-1.2666943250839322,-0.6262961458723421,-0.9837950548861762,-0.6018214597366583,-0.4985718616577773,1.4601667384619827,-0.6951119817701098,0.31253671995426113
2024-12-31,78139.0078125,78305.34375,77560.7890625,77982.5703125,6100,37.155792835033544,12.426439848153377,13.344920182907545,88913900,905.8610481655357,79740.15140625,78457.6507421875,-527.9605957692256,1.1592942801874482,0.0,0.004714654662419028,0.0,-0.0013946019678384713,-0.3146067415730337,-1.11140811470688,-1.082744687380683,-1.1791857107639392,-0.7770341764640386,-1.1677353752197512,-0.7677680647185565,-0.9087537440638334,1.4266617758404159,-0.19331921894176504,-1.073089087148292
2025-01-01,78507.40625,78756.4921875,77898.296875,78265.0703125,5000,40.890221748975804,20.34365288171108,13.792772069720568,88918900,902.4563527608545,79685.80453125,78479.5908203125,-535.1440018867434,1.1495174734050706,0.0,0.018295148905139124,0.0,0.004714654662419049,-0.180327868852459,-0.9243295479627451,-0.8021863781621761,-0.9789976874116573,-0.85092040006729,-1.175775358267965,-0.8598542291457613,-0.6960567704695324,1.402726185526778,0.4830947588203979,-0.6591556776356396
2025-01-02,79943.7109375,80032.8671875,78542.3671875,78657.5234375,8600,52.693295527713175,51.21112959850638,27.993740776123605,88927500,946.9566802422221,79661.65328125,78511.796171875,-420.0965073704283,1.184529300850886,0.0,-0.00901386180413074,0.0,0.018295148905139058,0.72,0.01089146269349468,0.3052824103189657,-0.14800815612690804,-0.6835876303228224,-0.3468944635671454,-0.34113141516590734,-0.19116933283239634,1.4097635827828,1.8690713293560548,1.909437302692014
2025-01-03,79223.109375,80072.9921875,79109.7265625,80072.9921875,10900,47.56197677732139,36.48921411091656,36.014665530378004,88916600,948.1216048677777,79641.70109375,78539.5719140625,-382.65604220953537,1.1967740377114904,0.0,-0.015880684277926323,0.0,-0.009013861804130774,0.2674418604651163,-0.5988719388908452,-0.3023960870210853,-0.6116014461995386,-0.6952060165382298,-0.3199245316709348,-0.14856160213300346,-1.1257565007022503,1.4090369744851288,-1.0640670523769118,0.5926850308667458
2025-01-06,77964.9921875,79532.671875,77781.6171875,79281.6484375,11800,40.20120600236893,9.973301976810308,32.55788189541108,88904800,1005.4739679129364,79599.36140625,78565.587421875,-449.3242164599942,1.289648007011719,0.0,0.00300285013736634,0.0,-0.015880684277926327,0.08256880733944949,-1.492011451176029,-1.0684374575327493,-1.3003109630903966,-0.9365154643169838,0.7669619574938729,1.189971965568304,-1.9741151134936297,1.4065078546307481,-1.7897304098668354,0.1611021902983917
2025-01-07,78199.109375,78452.7421875,77925.09375,78019.796875,9400,42.00002750603665,19.30072804410785,21.92108137727823,88914200,971.343572883441,79562.04046875,78591.0965625,-477.76059766522667,1.2421414778848827,0.0,-0.000647285984515089,0.0,0.003002850137366231,-0.2033898305084746,-1.2344887432959337,-0.8223812341051124,-0.9675580446432309,-1.0518358194561512,0.19266946328823967,0.5717450032350194,-1.2035061537564895,1.4055535316751238,0.45503304906502656,-0.7770323032784833
2025-01-08,78148.4921875,78319.453125,77486.7890625,78319.453125,10100,41.70790606960077,25.585891479425076,18.286640500114405,88904100,961.437893570338,79536.96453125,78618.621875,-498.6330868127552,1.230270561412216,0.0,-0.006759967277839554,0.0,-0.0006472859845151335,0.07446808510638303,-1.194813045853191,-0.8051249770013207,-0.7359056771577689,-1.1147145907187082,0.04401545938941615,0.4348639466574177,-1.8513874240360786,1.4133249310456202,0.012220757275772527,0.10189181287055013
2025-01-09,77620.2109375,78206.2109375,77542.921875,78206.2109375,6800,38.68381400191266,5.158986690188923,16.681868737907276,88897300,940.1415484938854,79489.26796875,78642.9808203125,-551.4458422780735,1.2112071548618824,0.0,-0.0031087868041778342,0.0,-0.0067599672778395625,-0.3267326732673267,-1.451913158169181,-1.0555856944222326,-1.2332083129444968,-1.2209482101287992,-0.3541644061446565,0.16471977254256198,-2.1104647966497723,1.4149041304168786,-0.6827320817459416,-1.2800929796093317
2025-01-10,77378.90625,77919.703125,77099.546875,77682.59375,8500,37.35160863856062,9.395140843035094,13.38000633754969,88888800,931.5711700300363,79429.46546875,78669.8151171875,-605.7884509215073,1.2039084230788495,0.0,-0.01355535362713918,0.0,-0.00310878680417781,0.25,-1.5187031447285595,-1.1366176457054404,-1.0457435114511315,-1.3125527712393747,-0.48201817091824456,0.11846388765037316,-2.3901059402590423,1.4282820658561792,-0.30634832127973627,0.7154220074863181
2025-01-13,76330.0078125,77128.3515625,76249.71875,76629.8984375,13600,32.16608662903866,2.100008377964727,5.551378637062908,88875200,945.686622170748,79357.22203125,78690.95671875,-725.1338065433229,1.2389447469909467,0.0,0.0022222583864615008,0.0,-0.013555353627139222,0.6000000000000001,-1.9775730518518118,-1.5369239573179119,-1.1666024381170501,-1.5162050183857536,-0.11282733743143873,0.7589571296962413,-2.692222410011222,1.4284204991467977,-1.5087255202125722,1.7689407916026636
2025-01-14,76499.6328125,76835.609375,76335.75,76335.75,16800,33.76747110694386,6.5366515522733915,6.01060025775773,88892000,914.251975051409,79299.4334375,78710.2489453125,-796.8430303889909,1.1951063572974703,0.0,0.002933939736026102,0.0,0.0022222583864615064,0.23529411764705888,-1.7071614611152943,-1.2822126841411712,-0.9794971738970568,-1.5680575730196376,-0.8010297036382589,0.05789580989059957,-1.6656845130269977,1.427537857276992,0.4764280245295967,0.5334402281074371
2025-01-15,76724.078125,76991.046875,76479.703125,76900.140625,12800,35.9230116511046,12.407152738470593,7.014604222902896,88904800,885.4728161191655,79239.43265625,78729.7096484375,-826.0401690955478,1.1541003003992307,0.0,0.004154395794507958,0.0,0.002933939736026181,-0.23809523809523814,-1.457022701309149,-1.0053343283088836,-0.7612467364637019,-1.5114715736308424,-1.4220528132826644,-0.6336348453310945,-0.9685955653132697,1.4308274601951123,0.5950546157388268,-0.9596766977079317
2025-01-16,77042.8203125,77319.5,76895.5078125,77319.5,8600,38.96113232116873,20.744045003974424,13.229283098239463,88913400,864.7548917535107,79204.64421875,78752.572265625,-814.0751298303658,1.122434106443539,0.0,-0.005496841701565921,0.0,0.004154395794508048,-0.328125,-1.1916366805210603,-0.6614909603338792,-0.4667697440856234,-1.3772259613233495,-1.7659375213851116,-1.1346394578576173,-0.5032115844774518,1.4491341310905617,0.7343311453138838,-1.2293188666380344
2025-01-17,76619.328125,77069.1875,76263.2890625,77069.1875,9700,36.485886327742534,9.667353932228396,14.272850558224464,88903700,860.5508593068314,79147.498125,78770.68734375,-829.2064544251043,1.1231511426240812,0.0,0.005926825333930713,0.0,-0.0054968417015659465,0.12790697674418605,-1.339049110520237,-0.84975245787434,-0.7540109693857324,-1.30921140507218,-1.8304853452531034,-1.0598601001305916,-0.924450716532606,1.4515498501716113,-0.44337690338973623,0.23374261767376542
2025-01-20,77073.4375,77318.9375,76584.84375,76978.53125,11300,40.827083575159136,21.54485582748749,17.318751587896763,88915000,851.5182086420576,79081.40421875,78787.7977734375,-795.3865853249736,1.104814104913976,0.0,-0.016024692359154217,0.0,0.00592682533393063,0.1649484536082475,-1.021982289758616,-0.3568333998907782,-0.3218127516979874,-1.1575455101200032,-1.9038242107053613,-1.2983949449730732,-0.3083118064640985,1.4517406429307713,1.0163674885140819,0.35426182501584275
2025-01-21,75838.359375,77337.359375,75641.8671875,77261.71875,32900,34.01698052560188,4.4343634517193715,11.882191070478413,88882100,911.8020642747678,79007.335625,78796.9168359375,-858.3500530063466,1.2022966633101269,0.0,0.007471585846130391,0.0,-0.01602469235915427,1.911504424778761,-1.6124802753528795,-1.0293344138856755,-0.8505624718237721,-1.2068621197317266,-0.36306677932105047,0.4380698640538376,-1.8250143693975547,1.4234300751525015,-1.6785504160225828,3.932847125412517
2025-01-22,76404.9921875,76463.1328125,75816.5,76114.421875,16000,39.04082707204328,17.22192445485063,14.400381244685823,88898100,892.861403433713,78945.7090625,78809.422265625,-852.6971602723061,1.1685903994893503,0.0,0.0015102498108608945,0.0,0.00747158584613028,-0.5136778115501519,-1.2189602865519513,-0.41922265722402235,-0.34087839270371006,-1.1253997146629464,-0.8035727146889271,-0.19041045425909983,-0.9700888362508134,1.41082567657662,1.152464017556326,-1.3481573108262117
2025-01-23,76520.3828125,76743.5390625,76202.1171875,76414.5234375,11200,40.0419902705939,22.57927846705875,14.745188791209577,88909300,867.7585799741621,78886.19375,78822.640078125,-829.3459590103448,1.1340227898499342,0.0,-0.00431155546893194,0.0,0.0015102498108607865,-0.30000000000000004,-1.0943217229400273,-0.24025099646985437,-0.06205666184578472,-1.0178718878372086,-1.3907968762992509,-0.8846561115776443,-0.36188115018489864,1.4029511743554302,0.4301073172826515,-0.8484764212374928
2025-01-24,76190.4609375,76985.953125,76091.75,76455.3515625,7800,38.1145459925022,19.516831947347356,19.77267828975224,88901500,869.6474760474363,78836.499375,78832.45421875,-827.9181764374662,1.1414125408177003,0.0,-0.010818796111184768,0.0,-0.004311555468931916,-0.3035714285714286,-1.230828151585203,-0.4364627028228776,-0.12972918129373223,-0.9637887755857404,-1.3850267379574492,-0.8924299027143394,-0.7144127522180441,1.3826531318292308,-0.26212081468096815,-0.8094245013336743
2025-01-27,75366.171875,75925.71875,75267.59375,75700.4296875,9500,33.74417683237746,3.230100502255285,15.108736972220457,88892000,873.4488840083337,78790.00375,78838.043984375,-883.1198312429042,1.1589402277947844,0.0,0.00710178534592049,0.0,-0.010818796111184747,0.21794871794871784,-1.7186234199926833,-1.0934762357158785,-0.9183202975100037,-1.0541962833959388,-1.203615236651159,-0.5302777149567632,-1.1739982576544659,1.3449310344141312,-0.9804862083863739,0.3019334640481501
2025-01-28,75901.40625,76512.9609375,75622.8828125,75659.0,13000,38.662348248257615,21.568392871859903,14.771775107154175,88905000,892.9731824720242,78756.425625,78843.838515625,-873.6081880706042,1.176490959246258,0.0,0.00832072445956823,0.0,0.0071017853459205416,0.368421052631579,-1.3570098991006998,-0.1907416741861295,0.33763046502873006,-1.0141155328183427,-0.6994465751696235,-0.20107709180823694,-0.38964210460250154,1.3089101660441884,1.1441005615184485,0.5702231897198545
2025-01-29,76532.9609375,76599.7265625,75975.796875,76138.2421875,10200,43.94937730770395,47.71172710401508,24.170073492710085,88915200,879.0694060454509,78740.3046875,78853.0848046875,-805.8199662054685,1.148615440036791,0.0,0.002964102782920635,0.0,0.008320724459568218,-0.2153846153846154,-0.8536162636033352,1.0642118688561306,2.4760112252576594,-0.8134660387410488,-0.975512535655744,-0.7958189009632574,0.3015671828930834,1.2914036548121366,1.2084087572661943,-0.6798361201942299
2025-01-30,76759.8125,76962.8828125,76401.1328125,76598.84375,18500,45.757950697147436,72.09602536519081,47.12538178035526,88933700,856.4037341850616,78723.93328125,78861.693125,-725.4299815110571,1.1156928427685537,0.0,0.009650333792829419,0.0,0.0029641027829205857,0.8137254901960784,-0.6266228017491079,1.5100922352814141,3.4398951468586403,-0.5288057229631735,-1.4077634124954566,-1.4346518341746026,1.5313735523901733,1.272814224703981,0.5274048431550944,1.4241577701951682
2025-01-31,77500.5703125,77605.9609375,76833.8671875,76888.890625,12600,51.2855053514981,95.49298221582234,71.76691156167607,88946300,855.6712129932714,78730.82890625,78877.971484375,-595.0875756221649,1.1040837629233045,0.0,-0.004049365362533118,0.0,0.009650333792829313,-0.3189189189189189,0.06322718839441371,2.4244107995424025,3.556409119406751,0.05329593980220041,-1.3226314034239917,-1.5474419550271505,2.1955019416247255,1.2953904567209982,1.2466598656252885,-0.8739322294319425
2025-02-03,77186.7421875,77260.3671875,76756.09375,77063.9375,11400,49.00697329893248,82.07215905863801,83.22038887988371,88934900,847.7287379580378,78692.2215625,78896.9062890625,-511.2205544770404,1.0982828319127103,0.0,0.018099874057467973,0.0,-0.004049365362533086,-0.09523809523809523,-0.19377546581545949,1.776357146273665,2.491423907640167,0.5475963701467115,-1.428844983310351,-1.585822769812659,1.4237405498873539,1.3351431708354677,-0.4705811836036067,-0.38135218476040506
2025-02-04,78583.8125,78658.59375,77402.3671875,77687.6015625,11800,57.96109484357804,97.7947139486877,91.786618407716,88946700,892.3089397110351,78661.70078125,78925.106953125,-328.2396946969384,1.1354869550405629,0.0,-0.003977043618238807,0.0,0.018099874057468046,0.03508771929824572,1.063229718242968,2.8883812428341638,2.6462208971388193,1.5445423837394807,-0.3477051070506344,-0.7679657760125658,2.011727451553014,1.4244943337092153,2.123257597950339,-0.10438268479599715
2025-02-05,78271.28125,78735.40625,78216.25,78704.6015625,8000,55.60867616333373,86.61620257727314,88.82769186153295,88938700,865.6551761602469,78627.04515625,78954.0183984375,-206.06926672451664,1.1059678113551348,0.0,-0.0027229016389711904,0.0,-0.003977043618238807,-0.3220338983050848,0.7922047093767883,2.1884972217443215,1.990933003956648,2.1049969557091814,-0.9374511274835075,-1.3081771750194353,1.487216794065041,1.5139889701735774,-0.46031349499519714,-0.8522466807710767
2025-02-06,78058.15625,78551.65625,77843.9921875,78513.359375,8000,53.99917680091121,80.47039740470397,88.29377131022159,88930700,854.3700966130864,78583.52671875,78978.8675390625,-125.00475174072199,1.0945302037070423,0.0,-0.002536169947006659,0.0,-0.0027229016389711536,0.0,0.6181074649467697,1.7620700414801644,1.6269348786586764,2.2975344208703876,-1.1356119833713254,-1.4341673262499346,1.0077298641733872,1.5778313628867984,-0.302171652189443,-0.190166519144263
2025-02-07,77860.1875,78356.9765625,77475.7421875,78119.6015625,10900,52.47972566963951,74.76164729206091,80.61608242467933,88919800,856.288973640723,78559.855625,78999.925390625,-75.86049069369619,1.0997776927273943,0.0,-0.007043273881147538,0.0,-0.0025361699470066723,0.36250000000000004,0.4731242267920136,1.4295574322287188,1.3356600441647528,2.274025480751434,-1.0255827378032916,-1.250375515329876,0.42777641558831697,1.617913518940623,-0.2594266848843663,0.5657454126269921
2025-02-10,77311.796875,77849.578125,77106.890625,77789.296875,7000,48.41563581507341,58.94791385059025,71.39331951578504,88912800,848.9323951663856,78510.03578125,79017.792109375,-80.23890593383112,1.0980632057213269,0.0,-0.013169986388315982,0.0,-0.00704327388114756,-0.35779816513761464,-0.010975100744889752,0.8076120172519119,0.7734648290494749,2.041052728731031,-1.1248733923770813,-1.2031406211732558,0.05043226582078809,1.6393618712300662,-0.7794490531663992,-0.8866712926970558
2025-02-11,76293.6015625,77387.28125,76030.59375,77384.9765625,9800,41.923921499765484,29.586599981977113,54.432053708209416,88903000,885.2006169402151,78430.94625,79029.9954296875,-163.97844245037413,1.1602553802825202,0.0,-0.001605946435752261,0.0,-0.013169986388316013,0.3999999999999999,-0.9136093461587482,-0.11961650213503235,-0.1915011232032711,1.5857499310379446,-0.25420668154508635,0.012124254140348959,-0.4765247987522557,1.6307744174003744,-1.3977497217765302,0.624013674406485
2025-02-12,76171.078125,76459.71875,75388.390625,76188.2421875,10400,41.207898472425775,26.053437866089933,38.195983899552424,88892600,898.4954389444855,78337.4528125,79039.1536328125,-237.4915906619135,1.179575583097322,0.0,-0.0004215428715254252,0.0,-0.0016059464357522923,0.061224489795918435,-0.9638098273934674,-0.22190441807803676,-0.31318956394592945,1.2346793873683994,0.0620069285663049,0.36961049192581946,-0.9932266956455236,1.6088978450462854,-0.07222006076689769,-0.09224747585836668
2025-02-13,76138.96875,76764.53125,76013.4296875,76201.1015625,6900,41.010222185272454,25.12751194016401,26.922516596077006,88885700,887.9673049127366,78241.105625,79051.1976953125,-294.94233680301113,1.1662455106639944,0.0,-0.0026235949314719342,0.0,-0.00042154287152540437,-0.33653846153846156,-0.9884624674013198,-0.20190575809342273,-0.31591040242069335,0.9946953568528937,-0.14338997111235513,0.12179050822237425,-1.2774753120719098,1.6044805300311034,0.14572173610120973,-0.8588200752337561
2025-02-14,75939.2109375,76483.0625,75439.640625,76388.9921875,9300,39.73324041291076,16.457058293535752,22.546002699929886,88876400,899.0712027761126,78124.57265625,79057.53734375,-352.52753506964655,1.1839354026420845,0.0,0.0007591392745369214,0.0,-0.0026235949314719065,0.34782608695652173,-1.1788876831269295,-0.35280372963087536,-0.5737501952140087,0.7787731990549491,0.1698673601975396,0.4791638832883053,-1.6305104284281149,1.565065728078977,-0.15707636834442493,0.5779758229942127
2025-02-17,75996.859375,76041.9609375,75294.7578125,75641.40625,8100,40.310879016975754,20.406082610699745,20.66355094813316,88884500,888.2234829349617,78010.3275,79065.107734375,-389.0279998361657,1.1687634071193638,0.0,-0.0003877627344386559,0.0,0.0007591392745369685,-0.12903225806451613,-1.0412047242478366,-0.2685134275831478,-0.4602373574000191,0.6360878954129343,-0.0038373759249073006,0.29632159007805625,-1.1490871834275511,1.5367517572859604,0.2130728361257669,-0.4092967965164853
2025-02-18,75967.390625,76091.6875,75531.0078125,76073.7109375,8600,40.099299310769,19.549594348812338,18.804245084349265,88875900,864.8274975467501,77899.50609375,79071.889140625,-415.5426460226154,1.138419380252012,0.0,-0.0003713558839905198,0.0,-0.00038776273443863474,0.06172839506172845,-1.0144451899370455,-0.2898608499096397,-0.4885720609625367,0.5307346650628646,-0.6592155621714078,-0.3300213402529497,-1.463059050149228,1.5055926992582835,0.0743716398411956,-0.027820339096239297
2025-02-19,75939.1796875,76338.578125,75581.3828125,75787.2734375,5100,39.883482484640936,18.729663512737197,19.56178015741642,88870800,857.1394843291251,77788.08875,79082.194296875,-433.83114564421703,1.1287183873415148,0.0,-0.0026760724942812477,0.0,-0.00037135588399050956,-0.40697674418604646,-0.9900713791291356,-0.3120765283179262,-0.5063441847371899,0.4556070727992946,-0.8954549692203521,-0.5135646127737192,-1.581729708851123,1.498941947612059,0.0753401674363423,-0.9663322900323552
2025-02-20,75735.9609375,75794.1484375,75463.0078125,75672.84375,6900,38.28499919677788,12.823255064111734,17.034170975220416,88863900,829.9275122341877,77672.28515625,79091.39640625,-459.4269798703317,1.095816969852767,0.0,-0.005610260069858244,0.0,-0.0026760724942812564,0.3529411764705883,-1.1620863878149854,-0.5437088502521713,-0.7122637964600441,0.3515835495950882,-1.8202492502451375,-1.282038532866281,-1.7502587481026268,1.4849185796061013,-0.25699522128980606,0.5662939498935848
2025-02-21,75311.0625,75748.71875,75112.40625,75612.609375,12700,35.11597335751867,5.483197626276566,12.345372067708489,88851200,816.0978685031743,77552.7071875,79100.3924609375,-508.1400930973905,1.083636110568981,0.0,-0.011374905911067183,0.0,-0.005610260069858208,0.8405797101449275,-1.5551972599590813,-0.9872257862539322,-0.9452231561578387,0.16480024990339187,-2.1771596319422915,-1.4993706714032822,-2.086753516348663,1.4684216209851468,-0.6424071475693105,1.484074544841024
2025-02-24,74454.40625,74907.0390625,74387.4375,74893.453125,6400,29.76629097790078,1.5402307111797895,6.61556113385602,88844800,823.7783778958046,77399.13296875,79105.3325390625,-608.8521180690586,1.1064199143966775,0.0,0.0019839112947059464,0.0,-0.011374905911067157,-0.49606299212598426,-2.2728334164561885,-1.7187986360940932,-1.0728187577071455,-0.21241999569797662,-1.8865414590914429,-0.8871113692780759,-2.1542928331305005,1.4243810228036344,-1.458196520499739,-1.120244041929727
2025-02-25,74602.1171875,74785.078125,74400.3671875,74440.296875,10700,31.698457482757405,5.155341262992008,4.059589866816112,88855500,792.4164178675328,77256.20390625,79116.322265625,-669.03585637371,1.0621902537644154,0.0,0.00013823334228010243,0.0,0.0019839112947059867,0.671875,-1.9060126127323662,-1.4156222725440255,-0.951808655708967,-0.45028743383665054,-2.7411297294007158,-2.017995426307901,-1.6232263774965519,1.4276956365863673,0.3857717001541447,1.1577508612678074
2025-02-27,74612.4296875,74834.09375,74520.78125,74706.6015625,6700,31.83944091509572,5.66796758912106,4.121179854430943,88862200,758.1947094484233,77134.7634375,79126.0620703125,-707.7413680782338,1.016177482255943,0.0,-0.018955663700051653,0.0,0.00013823334228013628,-0.3738317757009346,-1.7262392771643138,-1.3477069348480204,-0.9220274026852997,-0.6136900003130294,-3.1406969621008614,-2.7626010595495702,-1.2894130398696213,1.4217822125279678,0.14456271579389396,-0.8702837657560174
2025-02-28,73198.1015625,74282.4296875,73141.2734375,74201.7734375,9100,24.400551408598147,1.2069763698783567,4.010095073997133,88853100,809.1205337735358,76995.08140625,79128.1719140625,-842.8246665011102,1.1053845885369997,0.0,-0.001532335676823927,0.0,-0.01895566370005164,0.3582089552238805,-2.599612468898802,-2.116803444611222,-1.0290776924701124,-1.1057501913081784,-1.4746039305010294,-0.5307131638291759,-1.484138080619408,1.3577864659026884,-2.1984292127809386,0.5089326237253362
2025-03-03,73085.9375,73649.71875,72784.5390625,73427.6484375,10100,23.923187096411795,6.548236360457675,4.474393439819021,88843000,813.1247590397118,76872.43921875,79128.0785546875,-948.0018806044827,1.1125597985791886,0.0,-0.0013136290753607697,0.0,-0.0015323356768239815,0.10989010989010994,-2.332870873196812,-1.9820890473392223,-0.8529285739625868,-1.4513593638915903,-1.2729463752377486,-0.34398167374463456,-1.670068188904731,1.2812112787213408,0.0013473891570143946,0.025214465687192864
2025-03-04,72989.9296875,73033.1796875,72633.5390625,72817.34375,6200,23.49940299136729,8.627240353501637,5.460817694612547,88836800,787.3585932154466,76771.4059375,79128.093046875,-1027.260983470609,1.0787222245403627,0.0,0.010142452228266506,0.0,-0.0013136290753608115,-0.38613861386138615,-2.126808637302212,-1.8413649407934474,-0.7668351568550298,-1.6490350989407432,-1.8251585969340074,-1.1360221362659104,-1.7038098968803663,1.2101500218019279,0.06112062164801329,-0.8947855122722006
2025-03-05,73730.2265625,73933.796875,72894.046875,73005.3671875,9300,33.30950636286822,26.547798936015297,13.907758549991527,88846100,805.3865508429146,76675.20703125,79128.4255859375,-1018.5968719444063,1.092342433208449,0.0,0.008271603329240075,0.0,0.010142452228266485,0.5,-1.4956164597126285,-0.753032436571969,-0.22742081547370951,-1.5606649378551332,-1.2652645793035775,-0.7581884305641634,-1.3383848263660836,1.147916022631679,1.4718562003852556,1.1793914970265118
2025-03-06,74340.09375,74390.796875,73415.6796875,74308.296875,10100,40.12177424569444,44.33158325198533,26.502207513834076,88856200,817.5101677469921,76592.5515625,79130.5408984375,-951.5504348860413,1.0996894495401306,0.0,-0.00010109786820116836,0.0,0.00827160332924004,0.08602150537634401,-1.0212848587811676,-0.005526200034939646,0.3138732844679877,-1.3039301514061645,-0.8775396683009803,-0.5223428717712909,-0.9793406465896735,1.1050610517155677,1.2140133645417168,0.08985260682972986
2025-03-07,74332.578125,74586.4296875,74038.03125,74347.140625,6900,40.06745745671252,45.85752090164367,38.91230102988143,88849300,798.2879013007785,76509.75359375,79132.4372265625,-888.7768325196812,1.0739408230377163,0.0,-0.0029247774728653002,0.0,-0.00010109786820111655,-0.3168316831683168,-0.964712422500595,-0.011613294793490093,0.3381590450799898,-1.07918714765036,-1.3014802827063827,-1.1199479417842595,-1.1048363700757577,1.0637741839393526,0.11126864238848498,-0.9573474939943472
2025-03-10,74115.171875,74741.25,74022.2421875,74474.9765625,6600,38.446031641801184,39.98966778774684,43.3929239804586,88842700,792.6250378150086,76418.075625,79131.9077734375,-846.8096730301331,1.0694504482183778,0.0,-0.00017339988796996904,0.0,-0.0029247774728653475,-0.04347826086956519,-1.0417506136460903,-0.19179439761981065,0.1282569917463909,-0.9352906133943857,-1.3461799528882918,-1.1529805779322226,-1.2093724066062872,1.0046839752112051,-0.2704387338012548,-0.2722495700738067
2025-03-11,74102.3203125,74195.171875,73663.6015625,73743.8828125,11700,38.347242768429055,39.64280066210503,41.8299964504985,88831000,773.9782717210794,76335.159375,79125.3291796875,-805.3043630536558,1.0444723842075434,0.0,-0.000979220349565218,0.0,-0.00017339988796993833,0.7727272727272727,-1.0054416469119698,-0.22144475852492052,0.07949154559518494,-0.8125641089276537,-1.6682840866676363,-1.6384134373052122,-1.4275129359528562,0.8921838527132409,0.050103114299612186,1.7373927595657768
2025-03-12,74029.7578125,74392.1484375,73598.15625,74270.8125,13800,37.75731531398128,44.17561882350615,41.269362424452666,88817200,775.4078371338594,76252.974375,79118.426015625,-769.3971616412746,1.0474272239249862,0.0,-0.0027131192703440943,0.0,-0.000979220349565213,0.17948717948717952,-0.9941279087268775,-0.28350441937247955,0.20476054337489188,-0.7112318972247336,-1.5160766762376645,-1.4713423896905578,-1.6469723697759195,0.7770142070314489,-0.024101638815450948,0.27144552474163164
2025-03-13,73828.90625,74401.109375,73770.59375,74392.5390625,9900,36.10177164438477,38.37233506293527,40.730251516182136,88807300,765.0583934100123,76159.404375,79110.618046875,-748.519026926253,1.0362586042103425,0.0,0.004619422016698236,0.0,-0.002713119270344122,-0.28260869565217395,-1.047281393398089,-0.43827894752762503,0.02322821686900714,-0.6501233836744426,-1.624380901471999,-1.6064083002474174,-1.7354524846742723,0.6473616240581842,-0.2220470190050284,-0.884106385262654
2025-03-17,74169.953125,74376.3515625,73796.0625,73830.03125,7400,40.84480286534885,67.57924180778535,50.04239856474225,88814700,751.8605840592971,76043.92921875,79105.615546875,-696.4253640933894,1.0136996888648055,0.0,0.015252870466203359,0.0,0.0046194220166981825,-0.2525252525252525,-0.7859141338651567,0.10779384280024118,1.0011599423611448,-0.4766716438665121,-1.7574068888473442,-1.9262223295290184,-1.4494709032483164,0.5430464936832277,0.8237917103290284,-0.7608288158134905
2025-03-18,75301.2578125,75385.7578125,74480.1484375,74608.65625,14500,53.243123265909965,96.92974986090768,67.62710891054276,88829200,784.9994485907758,75965.4921875,79109.60734375,-557.4282416278293,1.042478534084282,0.0,0.0019626373687939517,0.0,0.015252870466203383,0.9594594594594594,-0.05465794517739922,1.4728026167863664,1.9707913547675415,-0.006238302068326165,-0.9529030118630978,-1.2057669528451052,-1.0365278959760662,0.5569666575349451,2.2078220535085125,2.1716186321017297
2025-03-19,75449.046875,75568.3828125,75201.4765625,75473.171875,12200,54.582313724341574,95.93382313794389,86.81427160221229,88841400,755.1356486914347,75915.17328125,79117.4245703125,-430.3854627260007,1.000855120068652,0.0,0.011915533227204867,0.0,0.0019626373687939846,-0.1586206896551724,0.07577430288925938,1.5579410547703445,1.8725349738491295,0.41745049857462885,-1.4883982515469574,-1.9034601174975165,-0.6702340309894118,0.6481616514054835,0.3679630330159364,-0.572113122774216
2025-03-20,76348.0625,76456.25,75684.578125,75917.109375,9100,61.7577723475523,97.16987494558632,96.67781598147928,88850500,773.1404684277607,75878.15234375,79129.3583203125,-254.22949819921632,1.012652375334031,0.0,0.007301368158491252,0.0,0.011915533227204955,-0.25409836065573765,0.7526465973694966,2.251547100512995,1.9157497422006553,1.0015349711928372,-1.0390125797998866,-1.5323024507241414,-0.368446258778025,0.846677848483829,1.8769670262152114,-0.7744220679162284
2025-03-21,76905.5078125,77041.9375,76095.2578125,76155.0,8500,65.40724049368654,96.90523237782996,96.66964348712004,88859000,785.5361269329206,75853.29265625,79131.541953125,-68.84979168164136,1.0214302580877592,0.0,0.014028579105548052,0.0,0.00730136815849125,-0.06593406593406592,1.2351792931802021,2.4252809050685777,1.8593714874227452,1.578186535039547,-0.7174117615056537,-1.2684676791328313,-0.040820003205611397,0.8805563534212918,1.1260177236061288,-0.34311820683320876
2025-03-24,77984.3828125,78107.2265625,77179.3515625,77456.2734375,10100,71.14630798172857,97.75574053140593,97.27694928494073,88869100,815.2634571519977,75860.57609375,79161.0686328125,163.23943469743244,1.045418874586926,0.0,0.00042065714078770377,0.0,0.014028579105548111,0.18823529411764706,2.030961343556614,2.626096313167983,1.8138659492036555,2.184921410368516,-0.038696417426390656,-0.7706151111021908,0.39707870425777436,1.554361278369828,1.8813568636075355,0.26686251863936394
2025-03-25,78017.1875,78741.6875,77745.6328125,78296.28125,12700,71.30221082073652,87.61038773650698,94.09045354858095,88881800,828.1771164625694,75873.34171875,79179.243359375,345.8323428611184,1.0615316227114306,0.0,-0.009340089323266108,0.0,0.00042065714078765026,0.25742574257425743,2.035109675233093,2.3563910070857363,1.4621696378512277,2.4870966681202846,0.27118673485890354,-0.44071268920473217,0.982121499572945,1.9568296665697025,0.043888850784047424,0.44794829651130313
2025-03-26,77288.5,78167.8671875,77194.21875,78021.453125,10500,63.141006838743166,72.71525782238983,86.02712869676758,88871300,838.5679251081002,75892.5115625,79190.3133203125,426.81943794252584,1.0849840857412167,0.0,0.0041135445441430486,0.0,-0.009340089323266132,-0.17322834645669294,1.508090311820585,1.5961909463899515,0.9856993636307149,2.440830492446231,0.5143400789526243,0.01012040034929695,0.678787136670903,2.13106797861801,-1.2424895930917037,-0.6406176646465904
2025-03-27,77606.4296875,77747.4609375,77082.5078125,77087.390625,12700,65.02213744950679,77.92843559568146,79.41802705152607,88884000,826.1668679575216,75914.6475,79194.878671875,510.7687389271887,1.064559819700856,0.0,-0.0024676797176619246,0.0,0.004113544544143144,0.20952380952380945,1.6413212688956955,1.6023774630452843,1.0727302684570132,2.3623387891281658,0.29199029613656097,-0.3270768054218319,1.315761129195215,2.115393709937539,0.49310765756648256,0.337681934752692
2025-03-28,77414.921875,77766.703125,77185.6171875,77690.6875,16700,62.93845443139945,74.20516060828832,74.94961800878653,88867300,808.6610872105558,75928.464375,79199.502890625,555.4432804231328,1.0445803827281275,0.0,-0.017960543378769636,0.0,-0.0024676797176619303,0.31496062992125995,1.4338340018927114,1.3517501530094946,0.9059303893786205,2.2013285559166267,-0.05350696499349107,-0.6711566164900089,0.627843419413237,2.0926514655981063,-0.42415841694859935,0.5795298511242807
2025-04-01,76024.5078125,77487.046875,75912.1796875,76882.578125,10600,50.328193066791165,47.17287490962556,66.43549037119844,88856700,863.3900943740875,75908.098125,79197.3424609375,473.1986423595663,1.1356733758848858,0.0,0.007799191399730576,0.0,-0.017960543378769622,-0.3652694610778443,0.49542920563620874,0.4393517755064097,0.09943645807137684,1.8471880426683964,1.4091391493193786,1.2952283469594772,0.17812059062135938,1.9021398337770916,-2.2682444071078374,-1.1255418964478514
2025-04-02,76617.4375,76680.3515625,76064.9375,76146.28125,10800,54.51356133201404,58.700552271360266,60.026195929758046,88867500,848.5653554902241,75908.0603125,79197.396796875,450.6686173256021,1.1075355469702626,0.0,-0.004203718311513616,0.0,0.007799191399730621,0.018867924528301883,0.8731529609396491,0.6941611856072237,0.3983299555322674,1.6592269543402565,1.157169984400447,0.8172979148636182,0.7372341540499361,1.7867841983526367,0.9316996933984976,-0.1357151882192648
2025-04-03,76295.359375,76493.7421875,75807.546875,75811.859375,6900,51.952764649204205,50.78893603646079,52.22078773914887,88860600,845.8028747409223,75892.49875,79194.8191015625,402.1882217311795,1.1085901969262757,0.0,-0.012198276312267518,0.0,-0.004203718311513671,-0.36111111111111116,0.6478061582103033,0.4869328136872688,0.13675700684896522,1.4555947375611271,1.2084520096927016,0.9690613646731577,0.45035936583824693,1.618322194691322,-0.5415891588700692,-1.0594759860963179
2025-04-04,75364.6875,76258.1171875,75240.546875,76160.09375,11700,45.32684615747012,31.717427018829774,47.06897177555027,88848900,860.7321336879993,75883.0253125,79186.678671875,285.38003319731797,1.142089435039453,0.0,-0.02954684927871558,0.0,-0.012198276312267553,0.6956521739130435,0.03902751085258521,0.013343383363891997,-0.44563586461025106,1.164803388479267,1.6887494079001686,1.823155983367348,-0.1187660740737935,1.3239645675146283,-1.4294757728264267,1.4578519152184632
2025-04-07,73137.8984375,73403.9921875,71425.0078125,71449.9375,29400,34.115527633444614,23.410764146561526,35.30570906728402,88819500,1080.656958960285,75817.6834375,79165.8624609375,12.975857329496648,1.4775608570210157,0.0,0.014892138149563576,0.0,-0.029546849278715537,1.5128205128205128,-1.350533753956156,-0.7498632266575366,-0.7017523382555472,0.6372021952736315,4.526698186176961,4.735384501374886,-1.5707040406998698,0.690963773337291,-2.852369475120281,2.8265338355363347
2025-04-08,74227.078125,74859.390625,73424.921875,74013.7265625,17100,41.71004294807066,38.297020399664724,31.141737188352,88836600,1126.4309038559788,75771.81734375,79150.3098828125,-113.70796188122767,1.5175471435896277,1.0,-0.005118478284436715,0.0,0.014892138149563472,-0.41836734693877553,-0.6062286208876819,-0.2324855679486381,-0.28461491373118597,0.3865497543999747,3.689069892360427,3.6538161433564937,-0.6265328975720351,0.18955844425031346,1.4977848816223185,-1.1041385107657786
2025-04-09,73847.1484375,74103.828125,73673.0625,74103.828125,9100,39.97888746854832,33.104368763580645,31.604051103268954,88827500,1085.544098223409,75724.95109375,79132.1509765625,-241.97363050068088,1.469987834590731,0.0,0.017740825512156392,0.0,-0.005118478284436678,-0.4678362573099415,-0.8111940731365307,-0.36622788264639555,-0.48425348289906134,0.13920928925651743,2.6630783994674005,2.694066872305693,-1.0441407042399478,-0.4027038217894945,-0.4364581900540979,-1.1339724232725057
2025-04-11,75157.2578125,75467.328125,74762.84375,74835.4921875,14200,47.99445211585086,51.01015979114502,40.80384965146346,88841700,1123.7323546003083,75720.7728125,79121.8877734375,-235.19899189197167,1.4951747672909528,0.0,0.0209910906600109,0.0,0.0177408255121565,0.5604395604395604,0.012708571673114122,0.1546305173015624,0.027527222673054363,0.12953683738338606,2.58424144654732,2.4652193853631266,-0.30417385780268863,-0.7524869213553315,1.6291811173977666,0.9287758554099451
2025-04-15,76734.890625,76907.6328125,76435.0703125,76852.0625,12900,55.671529015961106,72.57230108858718,52.22894321443761,88854600,1168.4925435574291,75737.4425,79118.8568359375,-101.35984563852253,1.5227656337816395,1.0,0.0040320437675739505,0.0,0.020991090660010814,-0.09154929577464788,0.9660112456631281,0.6523946523106204,0.6806938944661248,0.340205696095205,2.5381521985104856,2.3000634033051983,0.36378778093341524,-0.8532603916399712,1.767732868653666,-0.3885713323135733
2025-04-16,77044.2890625,77110.2265625,76543.7734375,76996.78125,9500,57.011799189402915,76.80097380236724,66.79447822736647,88864100,1125.4897279461843,75747.6690625,79113.8106640625,29.336339125729864,1.46083472459998,0.0,0.019585021561766065,0.0,0.004032043767574045,-0.26356589147286824,1.089528273963535,0.6968381717385311,0.7705601093950116,0.5369921712389643,1.963053165743196,1.7538274116652186,0.8491138232947282,-0.9897791085793849,0.25620628674345275,-0.7692609725726162
2025-04-17,78553.203125,78616.7734375,76665.7734375,76968.0234375,11100,62.90271482473477,99.11606807264384,82.82978098786607,88875200,1184.4547473785994,75783.536875,79113.2054296875,251.76853058916458,1.5078376186567497,1.0,0.010888122202209688,0.0,0.019585021561766114,0.16842105263157903,1.8512669116105136,1.0673537501368247,1.476135709894049,0.8842589464020285,2.1289856291265834,1.827983963010479,1.340051871520216,-0.9810146505814232,1.5401695000995017,0.17440632793704922
2025-04-21,79408.5,79635.046875,78776.0625,78903.09375,12600,65.76638720646962,97.24061148460584,91.0525511198723,88887800,1177.1253904229852,75821.69546875,79114.03203125,491.39841956377495,1.482366988953305,0.0,0.002356092231939906,0.0,0.010888122202209694,0.1351351351351351,2.1283028635728947,1.2252948851487908,1.342308479643384,1.2440138864624684,1.871503947097473,1.5561253393551588,1.7858398988485786,-0.9306840863475965,0.7177733739791552,0.10060249375076347
2025-04-22,79595.59375,79824.296875,79253.4375,79728.390625,14800,66.3777998419931,97.27711329734939,97.87793095153302,88902600,1133.8206750356292,75869.8725,79116.8463671875,688.4675101329049,1.4244766847230523,0.0,0.006544312479608835,0.0,0.002356092231939888,0.17460317460317465,2.034752207026842,1.229214472238613,1.28711072103558,1.5097444393616968,1.464464210446617,1.175899846109161,2.1823689060820066,-0.8262790544774549,-0.05328779000659047,0.14827447122484363
2025-04-23,80116.4921875,80254.546875,79506.8984375,80142.09375,12000,68.08675661666868,98.43644513577914,97.65138997257812,88914600,1106.2369437830841,75900.52609375,79120.047890625,876.5737383835512,1.380785545620384,0.0,-0.003932554851036737,0.0,0.006544312479608738,-0.18918918918918914,2.0805631569247374,1.290465976775118,1.2520103949427572,1.735271934442713,1.2013391582343715,0.8989562235911196,2.337335009289265,-0.7165335800101541,0.3332033861263817,-0.6066721149921741
2025-04-24,79801.4296875,80173.921875,79724.546875,80058.4296875,8200,65.90477944183448,94.86816713429089,96.8605751891398,88906400,1059.3182335128638,75931.1290625,79121.8477734375,988.8277777436451,1.3274426757278939,0.0,-0.007379547456807586,0.0,-0.003932554851036718,-0.31666666666666665,1.7468593975584588,1.035820074703897,1.0401179205351574,1.8051623215600867,0.8520792798816846,0.5950061322428494,1.83365901933994,-0.6501359828638398,-0.5699850383734459,-0.8485464152081342
2025-04-25,79212.53125,80130.65625,78605.8125,79830.1484375,13200,61.91100285923557,88.19852749249898,93.83437992085634,88893200,1092.5700561190877,75954.2165625,79117.9764453125,1018.5297534218553,1.3792894115084697,0.0,0.0126979396015703,0.0,-0.007379547456807578,0.6097560975609757,1.3503408172866276,0.6489449609817702,0.7288860028669955,1.7327059623066783,0.9905182148033772,0.7987782478931805,1.2638957537538318,-0.7462665372547524,-0.846958944476399,1.1020777210722525
2025-04-28,80218.3671875,80321.8828125,79341.3515625,79343.6328125,8500,65.73081544579335,98.83649455567264,93.9677297274875,88901700,1093.7687351462957,76001.38015625,79118.819921875,1110.4309800538322,1.3634891527893525,0.0,0.0008728128912964232,0.0,0.012697939601570285,-0.3560606060606061,1.6922589542563755,0.9147873189596574,1.0710871809397786,1.7698352189077045,0.9337131835130326,0.6732716196126172,1.4452567548312554,-0.7030886437651269,0.8761004627330646,-0.956436597388086
2025-04-29,80288.3828125,80661.3125,80122.0234375,80396.921875,16200,65.98652445715933,95.9623496612806,94.33245723648406,88917900,1054.163044242989,76060.911875,79120.278828125,1175.3641735112906,1.3129708275539804,0.0,-0.0005746861922446945,0.0,0.0008728128912964817,0.9058823529411764,1.5945829448865507,0.8795084386198331,0.897465039071638,1.7612469467461724,0.6403771193436184,0.3835936506379588,1.8157883058397315,-0.6527984464477757,-0.16371996468939184,1.7051987755603026
2025-04-30,80242.2421875,80525.609375,79879.1484375,80370.796875,12200,65.63892673608356,94.20884893841672,96.33589771845665,88905700,1025.0414651899184,76139.8846875,79121.688125,1209.1625609949551,1.2774337272315126,0.0,0.0032370730542779303,0.0,-0.0005746861922446556,-0.24691358024691357,1.4653073493305995,0.7960025842661372,0.7721965033470785,1.7086112317921152,0.4150447035934769,0.16977967716397294,1.3310043141659917,-0.6156461469085552,-0.2919925548485232,-0.6860374342212789
2025-05-02,80501.9921875,81177.9296875,80168.59375,80300.1875,12700,66.70231644790621,90.99334494385414,93.72151451451714,88918400,1023.9196417834956,76226.50296875,79122.4398828125,1242.5839465050085,1.2719183885519858,0.0,0.0036626616868468413,0.0,0.0032370730542778947,0.040983606557376984,1.4839604736173844,0.8494447346208855,0.5920041103025878,1.6691131355831756,0.36235419812152225,0.10379888345939224,1.6569980917803413,-0.6107817239680056,0.02521147827289659,-0.10842566101724534
2025-05-05,80796.84375,81049.03125,80657.7109375,80661.6171875,8800,67.91611131157148,94.05953495849018,93.08724294692034,88927200,989.856743263246,76319.66046875,79126.800234375,1278.129214252127,1.2251180829860648,0.0,-0.0019279643890792455,0.0,0.003662661686846924,-0.30708661417322836,1.5124900005440334,0.915640731968516,0.6791012646479114,1.6423202751736274,0.09243478509786249,-0.18076012600497307,1.8256006797461741,-0.5104197799822418,0.0655438860923975,-0.8363605217465446
2025-05-06,80641.0703125,80981.578125,80481.03125,80907.2421875,12500,66.5361603221169,88.68068115555292,91.24452035263239,88914700,954.9060383872999,76413.69765625,79130.5188671875,1278.9861245753564,1.1841435569826284,0.0,0.0013108821235922258,0.0,-0.001927964389079273,0.4204545454545454,1.3395572009221464,0.7260400868558989,0.4712228199448197,1.553506679962785,-0.18715726209312813,-0.43373290380308976,1.3207995977364564,-0.42510574495178993,-0.3839506689960885,0.7712635460931192
2025-05-07,80746.78125,80844.6328125,79937.4765625,79948.796875,8800,67.02579968783581,90.69629045201054,91.14550218868453,88923500,951.4953392167785,76508.69609375,79131.6560546875,1273.5149339502386,1.1783693721126234,0.0,-0.005101983554298023,0.0,0.0013108821235923163,-0.29600000000000004,1.2920576981369059,0.7299340838324371,0.5654811394232242,1.4562651121530623,-0.2682168048075167,-0.514313832123121,1.4991583121451717,-0.40841513116292666,-0.09105209258194286,-0.8015206762002233
2025-05-08,80334.8125,80927.9921875,79987.609375,80912.34375,10600,63.14796788606741,81.31453919619916,86.89717026792086,88912900,950.7015873084372,76596.04453125,79130.0058203125,1221.851793899783,1.1834241690779288,0.0,-0.010958434115969338,0.0,-0.0051019835542980285,0.20454545454545459,1.0356915920961378,0.32977365079782417,0.19647257651272101,1.2760989496430357,-0.3312358883706631,-0.5356822171991699,1.0724825963017521,-0.46088833434190274,-0.6201010710240792,0.26905837525132376
2025-05-09,79454.46875,80032.9296875,78968.34375,78968.34375,8800,55.72813433938678,32.99446285434847,68.33509750085271,88904100,980.3992417864059,76666.3503125,79123.6954296875,1097.2238859525678,1.2339132804111863,0.0,0.037448235880376456,0.0,-0.010958434115969307,-0.16981132075471694,0.6053243081044289,-0.39338555736593533,-1.6939328904808508,0.9683344766260567,-0.16228683285826148,-0.2939132654499105,0.7319844917876627,-0.6473486086303932,-1.076484082065002,-0.5520460970586019
2025-05-12,82429.8984375,82495.96875,80651.0703125,80803.796875,10700,68.99029977286764,98.30160260272322,70.87020155109028,88914800,1127.6207245159483,76800.2290625,79129.1276171875,1224.4331766098621,1.367975389865284,0.0,-0.015548723361242465,0.0,0.03744823588037649,0.21590909090909083,1.7539263564274905,0.9750061445877408,0.9663676756374542,1.137855858534108,0.949673663044008,0.4694819745499268,1.0185255215595919,-0.44541828176716136,2.7602938219803224,0.2986926896039784
2025-05-13,81148.21875,82572.8125,81043.6875,82249.6015625,16200,60.57287408785426,64.08888958911015,65.12831834872728,88898600,1156.2996013362376,76916.9721875,79131.84546875,1207.9026665651618,1.4249229609075524,0.0,0.002247045626001495,0.0,-0.015548723361242467,0.514018691588785,1.146405185948996,0.14984510719379596,-0.39598954205903825,1.0354526673936206,1.1150816509753017,0.7724025234258771,0.4725475555216545,-0.317916754824639,-1.278275479264561,0.9266644396723737
2025-05-14,81330.5625,81691.8671875,80910.03125,81278.4921875,15200,61.29637480845228,68.68540458784976,77.02529892656104,88913800,1129.5521967765064,77054.4953125,79135.987890625,1195.7320798741275,1.3888409990727735,0.0,0.014756810362648113,0.0,0.0022470456260015315,-0.06172839506172845,1.1421785407755873,0.23328016888578004,-0.20273826426315658,0.9507909880883603,0.8374642511324052,0.49009125409288634,0.907397943321059,-0.13398928916882308,0.03539611697301261,-0.33895611389130165
2025-05-15,82530.7421875,82718.140625,80762.15625,81354.4296875,12600,65.75118742194852,95.44300863637918,76.07243427111302,88926400,1188.583066649613,77213.0678125,79146.49640625,1268.3109732942685,1.4401700931627321,0.0,-0.0024251379812541443,0.0,0.014756810362648087,-0.17105263157894735,1.4965430286350752,0.7010876298352974,0.8540456899316299,1.0233303351211305,1.2760544183246292,0.7808705872963652,1.2302845566840193,0.28699295333729646,0.9481498316899609,-0.5482965309038441
2025-05-16,82330.59375,82514.8125,82146.953125,82392.6328125,15300,64.41954968160623,89.66485684641252,84.59775669021381,88911100,1131.0977806389265,77367.43109375,79157.4049609375,1294.7548352525628,1.3738486862776045,0.0,-0.003293695121687374,0.0,-0.0024251379812540996,0.2142857142857142,1.3189852563722784,0.5537107193674136,0.5967283850564504,1.0095706411285446,0.7259168040571993,0.2617194926503562,0.7076641137428852,0.7838772715231966,-0.34299354451502834,0.3003788634526208
2025-05-19,82059.421875,82424.1015625,81964.5703125,82354.921875,8100,62.57057996282436,82.43321513248634,89.18036020509267,88903000,1083.128742736146,77544.6575,79167.5030859375,1279.0859754164412,1.3199322125204116,0.0,-0.010638441693262295,0.0,-0.0032936951216874233,-0.47058823529411764,1.1377766017622566,0.3202172262231075,0.26577851869160507,0.921340112534901,0.21360976505376197,-0.19595466192069128,0.4145561162434437,1.3042196672784938,-0.46251007475993194,-1.1802020415297523
2025-05-20,81186.4375,82250.421875,81153.703125,82116.171875,10500,56.907791297547455,59.15237075341581,77.08348091077154,88892500,1084.0994575407071,77706.6675,79166.7716796875,1182.5935456255538,1.3353208872365008,0.0,0.00505251030998866,0.0,-0.010638441693262335,0.2962962962962963,0.7587707085613713,-0.29465481181180825,-0.6866153454391342,0.6997859383601218,0.15770613146439966,-0.14415882071818945,0.05859782598314601,1.4435639139077416,-0.9740989360014357,0.4616432948366427
2025-05-21,81596.6328125,82021.640625,81237.0625,81327.609375,5800,58.794829926707486,70.09150495651848,70.55903028080687,88898300,1066.3211480735138,77878.8015625,79167.975625,1126.2393472637486,1.3068200381795183,0.0,-0.007900333663048481,0.0,0.005052510309988767,-0.4476190476190476,0.8526797413042126,-0.11810065620407505,-0.2704548780524475,0.5559457201318383,-0.13585186081705344,-0.47117647237410615,0.20598057411980827,1.698218207152857,0.210891300779642,-1.1324700156940908
2025-05-22,80951.9921875,81323.2421875,80489.921875,81323.046875,10700,54.738036340212076,52.90015709184247,60.714677600592246,88887600,1069.2061330325485,78023.236875,79165.45859375,1017.8282377521973,1.3207903896374364,0.0,0.009500518970782742,0.0,-0.007900333663048431,0.8448275862068966,0.5592588852752137,-0.6167427805643055,-1.0631473337215958,0.31922809488093606,-0.21701518455662686,-0.4279755921530041,-0.18692474366854925,1.749358944390302,-0.8096813512498747,1.6057963489883509
2025-05-23,81721.078125,81905.171875,80897.0,80897.0,12000,58.423823110264614,73.41022638726264,65.46729614520785,88899600,1064.8465431730806,78170.8565625,79165.357265625,982.6431613513996,1.3030255689288615,0.0,0.005572307787024806,0.0,0.009500518970782634,0.12149532710280364,0.8373248132105041,-0.35049483868284487,-0.2695766552333343,0.20314356529418878,-0.2723812197599526,-0.5518731902381875,0.14055425251480128,1.7476730089998178,0.5057307282804685,0.21339048627003998
2025-05-26,82176.453125,82492.2421875,81867.2265625,81928.953125,10200,60.476098425452825,85.55421752011567,70.62153366640692,88909800,1043.8692231250034,78327.7340625,79166.901796875,980.2045042128593,1.2702777784010173,0.0,-0.007603398403549679,0.0,0.005572307787024888,-0.15000000000000002,1.018076687989658,-0.18038838349851297,0.2622996798272135,0.13733146783416342,-0.537928973524864,-0.8182279185646256,0.4756016022643429,1.7296196037835578,0.18979818158509254,-0.5175263625275357
2025-05-27,81551.6328125,82410.5234375,81121.703125,82038.203125,20700,56.364882255059705,68.89143995299746,75.95196128679191,88889100,1061.3657295089317,78476.46328125,79169.7501953125,917.2802378882043,1.3014647198409601,0.0,-0.0029344906011902544,0.0,-0.007603398403549733,1.0294117647058822,0.7126842107094621,-1.1502685391466059,-0.7518526727573558,-0.0814008702797997,-0.2714022021865118,-0.4560013590750074,-0.5567208321903513,1.7156761771585964,-0.9781488633609989,2.2810629544869725
2025-05-28,81312.3203125,81613.359375,81244.0234375,81457.609375,24100,54.82750669883294,62.50942759399467,72.31836168903591,88865000,1011.9350300797223,78620.66328125,79182.5148046875,838.4368071450881,1.2445039401048297,0.0,0.003944090191590546,0.0,-0.0029344906011902205,0.16425120772946866,0.5487897591203609,-1.6773220304345227,-1.189485623849996,-0.40487317519322885,-0.9275287505362988,-0.9856670778966797,-1.9800239435924099,2.0834422172282094,-0.5135787089152528,0.2007000350306488
2025-05-29,81633.0234375,81816.890625,81106.9765625,81591.03125,6800,56.53831147510619,51.30113739954841,60.90066831551351,88871800,990.3621038240279,78772.72859375,79197.7145703125,792.6932083333086,1.2131880728174556,0.0,-0.002229681289942116,0.0,0.003944090191590588,-0.7178423236514523,0.7570148859624547,-1.3173068079033108,-1.73599245781702,-0.7260555924610629,-1.161788664473098,-1.2653271841668219,-1.7632666495972167,2.4022054639205908,0.17598619973261853,-1.8398160077922743
2025-05-30,81451.0078125,81698.2109375,81286.453125,81465.6875,12600,55.25916328855006,43.13247689438032,52.31434729597445,88859200,949.0332258723117,78925.170625,79207.6295703125,733.3009006222856,1.1651583588222552,0.0,-0.0009485188038169801,0.0,-0.0022296812899421647,0.8529411764705883,0.5880110185502232,-1.5607761061473662,-1.988087972630093,-1.2103999627296163,-1.6150607143579991,-1.671655772956787,-2.439745522141289,2.4344020636589487,-0.3974681409689743,1.697117197992001
2025-06-02,81373.75,81474.2578125,80654.2578125,81214.421875,9900,54.693533302065596,39.665231476936455,44.69961525695505,88849300,939.8165668814323,79069.2465625,79220.0672265625,672.2487440039986,1.1549382532836847,0.0,-0.007818764497150493,0.0,-0.0009485188038169667,-0.2142857142857143,0.4631080843754087,-1.553649982729073,-1.9569657157180282,-1.752600338254776,-1.634533818720833,-1.7065540359183125,-2.668798788520897,2.497509423552362,-0.2200789532903271,-0.6756893700040154
2025-06-03,80737.5078125,81774.2265625,80575.09375,81492.5,32000,50.14164653182049,11.111383812742801,31.30303072801985,88817300,958.3391558541872,79177.9715625,79225.225234375,566.0005408813595,1.1869813446307722,0.0,0.0032295050288836287,0.0,-0.007818764497150466,2.2323232323232323,-0.27319859007649433,-2.204436475310279,-2.8083366669363685,-2.3166266935197153,-1.3018073676026825,-1.2905164267425406,-3.3108731121916852,2.336591862980574,-0.8566752315368731,3.4911841930333822
2025-06-04,80998.25,81087.2890625,80705.1796875,80777.6484375,7500,51.90809501310119,25.1039793816024,25.293531557093875,88824800,917.1798857931738,79288.955625,79231.971875,497.1074446641287,1.1323453109087835,0.0,0.005478995688178449,0.0,0.003229505028883528,-0.765625,-0.036059438441777975,-1.7031307867920664,-1.9738013027264205,-2.4505951281594265,-1.736342778067958,-1.7944129152405979,-2.5435119795326178,2.242398780532978,0.26448851604001894,-1.4438659837455459
2025-06-05,81442.0390625,81911.1328125,80983.7265625,81196.078125,9800,54.84074216271011,47.55069314116045,27.922018778501876,88834600,917.9103403793757,79390.83515625,79244.4019140625,472.8683065205405,1.1270719040751862,0.0,0.009171591644786491,0.0,0.005478995688178445,0.30666666666666664,0.4375115317131415,-1.0879440497828559,-0.9817423162736921,-2.2793508781960083,-1.586377537786499,-1.7019808822235925,-1.9631737109980154,2.278579667715151,0.4978820494197143,0.2662632728593925
2025-06-06,82188.9921875,82299.890625,81140.109375,81434.2421875,12400,59.33548516323726,84.85507048463306,52.50324766913196,88847000,935.1868339237061,79496.50484375,79259.8174609375,508.07472043631424,1.137849253328522,0.0,0.0031174338944986836,0.0,0.009171591644786536,0.26530612244897966,1.2466166591157466,-0.20987658885001803,0.5787858570336202,-1.9313162886308881,-1.2625064163114204,-1.4582620706213918,-1.4304695920840484,2.339403791399564,0.8227078869551105,0.16916448703318931
2025-06-09,82445.2109375,82669.0,82369.2421875,82574.546875,11500,60.777582804640616,89.73010375660579,74.04528912746643,88858500,902.6740466791556,79585.72140625,79269.859296875,550.3071704223257,1.094877478527472,0.0,-0.0006488210399576916,0.0,0.003117433894498589,-0.07258064516129037,1.5210426824892933,0.07163502674627173,0.7789172407925685,-1.6306928159716725,-1.5532791173261693,-1.7660355138539283,-1.001564103406573,2.269774395929915,0.17778581153338646,-0.3502950340431241
2025-06-10,82391.71875,82680.7890625,82240.3984375,82643.7265625,15100,60.29681258322997,86.80566699116717,87.130280410802,88843400,869.6538022735016,79673.21203125,79279.6944921875,572.8567824293423,1.0555111793604883,0.0,0.0014979888376221062,0.0,-0.0006488210399576699,0.31304347826086953,1.3579630850272593,0.014856016751606426,0.6846642769980184,-1.4340277349201687,-1.7911970970086584,-1.9677318013324296,-1.375365287041324,2.2019534447975473,-0.16599261081740335,0.2528044541039796
2025-06-11,82515.140625,82783.5078125,82308.90625,82473.0234375,11300,61.06214934808631,87.84796782193104,88.12791285656799,88854700,841.4357851468229,79777.74484375,79288.2558984375,593.841194600871,1.0197350192625,0.0,-0.00997591540491906,0.0,0.0014979888376220885,-0.2516556291390728,1.4154480778580452,0.1995493093413527,0.748358734418605,-1.2665985121781485,-1.9150610148516285,-2.0667852508842905,-0.9606223408041796,2.1197305396972195,0.0568196599363327,-0.6394101412263407
2025-06-12,81691.9765625,82661.0390625,81523.15625,82571.671875,6000,53.63601726088345,50.57397665887214,75.07587049065677,88848700,862.610572814907,79859.45578125,79292.189296875,537.8490430873935,1.055930593324487,0.0,-0.007018743138884987,0.0,-0.009975915404919045,-0.4690265486725663,0.31405534472427155,-1.1898230214603602,-0.7915823556115029,-1.3502764136369032,-1.5444764932570147,-1.5871848217086395,-1.0715451096596877,1.9784341818466915,-1.0894953968183296,-0.9871755689270599
2025-06-13,81118.6015625,81238.6796875,80354.59375,80427.8125,6600,49.15198547130584,31.454707447065143,56.625550642622756,88842100,896.5228756495565,79933.529375,79292.5163671875,442.1118982482003,1.1052001124043125,0.0,0.008352546295783537,0.0,-0.007018743138884953,0.10000000000000009,-0.4874952296809103,-1.8970880040210658,-1.4931952755850038,-1.5366886811515765,-1.1067407738684059,-1.0775659444277466,-1.1876318612397252,1.8095240600111968,-0.7444791928584888,-0.02988183105649297
2025-06-16,81796.1484375,81865.8203125,81012.3125,81034.453125,11400,54.04147499320451,59.34976085634977,47.12614832076233,88853500,893.450371138874,80048.9621875,79296.0660546875,416.1151748186676,1.09228904808587,0.0,-0.0026022198669004414,0.0,0.008352546295783636,0.7272727272727273,0.3956694349787859,-0.9081374275925769,-0.2766191497498428,-1.5010836182063019,-1.0821757528561957,-1.1254675797721159,-0.7880945369811073,1.7157366571451982,0.7956393871422341,0.9637940253712434
2025-06-17,81583.296875,81890.1484375,81427.0078125,81869.46875,21500,52.338785939587055,50.5865211112219,47.130329804878926,88832000,862.7139607003829,80148.279375,79295.4919921875,374.0257064642501,1.057463958611789,0.0,-0.0016993751210179933,0.0,-0.002602219866900457,0.8859649122807018,0.06000819214849215,-1.1771452168004868,-0.6058109682452213,-1.5154207370636468,-1.3302252513352821,-1.3443666789612876,-1.351980897411921,1.574359086572321,-0.3058070840570691,1.1778297463870966
2025-06-18,81444.65625,81858.96875,81237.0078125,81314.6171875,11300,51.2070725689753,44.878594793841124,51.60495892047092,88820700,845.5173161860699,80251.2653125,79294.156484375,325.72757505877235,1.0381495301431394,0.0,-0.0010165069915191642,0.0,-0.001699375121018032,-0.4744186046511628,-0.17332799757675046,-1.337897330252877,-0.7974659092781783,-1.545149695379589,-1.4191366495136757,-1.4152914121357802,-1.5800153914449213,1.4415658483770102,-0.20465644508722294,-1.0338210954856235
2025-06-19,81361.8671875,81583.9375,81191.0390625,81403.9375,12500,50.50478900562677,41.47011428075175,45.64507672860492,88808200,813.187396279922,80371.20890625,79292.0380078125,277.57090786007757,0.9994699290835053,0.0,0.01285989031063865,0.0,-0.0010165069915191172,0.10619469026548667,-0.3633715850505869,-1.3816565629906068,-0.8869383362349246,-1.565816066982648,-1.6137660272781564,-1.5992324157629965,-1.7917550745885087,1.3144023629182304,-0.15038053718668173,-0.08494163148559633
2025-06-20,82408.171875,82494.4921875,81323.203125,81354.8515625,6700,58.29033609014308,84.54717096439059,56.965293346327805,88814900,838.7660867242133,80556.614375,79293.4058203125,320.1440250649757,1.0178190677454746,0.0,-0.006205486675225436,0.0,0.012859890310638722,-0.46399999999999997,1.3490014581615497,0.21076305488905603,0.9429114812416406,-1.3353139779468919,-1.2914329121144805,-1.3580490498600124,-1.4760084042994714,1.2566645390031022,1.1720183434721139,-0.9832689295172341
2025-06-23,81896.7890625,82169.671875,81476.7578125,81704.0703125,8000,53.83326732341347,63.493202016075855,63.17016242040605,88806900,845.3837992796267,80710.00859375,79291.0608984375,309.0565959512751,1.0322551213020907,0.0,0.0019331687397313826,0.0,-0.006205486675225469,0.19402985074626855,0.4264193493075954,-0.6773228262038392,0.0597940066628341,-1.2813798312609777,-1.1553966877733026,-1.1717619878092205,-1.5845158333675204,1.1465156048553145,-0.8303099950517892,0.07399432009742825
2025-06-24,82055.109375,83018.15625,81900.1171875,82534.609375,119300,54.98095636417209,63.843653940915594,70.628008973794,88926200,865.0968984382249,80874.1678125,79288.5372265625,309.4773918485007,1.0542876671879702,0.0,0.008535707804606165,0.0,0.0019331687397314834,13.9125,0.685033269223748,-0.37354624222649957,0.07649997134993375,-1.2019117560944899,-0.9213798594550057,-0.9548890158434208,1.7109222897112923,1.0410152180295527,0.23198770854884182,5.141184528147239
2025-06-25,82755.5078125,82815.90625,82339.5703125,82448.796875,7500,59.74826150781399,90.13920501208437,72.49202032302526,88933700,857.646896764066,81026.1328125,79289.537578125,362.1525073879311,1.0363623152518686,0.0,0.012088130463370782,0.0,0.008535707804606218,-0.9371332774518022,1.8700267527549097,0.7608144197606345,1.2350138587072483,-0.9821780553262421,-0.9343189123135675,-1.032989191850624,1.8422714859125393,0.9990125314071072,1.1664701500147525,-0.5772200672717244
2025-06-26,83755.8671875,83812.09375,82816.2578125,82882.921875,10500,65.38621332823132,98.37377982646422,84.11887959315472,88944200,871.8568282452042,81166.55234375,79296.5537109375,479.0958385668346,1.0409501537288397,0.0,0.003618030117479643,0.0,0.012088130463370872,0.3999999999999999,3.0938118172842466,2.109443729451117,1.5929513968117741,-0.5754398476155788,-0.7606502188886703,-0.9608029168435827,2.043765210387457,1.0605631996132727,1.747109094022596,-0.07093698631734355
2025-06-27,84058.8984375,84089.3515625,83645.40625,83774.453125,8600,66.89872086846856,99.18460241523358,95.8991957512607,88952800,841.2917199776896,81306.84453125,79305.842421875,589.4317579968338,1.0008360038208355,0.0,-0.005382386736085998,0.0,0.0036180301174797425,-0.18095238095238098,2.9350252502692267,2.3483375678927048,1.5825694686830942,-0.15642311942449227,-1.0430024817879888,-1.2463815954750794,2.100461294473931,1.1586318951826242,0.43834971626487523,-0.28902754598823693
2025-06-30,83606.4609375,84099.53125,83482.1328125,84027.328125,6200,62.50701679815309,86.83368380647207,94.79735534938993,88946600,825.2993426578547,81407.9096875,79317.955078125,633.068227544587,0.9871238818191421,0.0,0.0010863768658728248,0.0,-0.005382386736086042,-0.2790697674418605,2.0837832643201826,1.3484086252554703,1.0245124603864029,0.07869327050529046,-1.1606513481267522,-1.2915393141345552,1.8234657107004855,1.298073918496236,-0.9022830152100413,-0.3294876884976144
2025-07-01,83697.2890625,83874.2890625,83572.5078125,83685.65625,19100,63.03169286719545,89.25904137251956,91.75910919807507,88965700,787.9051931822936,81493.68546875,79328.643828125,667.2874404091272,0.9413748067681551,0.0,-0.0034362112049440073,0.0,0.0010863768658728734,2.0806451612903225,1.9699131155007603,1.373036058394291,1.0653365410370914,0.30407650567669564,-1.516365906603116,-1.6150644725477417,2.048753548055611,1.406559175382489,0.008094109858913666,0.552292496672886
2025-07-02,83409.6875,83935.0078125,83150.7734375,83790.71875,10600,60.16084132091382,81.57929871993858,85.89067463297671,88955100,787.6429918835584,81569.96734375,79336.0858203125,663.5503749564523,0.9443063695491706,0.0,-0.0020407551580864033,0.0,-0.003436211204943973,-0.4450261780104712,1.5087590045326387,0.7259503263898184,0.7128682216016899,0.38947113633419683,-1.442048839685042,-1.5009237619487632,1.697727030794831,1.4551217772691905,-0.6612243828963831,-0.41404702946960453
2025-07-03,83239.46875,83850.09375,83186.7421875,83540.7421875,9600,58.463620655958245,72.14118695022826,80.99317568089545,88945500,778.7650326418756,81632.426875,79344.6673828125,639.4819433344819,0.9355718439059302,0.0,0.0023236798348740062,0.0,-0.002040755158086438,-0.09433962264150941,1.2342738167162635,0.3275992394712199,0.2839023806999412,0.36334651840089766,-1.4848080088527589,-1.5169310569706493,1.4115125347007396,1.5301794371520983,-0.48622465781602947,-0.2675857624306457
2025-07-04,83432.890625,83477.859375,83015.828125,83306.8125,8800,59.84972464508349,77.0795112372981,76.9333323024883,88954300,756.1411910245987,81705.05609375,79347.01828125,628.7670317408192,0.906286699837806,0.0,0.00011517490198428565,0.0,0.002323679834874026,-0.08333333333333337,1.3450300413789635,0.6182396026543984,0.4888698725025138,0.40041477845602524,-1.6994847046237758,-1.7175430687006314,1.493217277634333,1.5024719913429767,0.2720651675203736,-0.260613738281224
2025-07-07,83442.5,83516.8203125,83262.2265625,83398.078125,6200,59.92128215708088,77.4099015007239,75.54353322941674,88960500,720.3163738085559,81789.65546875,79349.77609375,613.9732815549942,0.863248792651893,0.0,0.0032358547802378884,0.0,0.00011517490198431624,-0.2954545454545454,1.2715832069505064,0.6397672524705466,0.518828025068611,0.4285309266878469,-2.0354655464497595,-1.9984707149518997,1.5236571408582393,1.4980382647159265,-0.07009061859145552,-0.3395721281816391
2025-07-08,83712.5078125,83812.3125,83320.953125,83387.03125,15300,61.97213509114512,86.69333068304829,80.39424780702342,88975800,703.9623024650876,81859.53828125,79353.3947265625,616.9249747819849,0.8409284596297467,0.0,-0.002107566624275177,0.0,0.0032358547802378013,1.467741935483871,1.436008617869614,1.0283637850027054,0.8808121439533002,0.5585192349012975,-2.1585760715666527,-2.114760936847829,1.6641587010500902,1.5279295740770455,0.413453261740455,0.3273838904777591
2025-07-09,83536.078125,83781.359375,83382.28125,83625.890625,7800,59.818193080246346,79.70509609702563,81.26944276026593,88968000,682.1848612175814,81924.4921875,79355.6768359375,598.1329077970731,0.8166350115177632,0.0,-0.004139491376199916,0.0,-0.0021075666242751367,-0.4901960784313726,1.1733532717396384,0.5295074575398621,0.5568413685084883,0.5245072510478724,-2.2565247389371645,-2.17816449793965,1.4164567767528533,1.53048490234427,-0.5338554773690155,-0.40954891308118624
2025-07-10,83190.28125,83742.28125,83134.96875,83658.203125,7500,55.7297432493799,65.3324992925547,77.24364202420952,88960500,676.8368354163257,81983.45296875,79356.887109375,549.0085130619264,0.8136008500588231,0.0,-0.008291984227424403,0.0,-0.004139491376199955,-0.038461538461538436,0.7716959814884536,-0.3424147969709628,-0.07057879972487023,0.24525890574049808,-2.1358696899223935,-2.034048455805492,1.2085534284455608,1.502832345408342,-0.8387443166399023,-0.24722718544092578
2025-07-11,82500.46875,83040.7421875,82442.25,82820.7578125,10700,48.594522973810875,27.295977266672587,57.44452421875096,88949800,681.9221507437311,82023.4225,79353.46546875,449.23645435991057,0.8265676075249343,0.0,-0.002994017079448412,0.0,-0.008291984227424387,0.42666666666666675,0.041943594304724184,-1.730911060822802,-1.617110405111718,-0.4761425196767323,-1.8922089481866773,-1.757781209624049,0.9703983482713708,1.3715526364862465,-1.4770750979071727,-0.06438132374812895
2025-07-14,82253.4609375,82537.8671875,82010.3828125,82537.8671875,18100,46.30817503737311,11.635273044115612,34.754583201114286,88931700,670.8908810477503,82052.55484375,79342.0112109375,346.2436318228865,0.815638483051217,0.0,0.003859355082228208,0.0,-0.0029940170794484633,0.691588785046729,-0.2467111770398951,-1.9907146744191595,-2.0904937687536447,-1.230774744986597,-1.857382095791407,-1.718550659939819,0.6333330776227571,1.0361472138885022,-0.5670236126826487,0.02520861799953889
2025-07-15,82570.90625,82743.6171875,82221.7421875,82233.15625,9900,49.590703834508616,26.830235106259654,21.920495139015937,88941600,660.2468895443396,82091.1515625,79330.2226953125,286.9287259112607,0.7996120177551516,0.0,0.0007698875474071716,0.0,0.003859355082228122,-0.4530386740331491,0.023346412524520573,-1.3594521520185705,-1.5830634353549116,-1.5739620247609432,-1.8400173315274186,-1.7487890834631485,0.7393048275906047,0.673863803856639,0.5365849742227782,-0.37958481861274945
2025-07-16,82634.4765625,82784.75,82342.9375,82534.65625,7600,50.246686703533925,29.873116663114082,22.779541604496433,88949200,644.6444331483153,82128.90546875,79318.8248828125,242.25822653991054,0.7801155885107387,0.0,-0.0045408937117934565,0.0,0.0007698875474071443,-0.23232323232323238,0.03538319391855687,-1.2114611989565933,-1.4820894022136588,-1.7529930916519862,-1.8489581150910335,-1.7761865501877778,0.8073884167486727,0.279905726735008,0.015148112816061633,-0.3025639376743696
2025-07-17,82259.2421875,82757.09375,82219.2734375,82753.53125,8800,46.40779588501059,11.912000628246407,22.871784132540032,88940400,637.0141388162928,82167.3940625,79304.2717578125,174.56596804055152,0.7743982583310165,0.0,-0.006096769331485643,0.0,-0.004540893711793448,0.1578947368421053,-0.45441180717724206,-1.7702764834305316,-2.0228684266723236,-2.016098176855079,-1.7779996885471778,-1.6905055770697597,0.6109168167584252,-0.2758194400330083,-0.8502143055965499,-0.15044814792237948
2025-07-18,81757.7265625,82334.75,81608.1328125,82193.6171875,8300,41.81004438837032,6.428955143701316,16.07135747835392,88932100,643.4143565794147,82213.45921875,79283.8798046875,79.53442257193092,0.7869768199676568,0.0,0.005413765843423247,0.0,-0.006096769331485619,-0.05681818181818177,-1.033807923433022,-2.2515716173393767,-1.995340183929042,-2.3133264587684024,-1.5946234253610647,-1.4805874255290372,0.42782081644617365,-1.0648769664285969,-1.0568138423269584,-0.22876152822579807
2025-07-21,82200.34375,82274.03125,81518.65625,81918.53125,15300,46.81786548751632,28.211437051598324,15.517464274515333,88947400,651.4115453951708,82208.868125,79267.022265625,39.48162643471733,0.7924681524159329,0.0,-0.0001646130585676535,0.0,0.005413765843423235,0.8433734939759037,-0.4899923350585571,-1.3456605098934267,-1.1384662290140986,-2.238753286747232,-1.4043460092837203,-1.3374018424868253,0.643537350878864,-1.669563023232597,0.9680147198410736,0.10567742367412583
2025-07-22,82186.8125,82538.171875,82110.6328125,82527.4296875,23900,46.68559042893374,28.65855293139962,21.099648375566407,88923500,635.4206537598014,82229.64,79256.457421875,6.571881581534399,0.7731418635560314,0.0,0.006568305894574023,0.0,-0.00016461305856763087,0.5620915032679739,-0.496430257244258,-1.2707741589258563,-1.0496254190629812,-2.1416169774258393,-1.4655193526923647,-1.402504059642424,0.18823462913173195,-1.9369339730085697,-0.017112844474984693,-0.005746518854593138
2025-07-23,82726.640625,82786.4296875,82279.7265625,82451.8671875,10100,52.45668375252668,52.66632151177841,36.51210383159211,88933600,632.8632633126728,82257.5615625,79248.7591796875,23.776212462005788,0.7650053943099696,0.0,-0.006557364663929867,0.0,0.0065683058945740225,-0.5774058577405858,0.13993324100708912,-0.3458470156986188,-0.16469994112939254,-1.8570091349661724,-1.3836240686707553,-1.3668366765592992,0.32622891533435167,-2.0207257364654727,1.1148845830105776,-0.43936701388902644
2025-07-24,82184.171875,82784.2421875,82047.21875,82779.953125,14000,46.95609284438163,29.015491096366336,36.780121846514774,88919600,640.3032757546247,82250.63015625,79247.19453125,-6.289425309267244,0.7791077784765044,0.0,-0.008773929438587532,0.0,-0.0065573646639298655,0.38613861386138604,-0.5364190737098534,-1.1401322449295437,-0.9732000209290028,-1.8148433702229534,-1.2173118066247657,-1.1643466457843434,0.03203187021021779,-1.9004816166906473,-1.2037385076480591,-0.08033718094146265
2025-07-25,81463.09375,82069.5078125,81397.6875,82065.7578125,10000,40.82758819336297,2.7087539473003055,28.130188851815003,88909600,650.74478284358,82233.28015625,79246.067734375,-87.29535176472564,0.7988215925614537,0.0,-0.007022447665142843,0.0,-0.008773929438587569,-0.2857142857142857,-1.4607869827346787,-1.9144947698470338,-1.785509181294644,-1.9633203249258278,-1.042398654258358,-0.9383767309896057,-0.2018568033366201,-1.7853989186185883,-1.563315422279953,-0.3337670211550648
2025-07-28,80891.0234375,81557.40625,80776.4375,81299.96875,5100,36.73163826090398,3.8132750955463695,11.845840046404321,88904500,660.0464947833243,82209.9121875,79245.2728515625,-195.4019532410457,0.8159700134011847,0.0,0.005525083853653029,0.0,-0.007022447665142817,-0.49,-2.0141350620791036,-2.2003038911037094,-1.6066579288951013,-2.145531406492075,-0.8858924175098701,-0.7340170571061215,-0.34175134827982134,-1.67266685824178,-1.1817819584549314,-0.3956644332389539
2025-07-29,81337.953125,81429.8828125,80575.453125,80620.25,12300,41.656226303194686,24.077719721527355,10.19991625479133,88916800,673.9310085488012,82212.9425,79243.7885546875,-242.22154396191763,0.8285566364242106,0.0,0.001769238645320287,0.0,0.005525083853653134,1.4117647058823528,-1.460690639384658,-1.4541733243615036,-0.9121561450163509,-2.0712872505218027,-0.6777419324162409,-0.5658256457596319,-0.16422651842744884,-1.5914213934057104,0.9799623307704082,0.3267562781303752
2025-07-30,81481.859375,81618.9609375,81187.0625,81594.5234375,7200,43.18955974540441,36.7667331100245,21.552575975699394,88924000,656.642967759601,82210.64703125,79243.86234375,-264.66349915391766,0.8058762684066462,0.0,-0.0036361621135379252,0.0,0.0017692386453203035,-0.41463414634146345,-1.2979809309577153,-1.197817198255876,-0.4994477155969251,-1.9371021427597799,-0.8199825157036389,-0.7327204192580781,-0.0938792249412479,-1.485212091373924,0.30358057177617065,-0.3737541650857838
2025-07-31,81185.578125,81803.2734375,80695.1484375,80695.5,9700,40.81144265375885,27.595272168336248,29.47990833329602,88914300,688.8916843482009,82215.31875,79241.733203125,-302.8650908382115,0.8485394823296405,0.0,-0.0072139890917356205,0.0,-0.0036361621135378996,0.3472222222222223,-1.6175817584449779,-1.3999698786382886,-0.7682454311186963,-1.872315302415193,-0.3985146781367827,-0.26208706831247136,-0.46373325617160926,-1.4419157934245082,-0.6212867845460738,-0.08493691698391408
2025-08-01,80599.90625,81317.5078125,80495.5703125,81074.40625,14700,36.52956863788628,4.554445315963578,22.972150198108093,88899600,698.394956894758,82192.8953125,79237.8259375,-376.06392231919745,0.8664959916063898,0.0,0.005196190907480119,0.0,-0.007213989091735651,0.5154639175257731,-2.049399840912259,-1.733739635826865,-1.3837777647210796,-1.8972458382376474,-0.2371974689882996,-0.027132121599018805,-1.1287140752594715,-1.4368355734544114,-1.2100853138049381,-0.03305037626729603
2025-08-04,81018.71875,81093.1875,80500.5078125,80765.828125,9900,41.274486619446236,22.83634007434437,18.328685852881385,88909500,690.8438662237039,82169.740625,79233.054296875,-395.71826125934604,0.8526966075030703,0.0,-0.003807376304627133,0.0,0.005196190907480025,-0.326530612244898,-1.5207027594214841,-1.1269817857107236,-0.7726057030112781,-1.7770711592317388,-0.27925124579584415,-0.11713285006031417,-1.4155242424279435,-1.4470839902209962,1.0330345434610593,-0.3494413484394108
2025-08-05,80710.25,81010.4921875,80554.3984375,80946.4296875,10900,38.96403235081191,9.37114210687856,12.25397583239549,88898600,674.6636123862964,82152.91296875,79227.5049609375,-431.21454377644113,0.8359082178363918,0.0,-0.002059934302024836,0.0,-0.0038073763046271303,0.101010101010101,-1.7019004682187822,-1.2862776562596108,-1.108700350665997,-1.711591442404931,-0.436684700335546,-0.24594108327489092,-1.809266639059875,-1.4676239234250412,-0.607636376860959,-0.03368660715859046
2025-08-06,80543.9921875,80834.4296875,80448.8203125,80694.9765625,5300,37.73786815249375,4.071333560595427,12.092938580606107,88893300,654.0168811444181,82137.54640625,79222.718125,-467.37362715849304,0.8119995835591547,0.0,0.0009841283359220132,0.0,-0.0020599343020248906,-0.5137614678899083,-1.6995866985441612,-1.3177572626061254,-1.1890162157019173,-1.6522386269565361,-0.6803793539499782,-0.49360314733346733,-1.8681943391531672,-1.464171458811535,-0.22908858257011142,-0.9949134044050573
2025-08-07,80623.2578125,80737.546875,79811.2890625,80262.9765625,37500,38.72786824721283,27.29177717439827,13.578084280624074,88930800,673.4626619555311,82117.35109375,79220.8013671875,-484.05401439903653,0.8353205765038137,0.0,-0.009494391206321609,0.0,0.0009841283359219855,6.0754716981132075,-1.510196885924523,-1.146536004127892,-0.43593715591087817,-1.5572790921778503,-0.330519160902218,-0.09572800786919568,-0.19276717638566437,-1.399965583655059,0.49861855986859577,4.537158206683266
2025-08-08,79857.7890625,80550.3984375,79775.84375,80478.0078125,23200,33.23244871416739,2.721905775194301,11.361672170062654,88907600,685.8877619944217,82085.48671875,79213.9665625,-552.6694429846539,0.8588864906560556,0.0,0.009345225697595052,0.0,-0.009494391206321562,-0.3813333333333333,-2.019100829204748,-1.6468314655743743,-1.1593601798905733,-1.5892322509908237,-0.03149463912900333,0.3924370274515732,-1.1381158153388,-1.423982401456935,-1.6786156682636482,-0.5523662447516011
2025-08-11,80604.078125,80636.046875,79772.4609375,79885.359375,8600,41.88995416258268,27.592097214013915,19.201926721202152,88916200,698.5804888162487,82070.09328125,79211.2305859375,-540.5967117570399,0.8666813206806944,0.0,-0.0045715351328571505,0.0,0.009345225697594994,-0.6293103448275862,-1.2722956533313499,-0.6452448178443501,-0.2857245900059786,-1.4510850087783869,0.3494621478262538,0.6897200827248449,-0.7156205286336783,-1.3688429096527062,2.107603065926296,-0.7341795926613716
2025-08-12,80235.59375,80997.671875,80164.359375,80508.5078125,10300,39.188005059142306,15.377372194610748,15.230458394606309,88905900,708.2042039008023,82060.055,79211.3049609375,-554.3721378692426,0.8826559022015118,0.0,0.003792736936030962,0.0,-0.00457153513285713,0.19767441860465107,-1.493819278306261,-0.9018585038953321,-0.6604647775994708,-1.387939899474493,0.6993389292749564,1.1321080946428739,-1.095232914152425,-1.2721189446193593,-0.6323708610823874,-0.03909753973047644
2025-08-13,80539.90625,80683.7421875,80319.0,80492.171875,12300,42.48726617811929,33.41008495962887,25.459851456084497,88918200,689.6287920150307,82050.888125,79213.594609375,-534.5715784087661,0.8562572569607761,0.0,0.0007170358483003573,0.0,0.0037927369360308827,0.1941747572815533,-1.1490139025922297,-0.4579626689301729,0.06388169134929961,-1.2616124821559946,0.361725971255823,0.6959301423232734,-0.5047465178244179,-1.1488932556651066,0.9708412693597034,-0.05954733534607819
2025-08-14,80597.65625,80751.1796875,80489.859375,80625.28125,7200,43.11796129982588,40.63375188502139,29.807069679753653,88925400,659.0353291925286,82034.00046875,79216.257109375,-508.35949816585344,0.8176854760494708,0.0,0.008388503853050937,0.0,0.0007170358483004069,-0.41463414634146345,-1.029063516668858,-0.3291186558202952,0.40305196365771445,-1.131020104660184,-0.5080586574787175,-0.17426691900243688,-0.15185865836525067,-1.0313065744482153,0.3485744390301219,-0.5453049458774257
2025-08-18,81273.75,81765.7734375,81202.421875,81315.7890625,19300,50.027179913273606,73.92553780814329,49.32312488426451,88944700,695.3983190716336,82015.695625,79225.6144140625,-428.09629286822747,0.8556247485462817,0.0,0.0045603977298943384,0.0,0.0083885038530509,1.6805555555555554,-0.37147257763677505,0.6470948090282113,1.7750557123126915,-0.8814286155698994,1.0080706065087743,1.0287692084795015,0.7501008733464541,-0.8008961994902071,1.7266904742528613,1.0871092757936787
2025-08-19,81644.390625,81755.8828125,81315.4375,81319.109375,10900,53.37098392149542,92.17639183824208,68.91189384380225,88955600,680.1650686022313,81999.67921875,79233.811171875,-330.7666514770099,0.8330824241512077,0.0,0.0026144248657621726,0.0,0.00456039772989425,-0.43523316062176165,0.033170538269924485,1.1971708771428664,2.3948348412413014,-0.5862077895549948,0.46054158539901074,0.37621814563210465,1.2735988417237132,-0.5931538121756547,0.9682725549725337,-0.5926969752829032
2025-08-20,81857.84375,81985.6171875,81494.5,81671.46875,9400,55.22895261242761,94.22664181528077,86.77619048722204,88965000,666.6616485235005,81989.00171875,79241.255234375,-233.71421418784303,0.8144138887405039,0.0,0.001745308463491014,0.0,0.0026144248657622438,-0.13761467889908252,0.33015935659102946,1.6094558335567357,2.4090485109907753,-0.27202555907226983,-0.09851661815432375,-0.1868894746845713,1.7905803499800206,-0.39225121679829195,0.6162972815276826,-0.3179441880015259
2025-08-21,82000.7109375,82231.171875,81921.21875,82220.4609375,10100,56.47891379742223,90.62675754253848,92.34326373202043,88975100,645.7092539861077,81978.713125,79251.547890625,-143.61575731814082,0.7874434826281687,0.0,-0.00846162633307962,0.0,0.0017453084634910798,0.07446808510638303,0.5832373363840154,1.8927630703548888,2.1930608233554008,0.05918989503847639,-1.0198057333198978,-0.9957016063664629,2.212361951625043,-0.10963121281454243,0.4316524689745378,-0.1632675472095312
2025-08-22,81306.8515625,81993.609375,81291.7734375,81951.4765625,6700,49.282506877905476,62.406304116422795,82.41990115808068,88968400,650.2255572728143,81971.010625,79261.1368359375,-126.73975683822937,0.7997180370131421,0.0,0.004047072063134286,0.0,-0.008461626333079675,-0.3366336633663366,-0.1598563140609741,0.8016719545700027,1.151236571436645,0.19901930874750692,-0.7618597346677304,-0.5943742776151698,1.8444197550784367,0.20273588613710083,-1.3788900320373314,-0.48682524274351596
2025-08-25,81635.90625,81799.0625,81364.859375,81501.0625,9700,52.38127074362702,75.78952385491635,76.27419517129253,88978100,638.9387987176133,81981.35671875,79270.69578125,-85.82411464644247,0.7826688378529678,0.0,-0.010404333417931524,0.0,0.0040470720631342605,0.4477611940298507,0.29577739698970046,1.2778125405237888,1.5246131622651093,0.43521692296762854,-1.1983203830182674,-1.0577845493131999,2.100505942152002,0.5841818895359164,0.8010185968210186,0.14623208682926664
2025-08-26,80786.5390625,81450.28125,80685.9765625,81377.390625,20500,44.776398178548,41.2443003987735,59.81337612337088,88957600,661.1524336306409,81961.16453125,79280.717265625,-120.54543427228054,0.8183943034360519,0.0,-0.008738692834134554,0.0,-0.010404333417931566,1.1134020618556701,-0.743286418722775,0.02441466231278063,0.2538761079960654,0.39343459910809764,-0.1703674502078119,0.02772869178744064,1.15207856333442,1.0523592228303698,-1.7059956216309278,0.6685612953173088
2025-08-28,80080.5703125,80775.7109375,80013.0234375,80754.65625,7800,39.62673438626607,12.531337877126925,43.18838737693892,88949800,669.1783758713093,81931.11,79283.736953125,-202.6916056683258,0.8356313813200397,0.0,-0.0033831162033783747,0.0,-0.008738692834134532,-0.6195121951219512,-1.5569155446611298,-0.7770798376012396,-0.7606998568133201,0.14012129255863823,0.18242888621471232,0.5165428617601329,0.806369538872687,1.343732024674721,-1.3156124151770543,-0.716290927393149
2025-08-29,79809.6484375,80310.7421875,79741.7578125,80010.828125,12500,37.82871413878717,2.7271728726325533,18.834270382844316,88937300,662.0216615233586,81898.40984375,79280.89453125,-286.3532672388101,0.8295007865393577,0.0,0.006952088636682888,0.0,-0.003383116203378389,0.6025641025641026,-1.7859679641345254,-1.006732601555563,-1.058312330395096,-0.1590387568509744,-0.17340477084665998,0.286238941172321,0.3040376765827103,1.425613660628292,-0.3808077196852357,0.24022773406005793
2025-09-01,80364.4921875,80406.84375,79818.3828125,79828.9921875,6000,43.484407893753655,25.015299157369487,13.424603302376312,88943300,657.3912080216902,81878.46234375,79285.008046875,-304.3758281018527,0.8180120226329779,0.0,-0.0025709037583159927,0.0,0.0069520886366829515,-0.52,-0.9988432077160718,-0.05029316455865746,-0.29288768156664946,-0.18232845780022372,-0.43209449432581937,-0.12230350201637327,0.5515986167395956,1.7112314378056936,1.2790610387356935,-0.6375318270518568
2025-09-02,80157.8828125,80761.140625,80008.5,80520.09375,8200,41.953910848715665,16.715780884683582,14.819417638228531,88935100,664.1947378058552,81833.4565625,79288.365859375,-331.50905723271717,0.8286081349721965,0.0,0.005112761348233744,0.0,-0.0025709037583160343,0.3666666666666667,-1.1871402269746143,-0.30644690450189316,-0.6049948610086034,-0.26574334591629795,-0.14339887162620413,0.18025473932755892,0.20252046593259382,1.8270383225017535,-0.3240259951071239,0.057481824297097965
2025-09-03,80567.7109375,80671.28125,80004.6015625,80295.9921875,17100,46.01296486353003,33.17861570085832,24.969898580970455,88952200,664.3722342125799,81806.875,79293.723671875,-316.2965623097989,0.824613516360125,0.0,0.0018654728209492267,0.0,0.005112761348233796,1.0853658536585367,-0.5991200870964416,0.37598851475922895,-0.021919867642900166,-0.1266025295171153,-0.15740982582752008,0.012488864431167849,0.9091335564614532,1.9093249009934576,0.9696488171679116,0.6219685607373844
2025-09-04,80718.0078125,81456.671875,80608.9375,81456.671875,17000,47.46388235677836,39.21605548494406,29.70348402349531,88969200,680.4142844473956,81780.13296875,79303.9378125,-288.7839274008438,0.842952276557582,0.0,-8.98188668982148e-05,0.0,0.0018654728209492877,-0.005847953216374324,-0.34404612893022474,0.6126964069326024,0.1816359004649809,0.09171336471392967,0.5826939018973679,0.5820258288993486,1.494711288160585,2.0795686830546494,0.41081245461324295,-0.23005433150852073
2025-09-05,80710.7578125,81036.5625,80321.1875,81012.421875,8200,47.397708975174616,38.924822294402865,37.10649782673507,88961000,682.9114784154389,81739.23796875,79319.0368359375,-264.5158068607707,0.8461220002442766,0.0,0.0009483130201528859,0.0,-8.981886689818364e-05,-0.5176470588235293,-0.29355346797646853,0.6496986031485118,0.18897713386061962,0.31879821928971397,0.6625085634120776,0.6522864141851309,1.1041587775280348,2.2972913054161164,0.12324381168023506,-0.6389431142217222
2025-09-08,80787.296875,81171.3828125,80733.0703125,80904.3984375,8700,48.218484954486335,41.999403725148674,40.04676050149852,88969700,667.0338728143361,81679.8665625,79335.0717578125,-236.38221675829845,0.8256667800711535,0.0,0.0038870397902516776,0.0,0.0009483130201528578,0.060975609756097615,-0.10356595951801324,0.7797106577837867,0.28398423987079846,0.591626181934268,-0.2626240873032678,-0.2145818219095258,1.3416388039394265,2.428456363817664,0.2632246348093973,-0.17005156719448292
2025-09-09,81101.3203125,81181.3671875,80927.96875,81129.6875,6300,51.55816004315457,54.613755119333426,45.17932704629498,88976000,647.5364756490263,81620.715,79353.8833203125,-186.5961130682408,0.7984290183611508,0.0,0.003992883515980059,0.0,0.003887039790251734,-0.27586206896551724,0.4756075997019576,1.2584640440671617,0.6862971585143356,0.9929595909373141,-1.360845632088435,-1.345718443297422,1.4631401213212574,2.5296579098749086,0.7243818849560025,-0.4381581998193848
2025-09-10,81425.1484375,81643.8828125,81235.421875,81504.359375,11800,54.79591747140864,67.62196174426086,54.745040196247636,88987800,640.0383345312387,81577.08875,79373.1171484375,-119.63101202255348,0.7860450325399367,0.0,0.0015176898952153047,0.0,0.00399288351598015,0.873015873015873,1.002554177973694,1.6575346960929807,1.0880659665363448,1.4251052430422884,-1.6717288643679438,-1.730737976735926,1.7447038289629677,2.5585600313926853,0.6907567417948465,0.4406037744341885
2025-09-11,81548.7265625,81642.21875,81216.90625,81217.296875,13500,56.00441155457122,80.24368835368118,67.49313507242515,89001300,624.7007749218645,81534.1175,79395.0818359375,-55.94407659333956,0.7660460208941287,0.0,0.004365200751812782,0.0,0.0015176898952153905,0.14406779661016955,1.1910180935912702,1.6905827994519118,1.4338452568078521,1.7381954076493742,-2.1980088216333615,-2.215429203362936,1.9976331555201663,2.5778171498308105,0.26465219987633143,-0.10858514261731973
2025-09-12,81904.703125,81992.8515625,81641.3828125,81758.953125,11100,59.37370311376645,96.0841951828972,81.31661509361307,89012400,611.8025052845885,81504.0178125,79409.0198046875,22.9876251143869,0.7469687111262434,0.0,-0.0014524310932236225,0.0,0.004365200751812681,-0.1777777777777778,1.7207202909356245,1.978252699721391,1.8102325878359495,2.0367925342492743,-2.4615698056208988,-2.5174973168294152,2.101672509748239,2.444023052301711,0.7731026558510753,-0.37633554795948976
2025-09-15,81785.7421875,81998.5078125,81744.703125,81925.5078125,10500,57.781187915098556,90.57203389830508,88.96663914496115,89001900,586.2312325856893,81474.94328125,79417.3992578125,75.0769733171328,0.7167890354796926,0.0,0.0072744380204564614,0.0,-0.0014524310932235718,-0.05405405405405406,1.4397613049505105,1.6030055456184402,1.498688282827979,2.094963261897555,-2.914641776934938,-2.8449916241,1.6275340294972742,2.261384262892334,-0.31901873733630626,-0.26483004179303005
2025-09-16,82380.6875,82443.4765625,81779.9375,81852.109375,8200,63.110268589969685,97.6759585911746,94.77739589079228,89010100,591.7532204367116,81453.89921875,79429.2823828125,162.49216309629264,0.7183154673681396,0.0,0.0037997186840665782,0.0,0.007274438020456353,-0.21904761904761905,2.119633939269129,2.104157691012551,1.597603800011047,2.2602407755025657,-2.3723368219798684,-2.4361482557374385,1.7356062805285872,2.160843993529837,1.2273228617282597,-0.37793761604940995
2025-09-17,82693.7109375,82741.953125,82490.46875,82506.3984375,14600,65.5725391434892,98.39203176876505,95.54667475274823,89024700,575.2898207626607,81438.9234375,79441.580546875,254.0986154805869,0.695687512678522,0.0,0.0038727249795579414,0.0,0.0037997186840665886,0.7804878048780488,2.262004220162018,2.1447147673421467,1.4937544383521957,2.361977988509359,-2.517217662637628,-2.550464869652385,1.9663331708652776,2.0806250007294795,0.5869748796406832,0.40074370944424886
2025-09-18,83013.9609375,83141.2109375,82704.921875,83108.921875,14600,67.93091900694617,96.17043087354992,97.41280707782984,89039300,566.1619764224707,81424.9525,79461.431640625,348.5213503630803,0.6820081466161165,0.0,-0.004670712861080313,0.0,0.00387272497955804,0.0,2.331062550474191,2.15855513578102,1.3307291153096887,2.4145533794980945,-2.4065530266480812,-2.4431604945747694,2.1583371047128512,2.091836512166434,0.5565542773487345,-0.22805700975194845
2025-09-19,82626.2265625,82978.6328125,82485.921875,82946.0390625,9700,62.360966962124515,83.58149474701484,92.71465246310993,89029600,563.4389111422943,81406.75546875,79475.548828125,387.5971457797132,0.681912916253169,0.0,-0.0056429759883481305,0.0,-0.0046707128610803395,-0.3356164383561644,1.69765188772167,1.4230171285324118,0.8897409124379737,2.263711943781997,-2.1846959948908236,-2.1557296860180957,1.7764060435000228,2.0329823877479356,-1.0403450909767407,-0.5057739515259432
2025-09-22,82159.96875,82583.15625,81997.2890625,82151.0703125,10300,56.3748416911928,68.71646832019049,82.82279798025174,89019300,568.1173817749875,81386.14921875,79485.10828125,376.600668305211,0.6914771152161466,0.0,-0.0007043233874160888,0.0,-0.005642975988348176,0.061855670103092786,1.0846073816238078,0.697896104598242,0.3866294251758443,1.998003222338767,-1.8633810559443067,-1.7965681464363348,1.3849881546398852,1.9375524399208355,-1.1531984627661376,-0.04487031686405944
2025-09-23,82102.1015625,82370.3828125,81776.53125,82147.3671875,9300,55.66071920132731,63.15245606890457,71.81680637870328,89010000,569.9555375410598,81378.181875,79491.3900390625,359.0772630952124,0.6942033476538755,0.0,-0.004707172443153623,0.0,-0.0007043233874161059,-0.09708737864077666,0.959388794075402,0.5674641247196797,0.1555075863236451,1.7797888823735264,-1.666204123124508,-1.6104324323423242,1.072489948469687,1.8306258141950063,-0.3209507069708376,-0.34381116475191964
2025-09-24,81715.6328125,82045.46875,81607.84375,81917.6484375,15100,51.01304856095113,49.448004366098466,60.43897625173116,88994900,564.5485571809842,81367.4253125,79495.1865625,310.4266349324462,0.6908697121349655,0.0,-0.006803510000046847,0.0,-0.004707172443153662,0.6236559139784945,0.4681281412148012,-0.039534855048736356,-0.3310112391456537,1.4991462873799661,-1.6518733640132384,-1.5437717140160772,0.6027436512437485,1.7206752970567818,-1.0438531400133915,0.8739588976122463
2025-09-25,81159.6796875,81840.7265625,81092.890625,81574.3125,14800,45.16993326453048,17.715301613667183,43.43858734955672,88980100,577.6405129180567,81339.20078125,79492.1556640625,224.42288340967207,0.7117333571820681,0.0,-0.009034273580467671,0.0,-0.006803510000046864,-0.019867549668874163,-0.22878010626180742,-0.8211416464302181,-1.4148998371635277,1.1272736171660938,-1.2811841232653656,-1.1369052635953922,0.11349766397156423,1.5660659498988705,-1.424610701093815,-0.2723180128064391
2025-09-26,80426.4609375,81033.09375,80332.40625,80956.0078125,10700,38.84972741058566,3.3485663107360506,23.50395743016722,88969400,595.4714361024813,81295.04046875,79485.7423828125,95.99311645128182,0.740392439455003,0.0,-0.0007649651219616678,0.0,-0.009034273580467711,-0.277027027027027,-1.1067226007334008,-1.5862721710520926,-1.7851222600089265,0.6104630310362907,-0.8188814217520614,-0.6084013933993074,-0.2877072816442599,1.4005510084550092,-1.7008694033652385,-0.7008738304131774
2025-09-29,80364.9375,80851.3828125,80248.84375,80588.7734375,8600,38.36465697224488,4.013797089862056,8.359221671421748,88960800,595.976266559447,81257.154375,79480.024765625,-10.630287051157211,0.741587419960909,0.0,-0.0012109797571857753,0.0,-0.0007649651219616693,-0.19626168224299068,-1.1599542457458678,-1.5842566667924507,-1.6479240599874547,0.15134220203363613,-0.756587629422666,-0.5467431284206062,-0.6404366848398356,1.2591786597251455,-0.12891007446196148,-0.5756261970831121
2025-09-30,80267.6171875,80677.8203125,80201.1484375,80541.7734375,7100,37.56564143134575,2.2607937756425245,3.2077190587468625,88953700,587.4545243052008,81227.3521875,79473.8126171875,-101.80944250691391,0.731869893350571,0.0,0.008916364252201254,0.0,-0.0012109797571857595,-0.17441860465116277,-1.2038117783496334,-1.559668433068774,-1.563252927226338,-0.26711012336914286,-0.8959120023388824,-0.6613144398974643,-0.906527709700118,1.122677252995279,-0.16015398763718003,-0.4988166050646775
2025-10-01,80983.3125,81068.4296875,80159.8984375,80173.2421875,22300,46.405642844964,27.61917989140689,11.297923585637143,88976000,610.3885761405436,81203.0115625,79471.0984765625,-114.9933776359976,0.7537214239545259,0.0,0.0027642654775327942,0.0,0.008916364252201214,2.140845070422535,-0.3467200425019144,-0.49182759024378486,-0.7522648924853493,-0.360834397936557,-0.30552234668982364,-0.2344496230209658,-0.15235336885229553,1.0290655643861284,1.7466267917139042,3.3413678735654604
2025-10-03,81207.171875,81251.9921875,80649.5703125,80684.140625,13600,48.8453923347216,35.12793232846271,21.669301998504025,88989600,609.8195260590762,81183.41875,79470.68453125,-106.15447777831287,0.7509429425737851,0.0,0.007178495433843108,0.0,0.0027642654775328346,-0.3901345291479821,-0.0616715654114875,-0.18171018312738083,-0.4778090164672433,-0.345195713171077,-0.278489596508289,-0.24943398766640926,0.30119937460869833,0.9641162724097687,0.5740655601822432,-0.8774228187304868
2025-10-06,81790.1171875,81846.421875,81155.8828125,81274.7890625,8800,54.63659810604382,54.681243579799165,39.14278526655624,88998400,615.5852072334279,81164.68828125,79468.96953125,-51.516916177250096,0.7526400846476693,0.0,0.001670529609179746,0.0,0.0071784954338431906,-0.3529411764705882,0.6339531383060321,0.509983399702904,0.16942670169255453,-0.12308086015797694,-0.11052372470286764,-0.19776659256686488,0.5831997208741034,0.8875472288514673,1.3382248818635558,-0.783498705730951
2025-10-07,81926.75,82309.5625,81787.4765625,81883.953125,13900,55.89687360224055,59.264218779480515,49.69113156258078,89012300,608.9066879667545,81159.53984375,79469.8604296875,2.776861187434406,0.7432330563176917,0.0,-0.0018686662170780606,0.0,0.0016705296091796829,0.5795454545454546,0.7627849240100901,0.6287135841798797,0.319074853869547,0.09395830293505797,-0.24576631290870318,-0.3373869852935813,1.0081689987783824,0.8423662647081617,0.27070964748584814,0.6981325430648105
2025-10-08,81773.65625,82257.7421875,81646.078125,81899.5078125,15200,54.08380494300566,54.12910630804386,56.024856222441166,88997100,609.1036432905577,81165.75109375,79475.3064453125,33.070468966747285,0.7448653652325319,0.0,0.004872538795157517,0.0,-0.001868666217078041,0.09352517985611519,0.5770790779838939,0.40808764719448426,0.18061153575403233,0.2086858258544455,-0.21644636002813678,-0.28451835289706784,0.45511054837067516,0.8519212803417912,-0.37617164634290673,-0.0818256443707108
2025-10-09,82172.1015625,82247.7265625,81667.6796875,81900.0,23200,57.910278602990296,71.38675935010727,61.59336147921053,89020300,607.0281598412322,81191.37265625,79485.2559375,88.21271686829277,0.7387278021355306,0.0,0.004000369270706517,0.0,0.004872538795157588,0.5263157894736843,0.9760191198496221,0.802882852116636,0.6996585463373728,0.41877900116121414,-0.2281730572678115,-0.35521822818406334,1.1763808938407447,0.9170939143468035,0.8900376358500465,0.6915888822599306
2025-10-10,82500.8203125,82654.109375,82072.9296875,82075.453125,13700,60.81181749492735,93.85420614610707,73.12335726808605,89034000,605.181840388287,81214.63,79501.6698046875,156.63263796643878,0.7335464521394507,0.0,-0.0021063237534096487,0.0,0.004000369270706461,-0.4094827586206896,1.2719731635778428,1.0721610041130194,1.323586988605711,0.6680508594722918,-0.22848062484144843,-0.40318516262261145,1.5279764941384335,1.0646128149676437,0.6619832397877077,-0.9401627257054131
2025-10-13,82327.046875,82438.5,82043.140625,82049.15625,9000,58.51532227809676,86.8871355231959,84.04270033980339,89025000,594.645972324838,81231.53375,79523.0970703125,194.5907334083895,0.7222972217474404,0.0,-0.003608416963516888,0.0,-0.002106323753409689,-0.34306569343065696,1.0190414970172958,0.7488456494685942,1.0400779173029966,0.7785648683254014,-0.46374893003932766,-0.5717740531036429,1.1618006943884884,1.2808561895339696,-0.7017665443885146,-0.7707938398525759
2025-10-14,82029.9765625,82573.3671875,81781.6171875,82404.5390625,12600,54.71152857941459,74.97674302055698,85.23936156328664,89012400,608.7248314444925,81248.42171875,79540.54609375,198.4145070918894,0.742076076275232,0.0,0.007015156521001231,0.0,-0.0036084169635168806,0.3999999999999999,0.607095216190676,0.23908359840312432,0.6030925797276864,0.742014082116285,-0.03099355521581508,-0.12646166435256828,0.6702943228966246,1.4486772337172995,-0.9720228872535881,0.47947186164573696
2025-10-15,82605.4296875,82727.0234375,82084.3671875,82197.25,10600,60.119598067192086,95.26342698544092,85.70910184306457,89023000,615.0335488413145,81288.5321875,79561.20890625,245.05429978301981,0.7445437317716447,0.0,0.010437892106630778,0.0,0.0070151565210012645,-0.15873015873015872,1.258675040813411,0.8613990912049679,1.193936170159386,0.9026000460664659,0.20385217539788295,-0.017554049413531902,1.0229672930601141,1.6619443572028765,1.3259296333063544,-0.48000609071247663
2025-10-16,83467.65625,83615.4765625,82791.3515625,82794.7890625,27400,66.56253740841217,95.72226969980602,88.65414656860128,89050400,643.2487864240777,81337.5109375,79586.1848046875,347.58441243525886,0.7706563420176036,0.0,0.005805018036552332,0.0,0.01043789210663082,1.5849056603773586,2.1251210813804144,1.5560383520714214,1.1290064920494889,1.3227280890160154,1.0964208961214998,0.6262687112828981,1.947458249402901,1.9260872461641323,1.9306320180494756,2.4257036560275282
2025-10-17,83952.1875,84172.2421875,83206.078125,83331.78125,14300,69.5405819878099,94.51555745940263,95.16708471488317,89064700,666.3141632866436,81402.3496875,79612.450390625,462.6052623771975,0.7936829082466059,0.0,0.004897784080968706,0.0,0.005805018036552312,-0.4781021897810219,2.3738556506410684,1.7539953182067167,1.0191361895976865,1.7688000217406445,1.8751834879899776,1.2875853529274703,2.2193853019183845,2.1755526963800342,0.9220111151019753,-0.9690646125334432
2025-10-20,84363.3671875,84656.5625,84196.7890625,84269.296875,10900,71.83319138016262,93.47971499705511,94.57251405208791,89075600,669.0327944804548,81478.7371875,79643.0265625,580.2501168915187,0.793037092738973,0.0,0.0007464918079909351,0.0,0.004897784080968748,-0.23776223776223782,2.4589008042186107,1.8364839228318341,0.922315811954632,2.1486903083285736,2.0445997863456964,1.4508465213017367,2.3253329796283784,2.412755393285914,0.6961981256608479,-0.5981206727052477
2025-10-21,84426.34375,84665.4375,84286.3984375,84484.671875,3400,72.17858920469261,94.69333754111692,94.22953666585822,89079000,648.3189564818509,81554.79890625,79674.4632421875,670.8332458769,0.7679107345944386,0.0,0.0015404514956269203,0.0,0.0007464918079909122,-0.6880733944954128,2.2325873785632675,1.7111170297866785,0.9005772342948603,2.3227111562089275,1.4394189621425464,0.8955266032565337,2.176875813846036,2.567340587655674,-0.15001114037698324,-1.266834227950938
2025-10-23,84556.3984375,85290.0625,84445.25,85154.1484375,25700,72.91718610723572,84.18995156427036,90.78766803414744,89104700,663.7046560188617,81648.77109375,79704.708203125,744.532843419569,0.7849254087015544,0.0,-0.004074388589937984,0.0,0.0015404514956269821,6.5588235294117645,2.09533171626555,1.638208542900303,0.5279286758118006,2.3618251484228483,1.8844702783224578,1.4555332699497738,2.562369823553583,2.618476859923099,0.02815845245778987,4.691261847705488
2025-10-24,84211.8828125,84707.4375,83957.1484375,84667.2265625,13600,67.78360318949095,73.92034771105966,84.26787893881563,89091100,669.8892564818001,81720.9271875,79726.0490625,766.307260657617,0.7954806781524246,0.0,0.006732552682171394,0.0,-0.004074388589938027,-0.4708171206225681,1.6378591277357293,1.039855793422194,0.18971347678221745,2.190893964063959,1.953355474573058,1.7432317521410958,1.9499554673924582,2.5291099259529943,-1.0518969536753813,-0.5638913711993949
2025-10-27,84778.84375,84932.078125,84294.203125,84297.390625,12000,71.3574157975188,85.97088523465472,81.36039483666156,89103100,673.4825461973858,81811.7921875,79753.827734375,819.8617961215205,0.7943993057789087,0.0,-0.0017774186735119279,0.0,0.006732552682171322,-0.11764705882352944,1.904948220754207,1.3109154157884082,0.5703352332563679,2.1418287244907632,1.891751073235967,1.6218640959813777,2.024009896707053,2.4834535743452477,1.072893451987033,-0.2918717975427035
2025-10-28,84628.15625,84986.9375,84219.390625,84625.7109375,12900,69.16143969733884,81.83564522007589,80.5756260552634,89090200,680.2014268261439,81893.5571875,79787.1435546875,840.4566681103752,0.8037530970387221,0.0,0.0043599740186942805,0.0,-0.001777418673511888,0.07499999999999996,1.6332954265305264,1.0409402582331875,0.45758028188452377,1.988284911962525,1.8892353206517587,1.739841650385293,1.5653485274646,2.4638331725212415,-0.5701770058451585,-0.15403096931375485
2025-10-29,84997.1328125,85105.828125,84638.6796875,84663.6796875,13600,71.47618071703255,91.91334260727034,86.57329102066696,89103800,665.7350302671337,81981.54671875,79821.133671875,876.4484255875577,0.7832441027578145,0.0,-0.006972845499475948,0.0,0.004359974018694368,0.054263565891472965,1.7393987493174348,1.190093236118907,0.7826614832547423,1.9036812795883147,1.382086569544347,1.0954321993497427,1.7201388814669372,2.4281323950436913,0.6050480134962745,-0.17241261255614432
2025-10-30,84404.4609375,84906.953125,84312.6484375,84750.8984375,14200,63.2622142923604,74.75800579405497,82.83566454046705,89089600,667.0742691766242,82044.1609375,79852.413515625,847.3804116384854,0.7903305841507369,0.0,-0.005518073272748932,0.0,-0.006972845499475966,0.044117647058823595,1.2289762508249311,0.41281229009119547,0.25472254316661563,1.651071621841696,1.3166803804445426,1.201344858196282,1.3002475472747497,2.360249963963076,-1.5136519356692941,-0.18698444724195618
2025-10-31,83938.7109375,84712.7890625,83905.65625,84379.7890625,13300,57.65494544826445,61.482895067927615,76.05141448975097,89076300,677.0784508425796,82090.04734375,79884.006015625,777.7957236540096,0.8066343207804633,0.0,0.0004739321054098717,0.0,-0.005518073272748891,-0.06338028169014087,0.8611443641379285,-0.0930064134116,-0.1451792132895734,1.3314165451104085,1.4613801812926301,1.5235450251543503,0.9529535662365514,2.2927391048162113,-1.149782826729883,-0.24704999186453663
2025-11-03,83978.4921875,84127.0,83609.5390625,83835.1015625,1300,57.9973925436311,62.616766240388706,66.28588903412374,89077600,665.6771998895382,82132.4603125,79917.0039453125,717.5874698353582,0.7926758179978644,0.0,-0.006184247138427463,0.0,0.00047393210540991326,-0.9022556390977443,0.8557805368406772,-0.02929082433194653,-0.07080407354474424,1.084510254509183,1.0991542111250494,1.096445991768422,0.9387259215476236,2.2313021854584885,0.0145433642797717,-0.8462087264044248
2025-11-04,83459.1484375,84068.0078125,83412.7734375,84000.640625,9500,52.07641961452781,42.88558693146231,55.66174941325952,89068100,664.9312838259997,82161.6290625,79952.6496484375,620.8089949650748,0.7967146757122096,0.0,-0.001775007626766501,0.0,-0.006184247138427468,6.3076923076923075,0.4794026421377336,-0.5662387687615837,-0.6992028407345001,0.7613147499522585,1.0182162749702295,1.157671287194592,0.7018185242063668,2.182945310095876,-1.2410268292017281,3.370705830104254
2025-11-06,83311.0078125,83846.3515625,83237.6484375,83516.6875,17900,50.492916190202656,20.796973439429706,42.09977553709356,89050200,660.9149867669996,82201.7121875,79986.7065234375,526.0931714061298,0.7933105169660855,0.0,-0.001137023365666058,0.0,-0.0017750076267665227,0.8842105263157896,0.35252608840195526,-0.6940629798758574,-1.354331859657378,0.46196318583628154,0.8561142837461448,1.0096714845729347,0.300356573472809,2.1244322980402397,-0.43655568735213796,0.23097773280015213
2025-11-07,83216.28125,83390.109375,82670.953125,83150.1484375,15900,49.457319270057596,20.82112836543911,28.16789624544369,89034300,665.0750769979282,82233.3196875,80019.1675390625,438.3337186587596,0.7992126865173134,0.0,0.003834229404477264,0.0,-0.0011370233656660123,-0.11173184357541899,0.2632979624606571,-0.7656246447340289,-1.2688170492424211,0.19302360687581832,0.9148921182058658,1.1424716416164329,-0.05455180696176674,2.0609604717034986,-0.3098273773600913,-0.3423521312049358
2025-11-10,83535.3515625,83754.4921875,83197.671875,83198.203125,11900,52.957196387165524,33.003525769136694,24.87387585800182,89046200,657.3425938195048,82288.2959375,80051.6301953125,390.0339590286603,0.7869034863972413,0.0,0.00402187509498458,0.0,0.0038342294044773073,-0.2515723270440252,0.44314392662762214,-0.44233326442101223,-0.850552640360463,0.04163212081210425,0.6478751892193853,0.7116130227976454,0.16517195042483387,2.0025428401582057,0.6050812212397663,-0.4049457354049643
2025-11-11,83871.3203125,83936.46875,83124.03125,83671.5234375,16500,56.38215916631343,45.83112102754395,33.21859172070657,89062700,668.4208014038259,82364.1109375,80087.89015625,374.5483614947734,0.7969599130111773,0.0,0.007096436514679435,0.0,0.004021875094984528,0.38655462184873945,0.6240934544671756,-0.15675598246889794,-0.4864804669039104,-0.019362960642548308,0.9314563474648704,1.0213877224471752,0.47450884083519257,1.9649633533591597,0.5911231182601656,-0.04630542442671886
2025-11-12,84466.5078125,84652.0078125,84166.75,84238.859375,9100,61.70178185529977,68.5559260960608,49.130190964247134,89071800,676.4398513035527,82457.248125,80124.8555078125,405.62675816773844,0.8008379520142159,0.0,0.00014401048196525378,0.0,0.007096436514679505,-0.4484848484848485,0.989284138545917,0.30567283778789417,0.1982658434572684,0.04314083519539914,1.1135902946393355,1.0913538524478563,0.6256178144681102,1.9316440161895085,1.1703556204645773,-0.5223581627423914
2025-11-13,84478.671875,84919.4296875,84253.046875,84525.890625,25600,61.804309400121745,74.24277426972637,62.876607131110354,89097400,675.7214913890132,82539.53171875,80168.0570703125,426.32375475573645,0.7998722948543197,0.0,0.0009956285194025489,0.0,0.0001440104819652177,1.8131868131868134,0.955009069537155,0.25632384206111664,0.3413385628833887,0.06336771265111388,1.0263843813036269,0.9878451196492795,1.1658775978582874,1.9227256247098823,-0.3298361146087423,0.732418920684818
2025-11-14,84562.78125,84697.8671875,84029.3203125,84060.140625,8800,62.550851632775796,77.69713537655937,73.4986119141155,89106200,675.209018789798,82627.6296875,80208.846015625,444.3905397776107,0.7984706851039127,0.0,0.00459033949997949,0.0,0.0009956285194026027,-0.65625,0.9941547039129496,0.27879996819598496,0.42072008433856345,0.06592061368026235,0.9600526058608375,0.8793398592194793,1.3504812653192158,1.9020825900177372,-0.16335354330748236,-0.6627797087099374
2025-11-17,84950.953125,84988.09375,84581.078125,84700.5,10500,65.86661630550309,93.63930386570152,81.85973783732906,89116700,657.3592674476696,82715.29453125,80250.9988671875,484.44642644970736,0.7738103496972031,0.0,-0.0032716488429628786,0.0,0.004590339499979557,0.19318181818181812,1.277224350913618,0.6531731208139757,1.0363449780423375,0.13904185994800056,0.30106993229792833,-0.10687288073024301,1.5559270326921248,1.8860717622425787,0.6712521915852488,-0.14635807114927601
2025-11-18,84673.0234375,85042.40625,84558.359375,85042.3671875,10700,61.65720697836221,82.22476769854715,84.52040231360267,89106000,644.9798108442646,82794.39484375,80293.4116796875,488.1374574440706,0.7617299874975481,0.0,0.006063859440179211,0.0,-0.0032716488429628265,0.01904761904761898,0.9873955410697217,0.0300291545156523,0.487172241895874,0.08940066049213313,-0.1840855267838241,-0.604091219950073,1.2100087297715965,1.8704822124277098,-1.0324489754485207,-0.25524349937649293
2025-11-19,85186.46875,85236.7734375,84525.9765625,84643.78125,8900,65.98238161872588,98.03943061581792,91.30116739335551,89114900,649.6810297125314,82883.9090625,80342.5131640625,526.4250712437351,0.7626575432058057,0.0,0.005238049470151326,0.0,0.006063859440179176,-0.16822429906542058,1.404656926400921,0.5954823908553528,1.126110251245094,0.1709666407427591,-0.05526807726436991,-0.586707560443752,1.3877016285281794,1.8764853128580943,1.0475012545917848,-0.3675214729337218
2025-11-20,85632.6796875,85801.703125,85201.21875,85470.921875,24300,69.23076515583854,94.60118382176795,91.62179404537765,89139200,647.220554375922,82980.81671875,80391.16953125,586.018517853212,0.7558102312549706,0.0,-0.004679963466780306,0.0,0.005238049470151385,1.7303370786516852,1.73070803420386,0.9921189355633834,0.9113372835267436,0.3524569657298074,-0.2053681429654765,-0.8973495281143529,1.919908510933245,1.8775963837290535,0.8266203090516964,0.7022577614122174
2025-11-21,85231.921875,85609.3984375,85187.84375,85347.3984375,14200,63.377169688390985,81.80048710372914,91.48036718043831,89125000,632.7645103133561,83063.42875,80434.6643359375,594.0609822298429,0.7424031940067715,0.0,-0.003885996352232319,0.0,-0.004679963466780346,-0.4156378600823045,1.2878974800003662,0.11675418711916259,0.30421525642589253,0.3309405000114699,-0.8416502167816093,-1.4382045414280733,1.4632771341185271,1.8610875214609144,-1.308935305633452,-0.5164628876317245
2025-11-24,84900.7109375,85473.46875,84710.109375,85320.0390625,9600,58.941567287254436,71.22120298650484,82.5409579706673,89115400,642.0927149338306,83132.94,80475.368828125,567.1707472573617,0.7562866174424732,0.0,-0.00369494108513336,0.0,-0.0038859963522323016,-0.323943661971831,0.8952218366110566,-0.5377401459680426,-0.17254145598100812,0.14641621883003822,-0.5391522653387277,-0.9229383849502142,1.1162963954116043,1.8377226102595319,-1.063665895514772,-0.4463088295159863
2025-11-25,84587.0078125,85110.2421875,84536.7265625,85008.9296875,6200,55.01426827124355,61.20113990257926,71.40760999760438,89109200,637.1943513671284,83193.705625,80510.801015625,514.6146643329557,0.7533004983218781,0.0,0.012088144816122673,0.0,-0.003694941085133352,-0.35416666666666663,0.49889789366328824,-1.0639811783052338,-0.5792685876129535,-0.1811122675411861,-0.8652283758822552,-1.125875704658934,0.8699565463582255,1.8015337092416495,-0.9587510057142884,-0.464802282790736
2025-11-26,85609.5078125,85644.1875,84478.1328125,84503.4375,13800,63.54137549093737,93.86104567595623,75.42779618834676,89123000,674.9700896623335,83267.80171875,80552.91484375,549.1406430750067,0.7884288870584769,0.0,0.0012951248387367898,0.0,0.012088144816122748,1.225806451612903,1.6215691303780906,0.1379590448833143,0.8858971634618957,-0.06649750880935386,0.9365132634632056,0.3709022982058718,1.2294067961970703,1.7877801125331472,2.1028832454315447,0.4054821146480125
2025-11-27,85720.3828125,86055.859375,85473.8515625,85745.046875,15800,64.33091506373978,88.55742737306608,81.20653765053383,89138800,668.3299270078811,83346.49453125,80588.5976953125,578.7776276384247,0.7796627885689088,0.0,-0.0001599495598379506,0.0,0.0012951248387367276,0.14492753623188404,1.7620870316486583,0.21044608536798418,0.6223019573567252,0.030574086577573042,0.5316585682420872,-0.13912198808028756,1.6783988680940582,1.757674618209911,-0.03673796463962248,-0.20555618910473278
2025-11-28,85706.671875,85969.890625,85577.8203125,85791.546875,6400,64.14591969320449,88.08976907539558,90.16941404147262,89132400,648.5970974001754,83413.01421875,80625.7746484375,594.3079808987823,0.7567638355461173,0.0,-0.0007557572366649548,0.0,-0.00015994955983800185,-0.5949367088607596,1.7007610416604062,0.1636874283641901,0.6173423767943502,0.058352555596598285,-0.9635888019484183,-1.4469953971118927,1.4205164786180555,1.735509346553835,-0.28390596857233424,-0.6160329459308875
2025-12-01,85641.8984375,86159.0234375,85489.6484375,86065.921875,8500,63.22097283077001,75.71844667317188,84.1218810405445,89123900,650.0812333001629,83471.97796875,80663.693359375,594.5357842406811,0.7590691532539778,0.0,-0.005880591266522857,0.0,-0.000755757236664989,0.328125,1.5028146969177947,0.04334925954384669,0.09080517215829649,0.006418181255998643,-0.8857823977606959,-1.2690434773810428,1.0551630229306377,1.7176138664120018,-0.35076041169085553,-0.06925439096480751
2025-12-02,85138.2734375,85553.5078125,85053.0,85325.5078125,5800,56.410143885463434,52.07078451368662,71.95966675408467,89118100,645.7110336001513,83514.46421875,80700.0837890625,547.7637123946915,0.7584262723793286,0.0,-0.0003695275488889902,0.0,-0.00588059126652285,-0.3176470588235294,0.7465830913560153,-0.9079781655118309,-0.9297652718459855,-0.3362415065580714,-1.147545021118375,-1.2152916304881514,0.7901509637193557,1.6974405956132506,-1.3557371072563948,-0.44172677616790434
2025-12-03,85106.8125,85269.6796875,84763.640625,85150.640625,17400,56.00425339767172,50.593539299051365,59.46092349530327,89100700,635.7344642358547,83564.0759375,80739.0588671875,502.3669008356519,0.746984225541116,0.0,0.001862457397285323,0.0,-0.00036952754888897044,2.0,0.6638672208800187,-0.9086855613745294,-0.933199173484342,-0.6276185988503494,-1.7346865522482973,-1.6694321793544262,0.12891050243835703,1.6856541237218834,-0.1456089711386172,0.8329039734698032
2025-12-04,85265.3203125,85487.2109375,84949.9765625,84987.5625,17900,57.657332281941095,46.83157180438198,49.83196520570664,89118600,628.6987435761508,83626.18296875,80783.9174609375,473.71911726846884,0.7373440236569226,0.0,0.005243009389533278,0.0,0.0018624573972854108,0.028735632183908066,0.8363081354200527,-0.6058326860420181,-1.0351990490168177,-0.7745832874308584,-2.0506861013049025,-1.9718834110725616,0.7359717177344243,1.6894273319138713,0.3291486604130487,-0.2991284652373916
2025-12-05,85712.3671875,85796.71875,85078.1171875,85125.4765625,7900,61.994591381975425,73.42740548630283,56.95083886324537,89126500,635.120373499283,83698.38828125,80831.62390625,481.53762310878665,0.7409903545306666,0.0,-0.007113088898435109,0.0,0.00524300938953326,-0.558659217877095,1.3530791839227556,0.14805315395834617,0.20834084837955377,-0.6700269492470898,-1.4916137144026713,-1.6445869091103666,0.9822783775542541,1.6987049727256465,1.0153635731544342,-0.649171993167275
2025-12-08,85102.6875,85722.96875,84875.59375,85624.84375,10700,53.88760605357867,37.15617650613049,52.47171793227175,89115800,650.2814182493341,83766.129375,80876.4425,433.54020819040306,0.7641138456988613,0.0,-0.005127996104705859,0.0,-0.007113088898435094,0.35443037974683533,0.5027438572387273,-1.1398212140098198,-1.3717383804166168,-0.9390263260249675,-0.4663345402637375,-0.547278668529399,0.5647812466750658,1.6997281157083761,-1.5447397123305655,0.008160389362221694
2025-12-09,84666.28125,84947.890625,84382.9609375,84742.8671875,8500,48.95293467185955,15.952158918956963,42.17858030379674,89107300,655.2417856958102,83836.26140625,80920.0778515625,356.18173259122705,0.7739111438720597,0.0,-0.003248138555748839,0.0,-0.005127996104705823,-0.20560747663551404,-0.07538799491760759,-1.8403422981089346,-2.0675432562631864,-1.4049272560587647,-0.10381101809497328,-0.0670688353836711,0.254586568101747,1.697396804044497,-1.0647526512732668,-0.4075168761553455
2025-12-10,84391.2734375,85020.34375,84313.6171875,84607.4921875,8800,46.08873750323859,4.20808426328891,19.10547322945877,89098500,658.9192697532524,83915.55765625,80962.049921875,269.5762440723047,0.7807907653405024,0.0,0.005058098516739781,0.0,-0.003248138555748792,0.03529411764705892,-0.4309982886811179,-2.1045321841816236,-2.239539051965905,-1.9144518177510055,0.19789518051497346,0.29729168598576683,-0.07088126347454209,1.6903562250510369,-0.6580674825937939,-0.2267375667501926
2025-12-11,84818.1328125,84906.9296875,84150.1875,84456.75,15800,50.891643177226015,33.25036654467956,17.80353657564179,89114300,665.9066210208772,84004.6215625,81006.3036328125,232.70230726606678,0.7850993637091004,0.0,0.00529985066393435,0.0,0.005058098516739884,0.7954545454545454,0.14591430039670672,-1.2768723184284145,-1.0569853120204649,-2.108186806034234,0.6854498145079319,0.5001440756117568,0.48218713204961205,1.6890214853940333,1.058400587432462,0.3215488202123152
2025-12-12,85267.65625,85320.8203125,84956.7421875,85051.03125,8200,55.398051934659186,55.62767616506761,31.028708991012007,89122500,654.2481123765289,84104.62234375,81052.946015625,237.02001210713934,0.7672875521033555,0.0,-0.000636781604982839,0.0,0.005299850663934347,-0.4810126582278481,0.7034343977417079,-0.4751451438893177,-0.17598936440585142,-2.023915183366343,-0.09997913938776912,-0.3182879795961225,0.731387561965305,1.6933277317004003,1.0424923617074628,-0.6130871349558782
2025-12-15,85213.359375,85278.6328125,84840.3203125,84891.75,10600,54.744585136430395,52.92477375345641,47.26760548773451,89111900,638.8241400639197,84189.22328125,81100.3330078125,233.3703718873876,0.7496760422889027,0.0,-0.006260755401652653,0.0,-0.0006367816049828168,0.29268292682926833,0.5833034250634881,-0.5666891388223463,-0.26870538940563987,-1.9642988368348464,-1.1202490044999522,-1.1033633395378581,0.31666208105095384,1.6985331227890161,-0.2487262178155095,-0.04870870843534459
2025-12-16,84679.859375,85059.9609375,84620.609375,85025.609375,9600,48.66977580547179,26.367104705383635,44.97318487463587,89102300,635.533130059354,84258.67703125,81147.1769921875,185.29307118088764,0.7505127367358172,0.0,-0.0014195930223224937,0.0,-0.006260755401652607,-0.09433962264150941,-0.16990939690108225,-1.4809155524242714,-1.2104583278462886,-2.179210350131673,-1.2626689439870262,-0.9935724076008173,-0.05959891824551439,1.7013156251243882,-1.368790641043893,-0.36075813166677967
2025-12-17,84559.6484375,84889.453125,84415.9765625,84856.2578125,11200,47.39361454125475,20.38299543812298,33.22495796565432,89091100,623.9576609479716,84314.06765625,81197.703203125,135.9245918959641,0.7378905571126555,0.0,-0.0009204855854802938,0.0,-0.0014195930223225295,0.16666666666666674,-0.41018610697435853,-1.6091700217369835,-1.3672451899835436,-2.282197202730511,-1.8782087000792393,-1.5044156009328555,-0.5107076879660041,1.7116891044753129,-0.4023852533528837,-0.019322298151098045
2025-12-18,84481.8125,84780.1875,84238.4296875,84518.328125,15000,46.54263707751277,16.508316772384504,21.08613897196369,89076100,618.086243201688,84365.16890625,81247.1016796875,89.48745109555603,0.7316204812742245,0.0,0.005297552949636349,0.0,-0.0009204855854803018,0.3392857142857142,-0.6363961451838605,-1.6721128590037344,-1.4916215708482032,-2.291406069163291,-2.023346701838037,-1.6677074972667048,-1.1701794486532855,1.717420144576447,-0.30168809187580775,0.25029385457583536
2025-12-19,84929.359375,85067.5,84734.9609375,84756.7890625,8100,51.89151802679342,47.32202167435328,28.071111294953567,89084200,615.7720472587104,84428.28296875,81298.686328125,87.787020826363,0.7250402590932181,0.0,0.007513505249491351,0.0,0.005297552949636408,-0.45999999999999996,-0.012842316781856558,-0.8796428119342227,-0.42314829131319853,-2.050040088000345,-1.9486123836493376,-1.8299827908049207,-1.0602068668622788,1.7272823882556048,0.9805306599184289,-0.8551190601414783
2025-12-22,85567.4765625,85601.328125,85145.859375,85145.8984375,6100,58.298502203873035,86.0772647042077,49.96920105031514,89090300,619.7860974545167,84496.19046875,81360.533203125,136.35828818437585,0.7243243839285293,0.0,-0.000498236178191608,0.0,0.007513505249491459,-0.24691358024691357,1.1683682972862641,0.08528802860844008,0.9528409621153907,-1.6108324046657865,-1.5722055694506742,-1.7066852044504877,-0.9820269815263264,1.7592103487068333,1.3873180955383477,-0.5570735429813269
2025-12-23,85524.84375,85704.9296875,85342.9921875,85690.1015625,6100,57.74518269472805,83.48801457609748,72.29576698488614,89084200,601.3683404934798,84556.6709375,81422.727734375,169.45785120635992,0.703150469647575,0.0,-0.0013579752959209587,0.0,-0.0004982361781915579,0.0,1.0558560236538543,-0.008242100803201502,0.8046699643452003,-1.3277645814088972,-2.29484905884812,-2.366326280288731,-1.460319735720967,1.7860701930454441,-0.2418938295806821,-0.193541628681432
2025-12-24,85408.703125,85738.1796875,85342.1875,85533.109375,8400,56.18084079228173,76.4343601131166,81.99987979780724,89075800,586.6986152796599,84618.3040625,81484.8216015625,184.1946344719472,0.6869307152703121,0.0,-0.004299913083360028,0.0,-0.0013579752959209657,0.3770491803278688,0.7384541797839378,-0.2253170817857426,0.5321047255950889,-1.1694387511243851,-2.6411645993650437,-2.6578603999199344,-1.9877199145350015,1.8071147900909714,-0.3736613581575401,0.29967023410844656
2025-12-26,85041.453125,85378.5078125,84937.8203125,85225.28125,4800,51.435762024192556,56.125315477976805,72.01589672239693,89071000,578.4260579382556,84678.53359375,81541.377734375,164.34516683703987,0.6801695369528125,0.0,-0.0040675935063286235,0.0,-0.004299913083359974,-0.4285714285714286,-0.16341688098694404,-0.9104639666320801,-0.19406714871012978,-1.201318706621245,-2.620525981275914,-2.5636564142041594,-2.062320927301078,1.809947926337201,-0.9581877008033342,-0.8103465118400613
2025-12-29,84695.5390625,85250.0,84637.859375,85004.75,53300,47.37682562049178,34.342206894515975,55.63396082853644,89017700,580.8342412998087,84720.33578125,81593.1549609375,119.3264260480355,0.6857908311690294,0.0,-0.00024158223356841865,0.0,-0.004067593506328571,10.104166666666666,-1.020263562103384,-1.4282327316168273,-0.9363819771093692,-1.347619476856769,-2.2535385548548255,-2.148774565910098,-3.564630426749175,1.7996837543546582,-0.8621312468379208,5.008406268336229
2025-12-30,84675.078125,84806.9921875,84470.9375,84600.9921875,6900,47.13986433831319,33.053728420814416,41.17375026443571,89010800,563.3499874569652,84744.48421875,81644.8674609375,81.0632759877044,0.6653079039683085,0.0,0.0064425501526515425,0.0,-0.0002415822335684048,-0.8705440900562852,-1.0306092416820056,-1.3703862893593002,-0.9210958565548057,-1.4348880794171068,-2.528480322426691,-2.4616123919951978,-3.0406787601833356,1.7885605913134799,-0.03051846095179277,-0.6613850441468041
2025-12-31,85220.6015625,85437.171875,84705.5703125,84793.578125,11600,53.77782105076199,67.40675873129886,44.9342313488764,89022400,577.5459704957534,84769.8525,81700.394609375,93.67876567276835,0.6777069862293644,0.0,-0.0003754960586206552,0.0,0.006442550152651494,0.681159420289855,0.23909596395079355,-0.32297484520224096,0.3744801470047393,-1.2733679229925419,-1.8196589728957255,-1.8675545500980588,-2.3067177036967044,1.7849283231774449,1.2892850964526203,0.1262116476845775
2026-01-01,85188.6015625,85451.703125,85101.5234375,85255.546875,20600,53.354569062692214,63.355350891815306,54.60527934797617,89001800,561.3055217103425,84786.3571875,81755.826015625,99.94242550384661,0.6588974480330348,0.0,0.006731020811267939,0.0,-0.00037549605862063906,0.7758620689655173,0.16069266897320666,-0.33758306585166875,0.2772571907833778,-1.1587801931100343,-2.1034691022683414,-2.139058921713865,-2.4902169269887846,1.7782074969926682,-0.08243007353604118,0.15898574715194855
2026-01-02,85762.0078125,85812.2734375,85068.8828125,85259.359375,17900,59.504862173664925,96.80618708178623,75.85609890163344,89019700,574.3116005167466,84813.07046875,81814.487265625,149.45271539423265,0.6696573636339697,0.0,-0.0037591310327626313,0.0,0.006731020811267863,-0.1310679611650486,1.5286841386734105,0.7659896895045675,1.575266972071513,-0.8506427060240265,-1.5542373468012654,-1.6836394234674614,-1.8353464952731255,1.7756393525435887,1.4014479280118037,-0.27849344146640415
2026-01-05,85439.6171875,85883.5,85315.328125,85640.046875,12600,55.10553189170009,73.01739572301716,77.72631123220621,89007100,573.8730486941218,84830.73484375,81872.5408203125,160.82189305315842,0.6716709034811555,0.0,-0.00440396914085249,0.0,-0.003759131032762597,-0.2960893854748603,0.7295047211620854,0.04564430571792067,0.6671712830808849,-0.7386579002351977,-1.451365000660002,-1.5064873641699954,-1.9388814018292402,1.7692926927327877,-0.8140973328677436,-0.3665144552131138
2026-01-06,85063.34375,85397.78125,84900.1015625,85331.140625,23300,50.420158950480804,50.144608180691364,73.32273032849824,88983800,571.4189470016846,84847.7640625,81927.0077734375,137.88052562861412,0.6717569775778826,0.0,-0.0012014943275727979,0.0,-0.004403969140852504,0.8492063492063493,-0.18279541046213096,-0.7551666848350301,-0.2055265294218914,-0.8039803684654712,-1.4093875276003462,-1.392672423655997,-2.1956759335810982,1.754335652289185,-0.9435843168295728,0.20843802323330018
2026-01-07,84961.140625,85075.9921875,84617.4921875,84620.3984375,19200,49.196587752712915,43.93191780366531,55.69797390245793,88964600,563.3533079301358,84851.41,81975.3071875,110.18227592988114,0.6630717334841993,0.0,-0.009182782643462185,0.0,-0.0012014943275727719,-0.1759656652360515,-0.4711693019742661,-0.9280228058591967,-0.4273900177473349,-0.8928936321352634,-1.5093059713274621,-1.477829281548102,-2.281043935557882,1.7281547940301192,-0.28922373550292857,-0.3285059766855705
2026-01-08,84180.9609375,84965.2734375,84110.1015625,84778.0234375,26300,41.0142884199407,3.995682724289081,32.69073623621524,88938300,584.197491292269,84842.46609375,82018.9667578125,24.989173306297744,0.693978168918748,0.0,-0.007183557223217876,0.0,-0.009182782643462173,0.36979166666666674,-2.1352615119648624,-2.1681086221096244,-1.8461710050671831,-1.280273187103548,-0.8828569513531807,-0.7038955280704122,-2.4217087581964245,1.695086976547141,-1.9463046908153758,-0.02939371059439604
2026-01-09,83576.2421875,84406.21875,83402.28125,84022.09375,12500,36.01440270757289,7.01110845224751,18.312902993400616,88925800,614.1789204856783,84814.04828125,82055.10765625,-90.28200878690404,0.734872619790433,0.0,0.0036126257845217865,0.0,-0.00718355722321784,-0.5247148288973384,-2.9181414799728556,-2.646720367750771,-1.6069722283261536,-1.7964325915963475,0.01371363743131462,0.32554337337483885,-2.3241086203214225,1.6517139227940656,-1.3861309964078086,-0.48325651125551017
2026-01-12,83878.171875,83962.328125,82861.0703125,83435.3125,9300,39.95054706464324,33.65178573736465,14.886192304633731,88935100,648.9702699152728,84803.5225,82089.9709765625,-155.47977457173693,0.7737057871056191,0.0,-0.00298628796265715,0.0,0.003612625784521706,-0.256,-2.0832701216149907,-1.8844963611526293,-0.5384795103353561,-2.0175937360968734,1.034892045262971,1.2562499876482918,-1.9577724148706603,1.611670128035758,0.9289452753507804,-0.3501973955204555
2026-01-13,83627.6875,84258.03125,83262.7890625,84079.3203125,14200,37.869245786091895,25.364268709724946,22.00905429977902,88920900,673.7039783141819,84797.30203125,82118.1875,-224.7704554621596,0.8055991962161837,0.0,-0.0029293714775982535,0.0,-0.002986287962657097,0.5268817204301075,-2.2653568752966557,-2.039824384092553,-0.8095912945382219,-2.231757198063777,1.6824745302081123,1.893435390698399,-1.9650848316296416,1.5642007622737575,-0.47192606680821425,0.054917173068900337
2026-01-14,83382.7109375,83809.9765625,83185.203125,83358.5390625,14100,35.89941822142484,17.258982968483036,25.425012471857528,88906800,670.2089396845975,84785.38640625,82145.0151171875,-296.0388291744748,0.8037744661323815,0.0,0.002250354094875221,0.0,-0.002929371477598308,-0.007042253521126751,-2.336738949129176,-2.0843577165442473,-1.0669566083201687,-2.3845234078378166,1.5160236895470918,1.735725339909382,-1.9587545147220977,1.5207014468544318,-0.48926007085614004,-0.22952223869988336
2026-01-16,83570.3515625,84134.96875,83456.5,83670.7890625,22800,38.53662961877517,23.467253942528647,22.030168540245526,88929600,676.0695734571262,84787.61046875,82176.424375,-333.5337293288467,0.8089825647694112,0.0,-0.0038790296910209913,0.0,0.0022503540948752843,0.6170212765957446,-1.8392908516962787,-1.5661118923337127,-0.7796021229855377,-2.3344904549775753,1.5754155860994141,1.7149722821929834,-1.5070364571677453,1.4923451795274727,0.6162445280413019,0.12226328245059503
2026-01-19,83246.1796875,83539.9296875,82898.3125,83494.4921875,14200,35.79658452988565,12.741714938571254,17.82265061652763,88915400,675.7816798173316,84786.31390625,82204.623125,-384.96898609562777,0.8117870181600718,0.0,-0.012801920058080743,0.0,-0.003879029691020941,-0.3771929824561403,-2.066966166491802,-1.778262990384323,-1.1267774359318363,-2.3347922262645437,1.4689112701421139,1.6385119907843937,-1.5705772204238597,1.4616694160927728,-0.6670507821429883,-0.3956739359920679
2026-01-20,82180.46875,83254.28125,82010.578125,83207.3828125,13000,28.597717846891328,4.3866266989958325,13.531865193365228,88902400,716.3474973303793,84765.59765625,82228.450859375,-505.8941311568342,0.8716760907139256,0.0,-0.0032956241503550683,0.0,-0.012801920058080785,-0.08450704225352113,-2.925330765308415,-2.4393614475864154,-1.346441875496937,-2.5781738295262877,2.2186236870010934,2.44225691191249,-1.6132187738874935,1.4262379611447888,-2.290763060871716,-0.25031860464381106
2026-01-21,81909.6328125,82407.046875,81124.453125,81794.6484375,13200,27.10582796507647,16.498675220550332,11.209005619372457,88889200,756.7936582353522,84733.08328125,82257.876484375,-616.4760246531368,0.9239373102400966,0.0,0.0048557704551118784,0.0,-0.0032956241503551142,0.01538461538461533,-2.702721247289618,-2.2907097713870037,-0.8522084144884803,-2.661572314863587,2.6768319852129134,2.796372409276958,-1.6465041755284586,1.407220296146791,-0.41678771702942924,-0.19131058027311737
2026-01-22,82307.3671875,82783.1796875,81874.390625,82459.65625,26500,32.661544305716774,24.856112863986027,15.247138261177378,88915700,767.6504728256841,84701.80421875,82286.3261328125,-664.3607942054805,0.9326631370396536,0.0,-0.009351095640645018,0.0,0.004855770455111985,1.0075757575757578,-2.0375150811998943,-1.5236144318886264,-0.5564144060277987,-2.4835861419308176,2.5029466682347885,2.5179355889586947,-1.2204636369715456,1.390091679830411,1.1698076362687777,0.3123640937553451
2026-01-23,81537.703125,82516.2734375,81471.8203125,82335.9375,19700,28.18486503577597,8.68346143365104,16.67941650606245,88896000,787.4220908381352,84643.228125,82312.5378515625,-755.7039913566841,0.9657153202255294,0.0,0.003921786182887403,0.0,-0.009351095640645068,-0.2566037735849057,-2.39581556147232,-1.8308885763413252,-1.1781718183440468,-2.4421961401836603,2.472569123579706,2.537045794612931,-1.3701926706353345,1.3724636677152124,-1.5911342175448802,-0.3509721207821756
2026-01-27,81857.4765625,82084.921875,81088.59375,81436.7890625,27000,32.33452274585345,17.84287206114842,17.127482119595147,88923000,802.3439504211256,84590.80421875,82345.001796875,-793.1481708471401,0.9801718598160281,0.0,0.0059518463732266364,0.0,0.003921786182887299,0.37055837563451766,-1.9061581978448252,-1.3028993806577316,-0.8035876188078093,-2.2547375373588734,2.3709187013998663,2.361652267145561,-0.9657857007291176,1.3729282145528154,0.9942966821508044,-0.012091817226487216
2026-01-28,82344.6796875,82503.96875,81814.75,81892.359375,33200,38.19425167524715,31.5013901216136,19.34257453880434,88956200,794.2635789624737,84546.4421875,82391.035703125,-774.5808465636364,0.9645596800870715,0.0,0.002692189718161626,0.0,0.005951846373226655,0.22962962962962963,-1.4027763154492843,-0.6622585248163539,-0.2634462966935987,-1.9738450233013023,2.024042173651435,1.9734119904170886,-0.48691717957984293,1.4071228478395938,1.3784080132909624,-0.09950642317195665
2026-01-29,82566.3671875,82689.9609375,81707.9375,82368.9609375,23500,40.71022483688989,38.11956510786655,29.154609096876175,88979700,807.6749974294398,84498.75046875,82432.7321484375,-733.522192534525,0.9782130726368163,0.0,-0.003592091399958083,0.0,0.0026921897181615417,-0.29216867469879515,-1.1469857296950279,-0.3644432731755921,0.004345249431730556,-1.6955078363710396,1.9740022495942837,1.898372896097586,-0.11607051136281521,1.432943852289679,0.717569709320623,-0.36526004615825
2026-01-30,82269.78125,82430.8203125,81941.03125,81947.3125,13900,38.45483254242358,35.60340605101541,35.07478709349851,88965800,794.6507788630513,84450.685625,82474.8453125,-716.6537812007737,0.965908462122052,0.0,-0.00733343766487771,0.0,-0.003592091399958086,-0.4085106382978724,-1.2811491131432284,-0.561652509998831,-0.10288649968844721,-1.519347790618514,1.6607067186748001,1.636168655276165,-0.2606057095327421,1.46212242363358,-0.5153118782825176,-0.4204992589085268
2026-02-02,81666.4609375,81732.25,80387.25,80555.6796875,12300,34.29281588014442,33.04787470229685,35.590281953726254,88953500,872.3565268014047,84380.28546875,82507.391328125,-743.3989108543901,1.0681943563943908,0.0,0.025379719547125135,0.0,-0.007333437664877707,-0.1151079136690647,-1.5928334860585902,-0.9339828692031438,-0.21759224297136776,-1.4717270593646432,2.2442077275322236,2.216457787391203,-0.39246052115530977,1.470393493242073,-1.1764041749542034,-0.26022201646430426
2026-02-03,83739.1328125,85871.7265625,83501.21875,85323.203125,19800,53.08050945495917,61.11581979251096,43.25570018194106,88973300,1110.4214623870187,84342.41453125,82542.4125390625,-590.5399436501903,1.326048437680098,0.0,0.0009380881418475102,0.0,0.025379719547125035,0.6097560975609757,-0.07608605942180899,0.9456708235210726,0.8006475445989049,-0.9901729130191986,3.4786663206628075,3.2558081760653192,-0.033013529555031146,1.4883988139901574,3.5871940732854752,0.11770571382356072
2026-02-04,83817.6875,83947.53125,83119.953125,83252.0625,19900,53.621763404563175,62.54812945059422,52.23727464846733,88993200,1090.2183668593746,84314.12984375,82576.27953125,-457.7823738332372,1.3007020348293128,0.0,-0.00601016119061982,0.0,0.0009380881418474818,0.005050505050504972,0.00790560861988425,0.9888880585046179,0.8269168656167999,-0.5883256153050498,2.74077000358829,2.603682828012108,0.35844288253007045,1.5065081019023583,0.19119618745984215,-0.2102600170857853
2026-02-05,83313.9296875,83784.171875,83151.6171875,83757.5390625,25000,49.66506311429446,53.36297191077658,59.00897371796057,88968200,1059.9220772622764,84282.39421875,82600.0831640625,-388.7389480640122,1.272202717166157,0.0,0.003198369720399584,0.0,-0.006010161190619812,0.256281407035176,-0.31567685650697386,0.6423386158139895,0.5469702374365718,-0.36023096158773976,2.217175617356286,2.1553103310004675,-0.000618766471385453,1.499620000711423,-0.7365013052245936,-0.0863250881109843
2026-02-06,83580.3984375,83612.1171875,82925.3515625,83249.3203125,16100,51.69549700764919,58.22157139540151,58.044224252257415,88984300,1033.2680449578281,84262.26203125,82620.94265625,-308.95825610162865,1.23625642408308,0.0,0.005807002258585039,0.0,0.003198369720399663,-0.356,-0.0676558960003514,0.8956256911957571,0.8104700888579627,-0.09956390896021289,1.8500888404421492,1.7892331114283273,0.39301724650837994,1.4869300980451765,0.5610703633710399,-0.40394797771932084
2026-02-09,84065.75,84314.6796875,83860.421875,84177.5078125,14600,55.23734557616358,67.07112261453848,59.55188864023884,88998900,1011.9118453179833,84231.386875,82643.2934375,-204.2136205914867,1.2037147653092768,0.0,0.0024762983141172236,0.0,0.005807002258584992,-0.09316770186335399,0.35780160444691406,1.2799233695736498,1.215559583019261,0.23911023973306703,1.5823048728761568,1.5053473129343853,0.8085160297340633,1.480295769431876,0.8859101123430048,-0.25623566635354494
2026-02-10,84273.921875,84482.953125,84063.46875,84210.0,45500,56.70371471784009,70.86677882033524,65.38649094342507,89044400,969.5955974381274,84202.45765625,82664.0805859375,-103.21521105400461,1.1505286283890859,0.0,-0.0004779800097561319,0.0,0.002476298314117331,2.1164383561643834,0.5565151848056439,1.3868633304063713,1.3262115729673194,0.5727103497448908,1.2472378745185688,1.1724007515669874,1.918655632567541,1.471616215853134,0.3875667046281749,0.8584991664798446
2026-02-11,84233.640625,84487.34375,84081.25,84339.1484375,23900,56.31925578485807,70.13231948696107,69.35674030727826,89020500,929.3454654782611,84172.99703125,82686.241640625,-26.122480378719047,1.1032949051978138,0.0,-0.0066329645240832185,0.0,-0.0004779800097561848,-0.4747252747252747,0.5411882598768638,1.2806835986121856,1.2136814321842144,0.8295867226974446,0.9534314187033657,0.8914674196118062,1.3596214016201804,1.4702210181887634,-0.045220762743592685,-1.0030963778537687
2026-02-12,83674.921875,84061.6171875,83516.671875,83968.4296875,36800,51.13992636608535,59.94504375275102,66.98138068668243,88983700,914.1757000869567,84133.6575,82708.55359375,-9.99465742369648,1.0925324811807082,0.0,-0.01252662134618814,0.0,-0.00663296452408324,0.5397489539748954,0.10693053564759859,0.7367108517659543,0.7579806671721077,0.8962920231711713,0.810124098082398,0.785156987677542,0.5415696487782636,1.4720550623281061,-0.8734722976372368,0.6468211482000229
2026-02-13,82626.7578125,83079.703125,82534.546875,82902.7265625,30200,43.127071162041766,40.8335743070285,56.97031251558018,88953500,930.3327929378884,84083.4271875,82720.595546875,-80.85922667632985,1.1259461433172018,0.0,0.007871428605197035,0.0,-0.012526621346188094,-0.17934782608695654,-0.7220832716858689,-0.034063044246304346,0.02680120095561627,0.7101604930815372,0.8436874730832545,0.8819469288985493,-0.11834111566864312,1.4434577348661581,-1.5612940540179265,-0.5682160510649319
2026-02-16,83277.1484375,83333.4921875,82276.953125,82480.3984375,33800,48.517423578955416,52.69232905943337,51.156982373070946,88987300,939.3475264780392,84046.83390625,82735.539375,-83.5754151030269,1.1279775353775774,0.0,0.0020871572005187874,0.0,0.007871428605197073,0.11920529801324498,-0.10870442625500758,0.5417430167443958,0.5332157485611144,0.7353051661375076,0.8378824605721382,0.834241714941661,0.726693643854779,1.4266651006295055,1.1381662970037039,-0.0016980278873931856
2026-02-17,83450.9609375,83598.0,82987.4296875,83197.671875,13400,49.88444563491472,55.861501140292276,49.79580150225137,89000700,915.8634397653221,84010.54671875,82751.58296875,-70.88567196036456,1.0974869905347784,0.0,0.0033946770572500337,0.0,0.0020871572005187744,-0.6035502958579881,0.12827061211012258,0.748515989974586,0.7964639829012444,0.8217100374143634,0.6479196389121484,0.6344005504023682,1.096428492538797,1.414123964881041,0.39902478409987663,-1.2491525491475077
2026-02-18,83734.25,83770.046875,83163.6171875,83553.59375,20800,52.116155557764934,61.02679010217759,56.52687343396773,89021500,893.7610288892276,83970.984375,82767.7442578125,-37.53719389176695,1.0673780787303018,0.0,-0.014762291117434025,0.0,0.0033946770572499396,0.5522388059701493,0.501680097630784,1.0143830283761666,1.078366730771504,0.9802107173794227,0.4653635120679107,0.433765379193348,1.5808233245054255,1.4017653531904195,0.5412230162495559,0.739673381244045
2026-02-19,82498.140625,83979.359375,82264.203125,83969.8203125,13400,43.0977187798818,38.48846103989527,51.79225076078836,89008100,952.4321161114257,83918.8934375,82776.2507421875,-109.58871028940484,1.1544891907815962,0.0,0.0038373023937471316,0.0,-0.01476229111743399,-0.3557692307692307,-0.7700630787597602,0.05154984839006847,0.03860437654645011,0.7928434425967532,0.7779689644733856,0.8339266189720433,1.2054302009563953,1.3623208533469051,-1.7494137613125256,-0.8043405820061104
2026-02-20,82814.7109375,83132.078125,82206.2109375,82272.4921875,19600,45.68974108620625,16.60066583401892,38.70530565869725,89027700,950.5346212106095,83881.86203125,82787.1189453125,-139.53698213610915,1.1477847479634085,0.0,0.005795411311188579,0.0,0.003837302393747022,0.4626865671641791,-0.35686025073766103,0.35528805363247384,-0.9383749705392487,0.7433997303926012,0.7155882361057765,0.7489671111770468,1.5591214247601484,1.3333520860564947,0.5882454344284268,0.624239425373108
2026-02-23,83294.65625,83486.1484375,82906.828125,82906.828125,20300,49.44934503238638,47.71512235217563,34.26808307536326,89048000,930.5991125527089,83859.9296875,82799.8583203125,-123.12432709138375,1.117237472905363,0.0,-0.01283076758000307,0.0,0.0057954113111886585,0.03571428571428581,0.273827745861143,0.7379253940425319,0.45993050386316414,0.8371101623483366,0.5302927635818494,0.5246745988326635,1.8342943452549625,1.3133156167136573,0.7796394470307368,-0.12019721112967
2026-02-24,82225.921875,83079.5078125,81934.7265625,83052.5390625,20200,42.40918046756667,11.407715732933417,25.24116797304264,89027800,961.2655821918012,83808.08546875,82809.3138671875,-194.1174469043035,1.1690541866506756,0.0,0.0006098859867601819,0.0,-0.012830767580003122,-0.0049261083743842304,-1.004199060609973,-0.06749978018488292,-1.319044368980232,0.5948802668669552,0.6991655910622048,0.7883046310149721,1.2937973769254507,1.2834644344863426,-1.5242493249644968,-0.22931428731169506
2026-02-25,82276.0703125,82957.90625,82132.6328125,82530.1171875,19200,42.820552284277966,13.372304772981161,24.16504761936339,89047000,951.5518575709583,83748.25375,82823.421875,-243.52622727733979,1.1565353740848163,0.0,-0.0003337657887122974,0.0,0.0006098859867602613,-0.04950495049504955,-0.880652117919534,-0.03218333951561804,-1.1619306791489075,0.4250180053989013,0.5759263644942351,0.6587169226747228,1.5675888619985816,1.2753009532763229,0.1517518648415213,-0.3259567638370302
2026-02-26,82248.609375,82579.15625,81970.46875,82418.78125,122500,42.64093396781127,12.296509403645155,12.358843303186562,88924500,927.0615463158899,83688.95875,82822.5154296875,-281.6521986262669,1.127145557062362,0.0,-0.011689217389883681,0.0,-0.00033376578871224805,5.380208333333333,-0.8563277910344325,-0.07065160985976768,-1.1702889880957048,0.29036870313023583,0.33298405355256105,0.4115376062735573,-0.9778596695125303,1.2095028711732871,0.023548902687487158,4.625194704943877
2026-02-27,81287.1875,82246.171875,81159.1484375,82220.4765625,15800,36.81799990442868,3.8471018217924975,9.83863866613959,88908700,938.6615028290406,83621.1053125,82823.2102734375,-385.00788474149886,1.1547471768893969,0.0,-0.012896693436465618,0.0,-0.01168921738988371,-0.8710204081632653,-1.8573222682082628,-0.7341689893594439,-1.5055480173457698,-0.08621171567721157,0.37549040303325204,0.5551900816083688,-1.3100640915057338,1.1558260553342754,-1.3130879407377456,-1.0097301326868349
2026-03-02,80238.8515625,80632.546875,78543.7265625,78543.7265625,30600,31.729906107240808,28.520090485723262,14.887900570386956,88878100,1067.5757481626806,83534.689375,82817.75171875,-545.2249456894351,1.3304972932359578,0.0,-0.01399152705501436,0.0,-0.0128966934364656,0.9367088607594938,-2.6097750452204735,-1.2549474289783193,-0.3877008072241674,-0.6561647756366841,1.4251220660884818,1.7667720849505726,-1.8201959100857086,1.0780551490831474,-1.3547071479312014,0.5921859848676277
2026-03-04,79116.1875,79527.40625,78443.203125,78528.8203125,21800,27.368037293927358,11.978191132117187,14.781794479877634,88856300,1119.5809402582033,83427.376875,82800.6789453125,-754.0949904983281,1.4151098221943559,0.0,0.011372020896482152,0.0,-0.013991527055014386,-0.2875816993464052,-3.0050358375649444,-1.6415513938610673,-1.1436339341186892,-1.343136039489666,1.7988981595359443,2.2400459217723325,-2.0793876395136563,0.9474208405293336,-1.3946385157632792,-0.4994701573317947
2026-03-05,80015.8984375,80303.828125,79201.6875,79530.4765625,22200,35.071358256682075,28.407711803654387,22.9686644738316,88878500,1124.4423463111887,83329.10765625,82789.10546875,-837.3741247161524,1.4052736621953756,0.0,-0.013709775449898385,0.0,0.01137202089648226,0.0183486238532109,-2.012302998803124,-0.8691771242076191,-0.44430759989302265,-1.5396852124221891,1.7387159730538515,2.007123599153019,-1.615693910168742,0.8440380997913979,1.3741752190831735,-0.23038044465569973
2026-03-06,78918.8984375,79753.03125,78812.1796875,79658.9921875,18100,30.784227029037794,8.592519629481195,16.326140855084244,88860400,1130.104946574675,83196.13609375,82773.4028515625,-980.58855608663,1.4319826669522817,0.0,-0.017140915728458973,0.0,-0.013709775449898376,-0.18468468468468469,-2.4886450975782743,-1.3823535709063208,-1.353504500097641,-1.8832334987086194,1.6751417037683818,2.014297204123922,-1.8722879963162464,0.7143880057151724,-1.361142935595637,-0.4045442281089318
2026-03-09,77566.15625,77711.3515625,76424.546875,77056.75,16600,26.484856237315853,15.11102194793054,17.37041779368869,88843800,1227.551133426484,83036.96234375,82755.3014453125,-1189.529854242006,1.582586004996843,1.0,0.008248704633987842,0.0,-0.017140915728458994,-0.08287292817679559,-2.820649411047898,-1.7780155102099653,-1.0199633564180093,-2.2916133334351865,2.3113100294058717,2.6647870933926496,-1.995714885008322,0.5608808233085694,-1.5905790713753176,-0.28346504302721226
2026-03-10,78205.9765625,78526.25,77745.46875,78375.7265625,22000,31.367280642536983,23.580064859319805,15.761202145577165,88865800,1208.4470346103064,82892.9078125,82738.3481640625,-1288.6346087313432,1.5452105935210076,1.0,-0.017163210332490374,0.0,0.008248704633987858,0.32530120481927716,-2.1709505892707033,-1.2832752730217862,-0.6669567084299346,-2.319725907446711,1.962918330955048,2.1666106751684593,-1.5759665625106276,0.39797506034301916,0.9961244138814579,0.06464985165415985
2026-03-11,76863.7109375,78324.3671875,76759.2578125,78238.90625,16400,27.27480994950389,5.813037219653036,14.834708008967779,88849400,1233.9229160667132,82729.35296875,82717.9067578125,-1458.6708097274968,1.6053387235883652,1.0,-0.010789084372654318,0.0,-0.017163210332490353,-0.2545454545454545,-2.4861272651506034,-1.6693882281658288,-1.4554189308553926,-2.4545816466528865,1.9890711696632721,2.250327963997659,-1.7179877820169718,0.18247829048841752,-1.5121915834873512,-0.4358721808397079
2026-03-12,76034.421875,76681.7109375,75871.1796875,76369.6484375,22700,25.096249179238114,2.1437013448019733,10.512267807924923,88826700,1216.680654204805,82556.130625,82689.4734765625,-1641.421139599377,1.6001708492043494,1.0,-0.01933992478324476,0.0,-0.010789084372654356,0.38414634146341453,-2.4659529936959315,-1.7584839366760407,-1.5157579891282786,-2.5190338109743062,1.7212260282017302,2.0161401242454584,-1.873366388479376,-0.14283264123847772,-0.8182473231128508,0.13110873251160696
2026-03-13,74563.921875,75576.203125,74454.6015625,75444.21875,18500,21.774944102213112,1.2104273388937041,3.0557219677828904,88808200,1242.6192012258903,82353.9075,82651.4108203125,-1883.2007867685024,1.6665153468040945,1.0,0.012592278730644491,0.0,-0.019339924783244755,-0.18502202643171806,-2.6014870300819264,-1.8975830635360664,-1.4456472633862933,-2.596623346347164,1.7956916336071451,2.141711552558048,-1.9222098527759404,-0.623155516135876,-1.5384990058800168,-0.3818781917441598
2026-03-16,75502.8515625,75805.2734375,73949.7578125,74415.7890625,16700,28.299829187434696,17.011350256031108,6.788492979908914,88824900,1286.397517209755,82159.5525,82621.1669140625,-1976.267933704221,1.7037734212527016,1.0,0.00752279120252598,0.0,0.012592278730644502,-0.0972972972972973,-2.0075481598815004,-1.215769806960097,-0.7368535826531278,-2.4058818917771227,1.9944108075102978,2.1149914026349728,-1.5613217618989879,-1.0808034285035248,1.4255069803469442,-0.3139252888909691
2026-03-17,76070.84375,76304.2578125,75324.7265625,75826.6796875,35200,31.99522020222213,23.5463031300654,13.922693574996723,88860100,1264.478498123344,81977.19734375,82594.95953125,-1981.3522995803069,1.6622380346916346,1.0,0.008324990644000843,0.0,0.007522791202525969,1.1077844311377247,-1.658973002783361,-0.8622948672506927,-0.44540959064599867,-2.146078894653043,1.6788803245912765,1.7426647584460484,-1.0448105955183546,-1.5076732561465314,0.8997661912005797,0.7282569315133108
2026-03-18,76704.1328125,77000.21875,76187.921875,76367.546875,19300,35.958425051143536,31.91850532744624,24.1587195711809,88879400,1240.5425339716767,81796.03984375,82570.315078125,-1912.2374781204999,1.6173085966620995,1.0,-0.0325522306745002,0.0,0.00832499064400083,-0.4517045454545454,-1.3465058018763294,-0.45335127294924854,-0.05262025808889153,-1.8452598525533743,1.4093976119542813,1.4237583732932058,-0.7545365852241288,-1.8583736595095333,1.1403357184719178,-0.6292758997605441
2026-03-19,74207.2421875,75354.1796875,73950.953125,74750.921875,31000,28.825519945890264,3.1035622506335097,19.52279023604837,88848400,1348.5880449379854,81571.39234375,82534.09625,-2035.4779672545992,1.8173267260498616,1.0,0.004389312153347567,0.0,-0.03255223067450019,0.6062176165803108,-1.9369707154727613,-1.0497696360179942,-1.214157680947025,-1.8315428440086154,2.0071733621427192,2.0920396342595855,-1.070555422659394,-2.207988298966417,-2.554360308930175,0.2921816325434146
2026-03-20,74532.9609375,75286.390625,74385.0390625,74559.3828125,19000,30.75518083299336,8.726941993016109,14.58300319036527,88867400,1329.342358692415,81360.7846875,82499.8923046875,-2082.854313815449,1.7835630598483025,1.0,-0.02464104859647352,0.0,0.004389312153347591,-0.3870967741935484,-1.6794007811311542,-0.8113824754739887,-0.9080287575602615,-1.7256926568877968,1.7110861911997992,1.7683963197721815,-0.786194363216153,-2.3864192169018583,0.7122899832487952,-0.5670178710751097
2026-03-23,72696.390625,73732.578125,72558.4375,73732.578125,19300,26.40770793981126,1.781099645958786,4.537201296536121,88848100,1375.4267214643855,81115.4896875,82459.68671875,-2242.743336034735,1.8920151463357273,1.0,0.01887387376737454,0.0,-0.024641048596473536,0.015789473684210575,-1.989693412021052,-1.143394576313379,-1.1329239268683655,-1.7570853286698491,1.825718119785566,1.9732541875055132,-0.9596233356621076,-2.493533913687549,-1.6968824782113954,-0.2234341423032894
2026-03-24,74068.453125,74489.390625,73084.4609375,74212.46875,20700,33.92259713071424,19.49566778628418,10.001236475086344,88868800,1405.2533842169294,80913.23953125,82425.037734375,-2233.001905169105,1.8972360362992653,1.0,0.01626873451733099,0.0,0.018873873767374594,0.07253886010362698,-1.4929881664545637,-0.3824931296447189,-0.3081565600622463,-1.6005448867069785,1.8197032896121124,1.8041947324311718,-0.6577063086226036,-2.4666247128389784,1.84863375983994,-0.178264242617101
2026-03-25,75273.453125,75849.7578125,74550.46875,74652.0078125,31000,39.74229787772366,37.73688576926251,19.671217733835146,88899800,1432.1141915942915,80747.18375,82394.1948046875,-2103.7970587055024,1.9025488165344366,1.0,-0.02245458796998693,0.0,0.016268734517330907,0.4975845410628019,-1.0936290681206158,0.2649079374353532,0.6257962213188929,-1.3429780195370564,1.7941152604853507,1.6676240167409506,-0.22609390851165384,-2.38103630756154,1.5408201947665694,0.25912729198651663
2026-03-27,73583.21875,74904.90625,73534.40625,74883.7890625,28800,35.07571685590602,17.171807090118868,24.801453548555173,88871000,1454.0379546946992,80541.2846875,82351.1659375,-2113.4268065336655,1.9760455976175941,1.0,-0.022228870967947432,0.0,-0.022454587969986894,-0.07096774193548383,-1.4511531312958323,-0.16471469099372005,-0.3355261740708401,-1.2634336120482836,1.7503327806067461,1.75385053014326,-0.5458490979046171,-2.3579954484842367,-1.3495168155446693,-0.28490357104483105
2026-03-30,71947.546875,73165.3203125,71774.1328125,72565.21875,26600,31.251436200405493,2.568291658519145,19.158994839300156,88844400,1479.3985248950778,80307.681875,82298.6776171875,-2227.367792079589,2.0562181605237364,1.0,0.016494981261305164,0.0,-0.022228870967947456,-0.07638888888888884,-1.7427515880886526,-0.5499576230014296,-1.0849862252443567,-1.3037801190587728,1.7303010952884645,1.8390136735645155,-0.8377083566095185,-2.358874209774238,-1.257369398618759,-0.27077781529382494
2026-04-01,73134.3203125,73964.578125,72971.6796875,73762.4296875,20600,36.64848701326964,20.76547833450616,13.50185902771471,88865000,1517.8008624025722,80102.7140625,82252.390625,-2196.5833009308844,2.0753605911931228,1.0,0.002532690010771063,0.0,0.01649498126130511,-0.22556390977443608,-1.329803310431372,0.12168945965565682,0.0009287823397362613,-1.1863130536906976,1.7661611009195914,1.7387492920820644,-0.5274092166854266,-2.3036414353858743,1.438668566878125,-0.4089644252544007
2026-04-02,73319.546875,73568.5390625,71545.8125,72262.046875,33000,37.47353064491412,32.519293461135206,18.61768781805349,88898000,1553.8669838381027,79897.69796875,82206.41265625,-2132.656201159887,2.1193079472889234,1.0,0.010737991723301959,0.0,0.002532690010771166,0.6019417475728155,-1.201528653910064,0.2779668309744945,0.7753154052617461,-1.0427466155275538,1.7809087902674066,1.7189350459910817,-0.052506343059044405,-2.2425852331330933,0.4732370477215909,0.35066080678482303
2026-04-06,74106.8515625,74207.4609375,72728.65625,73477.53125,14000,40.9912454533746,46.95358110701783,33.412784300886386,88912000,1548.505391242524,79714.91140625,82168.48703125,-1995.4621598731028,2.0895576570764853,1.0,0.0068782649883608726,0.0,0.01073799172330192,-0.5757575757575757,-0.9343386622255018,0.8016638283068541,1.7606777367504447,-0.8245983308602792,1.6245874241645542,1.515933528344824,0.1825672365649377,-2.1510052282048684,1.0189834228278927,-0.7520270447022961
2026-04-07,74616.578125,74686.3203125,73282.40625,73734.359375,13400,43.218563362954924,56.29880658412637,45.25722705075979,88925400,1538.1774391894867,79563.63359375,82135.9769140625,-1824.571693367805,2.061441944727999,1.0,0.03948613547466936,0.0,0.0068782649883609714,-0.042857142857142816,-0.7453818183671594,1.2272975615738948,2.4424358806275563,-0.568212762718369,1.4756745267285307,1.3464684686033404,0.43645806696523154,-2.052510868742668,0.7374363375788062,-0.2349448468473659
2026-04-08,77562.8984375,77635.5390625,77042.1484375,77290.6328125,27600,54.02162303221898,98.80716113844397,67.35318294319605,88953000,1643.947689068809,79476.69890625,82114.8106640625,-1434.8562124207092,2.119502651636334,1.0,-0.012006384737548186,0.0,0.03948613547466939,1.0597014925373136,0.13563498926752868,2.476675661219363,3.7424063630303723,-0.026534322626725854,1.8198665937219662,1.4184367607885375,0.9017429965795513,-1.929943869505989,2.548940376514017,0.7494524210200291
2026-04-09,76631.6484375,77429.328125,76347.8984375,77319.328125,35500,50.73592967079189,83.51501311763536,79.54032694673522,88917500,1613.3085684210369,79363.18453125,82090.052421875,-1187.4596821924206,2.1052771293792993,1.0,0.01198723479437092,0.0,-0.012006384737548226,0.28623188405797095,-0.08096476839971536,1.9516172910005918,2.5406032607435436,0.36118111799532604,1.5607856920864436,1.2931169070511526,0.4494889611625028,-1.8418735919499876,-0.5856150113700739,0.03438394782496846
2026-04-10,77550.25,77622.5,76851.15625,77121.0078125,16200,53.72574532913635,98.59945989980564,93.6405447186283,88933700,1568.8473537123914,79283.43546875,82070.580390625,-906.8194306495425,2.0230074741375965,1.0,-0.009060959668086177,0.0,0.011987234794371027,-0.5436619718309859,0.28182162982554093,2.2265412161756797,2.7196088062079755,0.8250928565915349,1.278897414503359,0.9899383689743271,0.8817953683895633,-1.7511489859147276,0.8650072592973516,-0.7151441561796645
2026-04-13,76847.5703125,77063.40625,75868.3203125,75937.15625,19300,51.16760641041017,87.06068750521177,89.72505350755091,88914400,1576.9246632686493,79183.23734375,82048.00890625,-732.6646852168051,2.052016292585567,1.0,0.01644387545190159,0.0,-0.009060959668086177,0.191358024691358,0.11495919205140818,1.7934178835330068,2.0371287186383142,1.150600014182853,1.2435842125905934,1.021061980458195,0.6775213046239443,-1.6856153887692484,-0.42338635441491496,-0.04183146156305487
2026-04-15,78111.2421875,78270.421875,77849.5234375,77981.1015625,15800,55.29050840093605,97.63287830380482,94.4310085696074,88930200,1565.9194417851743,79098.56859375,82026.5242578125,-487.06347087245376,2.0047299184236573,1.0,-0.001569076314338955,0.0,0.016443875451901624,-0.18134715025906734,0.6577962994247659,2.0704339281287245,2.1218553109092286,1.568722165908378,1.131737695032054,0.8213915885830568,1.4111192247805429,-1.6281883389680516,1.0782114143962076,-0.38202501629355196
2026-04-16,77988.6796875,78730.3203125,77674.9296875,78677.5625,33900,54.80718208001164,89.67722432273436,91.45693004391696,88896300,1529.4530977290904,79007.01484375,82006.9837109375,-298.86735170384054,1.96112192674321,1.0,0.006473495602476761,0.0,-0.0015690763143390019,1.1455696202531644,0.7267422356108426,1.8649246386512397,1.7026568865222027,1.8637751200511965,0.9082222837421151,0.6302657486100474,0.5198352986657587,-1.5735658065721092,0.003999835426980757,2.0445617828258116
2026-04-17,78493.5390625,78553.453125,77726.2265625,77976.1328125,14200,56.49425543550844,96.70428015141086,94.67146092598334,88910500,1479.2940594984411,78931.49,81989.175859375,-107.7406717089907,1.8846061435968156,1.0,0.000340891910590173,0.0,0.0064734956024767865,-0.5811209439528023,1.0419092543419015,1.8462074205830556,1.745199275572317,2.086425805562615,0.5970563518920718,0.29080123029289084,0.9155201709059944,-1.522617980591888,0.4498643569435076,-1.3647322116326093
2026-04-20,78520.296875,78942.453125,78203.296875,78632.8984375,13200,56.58675754409864,94.29259482239614,93.5580330988471,88923700,1426.4270731056952,78868.56671875,81967.9998046875,45.364793918968644,1.8166348445886402,1.0,0.00959027512591788,0.0,0.0003408919105902797,-0.07042253521126762,1.122946547305551,1.6910242006461664,1.5431266622027664,2.1672272098696386,0.23091796158688932,-0.05439938876166448,1.2101310181300142,-1.4904191712315813,0.056272229224755436,-0.2897492934821299
2026-04-21,79273.328125,79367.078125,78522.9609375,78617.15625,10900,59.214926907758155,98.80134489103226,96.59940662161307,88934600,1385.0238000267168,78779.250625,81945.587109375,224.8731097936543,1.747149807868265,1.0,-0.009547169967515477,0.0,0.009590275125917813,-0.1742424242424242,1.4634894285312805,1.7583461889116279,1.5350239994038866,2.203082476948799,-0.08678700330491822,-0.43040415465837034,1.3955460971023481,-1.4668263940457558,0.5716774632166224,-0.5191229903535993
2026-04-22,78516.4921875,79031.03125,78442.296875,79019.34375,16900,55.57349443676923,89.12470208426146,94.07288059922995,88917700,1345.452903596237,78673.22671875,81917.875078125,302.5764949114964,1.7135927320635398,1.0,-0.01085749202172991,0.0,-0.009547169967515479,0.5504587155963303,1.179917589300882,1.3397228833863475,1.1921005559693272,2.095384036932998,-0.4189933670029267,-0.6789471801369348,0.8995510199955057,-1.4649342518143276,-0.5521370757871586,0.9619167193172312
2026-04-23,77664.0,78178.5390625,77574.1796875,77983.65625,24900,51.71571873814899,78.22503151464058,88.71702616331142,88892800,1316.6571604822202,78560.228125,81888.1627734375,292.00197547490825,1.6953249388162086,1.0,-0.012873262547641122,0.0,-0.01085749202172992,0.47337278106508873,0.8109231733879099,0.9494169219031066,0.8473298786562206,1.9036588522963789,-0.7049707977863586,-0.8718417379837098,0.22167031298327947,-1.4721738589741353,-0.6406950304998984,0.7523621230923894
2026-04-24,76664.2109375,77710.8203125,76403.8671875,77483.796875,14100,47.547066630252736,59.284492031473974,75.54474187679199,88878700,1315.964015090633,78421.904375,81852.9973828125,200.63418488527532,1.716529784886802,1.0,0.008340552484408723,0.0,-0.012873262547641096,-0.4337349397590361,0.3396910257668269,0.5514919495477006,0.3138117474110195,1.6583490942675958,-0.7499151332006952,-0.8054174641525724,-0.18317223315036638,-1.4988533307351808,-0.7793281648264783,-1.0842143974571454
2026-04-27,77303.6328125,77420.0390625,76754.203125,76856.046875,21200,50.30599773289098,66.08781286994214,67.8657788053522,88899900,1275.9543086555877,78286.66203125,81822.467109375,177.7713169317576,1.6505748335921233,1.0,-0.005390775922662917,0.0,0.008340552484408681,0.5035460992907801,0.6790525985424716,0.7354880769410123,0.4584584396060234,1.5138663128140752,-1.0965369287294426,-1.221726517824838,0.3558808217094511,-1.5118426135943144,0.531488331120807,0.8052914075235331
2026-04-28,76886.90625,77493.53125,76741.0625,77094.7890625,16800,48.514998204202634,29.1127877974549,51.49503089962366,88883100,1238.5624830373313,78138.92171875,81790.704296875,124.58978500883677,1.610888698018502,1.0,0.007926617869346252,0.0,-0.005390775922662905,-0.2075471698113207,0.47027473985132373,0.5333458582538378,-0.5579071406557151,1.3568530499854956,-1.390847295437203,-1.4488789248036833,-0.12841135262452236,-1.5314044582760056,-0.34739182008106206,-0.6354446010641299
2026-04-29,77496.359375,77982.5078125,77136.203125,77245.828125,17900,51.2486080668177,46.53191646142269,47.244172376273234,88901000,1228.3509887132361,78004.17609375,81761.021640625,130.12085931414913,1.5850434763900627,1.0,-0.007521119439683356,0.0,0.00792661786934623,0.06547619047619047,0.7431013240435826,0.7206833278936899,-0.12901552335921362,1.2688766690412925,-1.4804537254923107,-1.5847977322180555,0.30921005261145423,-1.5450699414964408,0.45319197286190294,-0.06164611589394874
2026-04-30,76913.5,77254.328125,76258.859375,77014.2109375,27900,48.59141269512883,29.872878990534588,35.17252774980404,88873100,1229.0044895194335,77868.94765625,81728.376640625,86.47555873495003,1.5979047755198157,1.0,0.0046272557808447155,0.0,-0.007521119439683366,0.558659217877095,0.41838319704743876,0.4272082908193545,-0.640076621896575,1.1440661463555215,-1.464169921849073,-1.4740872137848164,-0.6181015042622569,-1.567766594596574,-0.5613397131043506,0.8844202507021061
2026-05-04,77269.3984375,77910.75,76939.5390625,77257.2734375,69200,50.28638926372905,40.04501597665243,38.81660380953655,88942300,1212.4505974109027,77761.80046875,81696.16109375,79.68580476280476,1.569121310542625,1.0,-0.003256261600166544,0.0,0.0046272557808446635,1.4802867383512543,0.5638149694106088,0.541833532028817,-0.37519765324153054,1.0631783949386164,-1.5348642055096857,-1.5591849755909515,1.539885382487397,-1.5889734579001014,0.24443306088334713,2.3682686996593363
2026-05-05,77017.7890625,77151.328125,76515.03125,77103.71875,14500,49.054996217662485,24.416868584297678,31.444921183828217,88927800,1179.7303538458382,77636.61328125,81663.5696484375,53.386693476801156,1.5317634642673086,1.0,0.012214507667009154,0.0,-0.0032562616001665656,-0.7904624277456648,0.42212134185787126,0.37016770362703,-0.8340362717645462,0.9707535110538339,-1.7077025303462534,-1.6803413804404232,0.9875722660547962,-1.6126684081267222,-0.24753061438654111,-1.6372383851747356
2026-05-06,77958.5234375,78022.78125,76773.25,77424.359375,15000,53.62728493354056,54.682897157737045,39.71492723956237,88942800,1184.716132142564,77526.76453125,81637.410859375,107.21791889685846,1.519674924438969,1.0,-0.0014623160492693882,0.0,0.012214507667009045,0.034482758620689724,0.8559476536631394,0.7908275754815977,0.030361390827611454,0.9567854588445049,-1.6241032912529128,-1.6831690106303239,1.3843478355411358,-1.6166354660591546,0.7524919676635407,-0.16964778791473126
2026-05-07,77844.5234375,78384.703125,77713.2109375,78339.2421875,21500,53.006439909453135,51.01520163276796,43.37165579160088,88921300,1148.0572789538094,77408.97,81614.1311328125,139.0775066886854,1.4748080253526947,0.0,-0.006632912820316217,0.0,-0.0014623160492693854,0.43333333333333335,0.7464776659708248,0.6766786275650615,-0.13009993209740273,0.9240803971302899,-1.7436833466228423,-1.7492987910231177,0.6270595061104495,-1.6120618230655994,-0.2246806733188736,0.5845978911417672
2026-05-08,77328.1875,77647.4375,77146.4296875,77631.9375,13200,50.17321216229554,34.40324542794808,46.700448072817686,88908100,1115.9170268856801,77305.5709375,81589.504765625,121.2646017484949,1.4430921801777394,0.0,-0.016978365747936354,0.0,-0.006632912820316195,-0.38604651162790693,0.4514409328313396,0.30864362467219203,-0.6865622579691191,0.847984223731472,-1.8078454790672698,-1.7456677009812125,0.12781596258086508,-1.614924149257693,-0.5640377582262479,-0.9457672693541535
2026-05-11,76015.28125,76678.5234375,75957.3984375,76638.09375,23900,43.76720128309149,1.6976026432101623,29.038683234642054,88884200,1134.1221722867028,77169.58234375,81556.726640625,1.1934272027865518,1.4919660279316573,0.0,-0.019154557327905698,0.0,-0.01697836574793632,0.8106060606060606,-0.272743792232298,-0.5767558201695135,-1.72083407338965,0.6774758455625776,-1.5657275885873696,-1.4136213987233281,-0.8148950479898416,-1.6466932442382385,-1.3562098106144373,1.2078443403882444
2026-05-12,74559.2421875,75741.9609375,74449.5,75688.390625,15200,37.9762277156815,2.3953167950125844,12.83205495539026,88869000,1164.9549635519384,76994.8740625,81516.35046875,-209.04429490229813,1.5624554775145574,1.0,0.0006670450710178766,0.0,-0.01915455732790572,-0.36401673640167365,-1.0638300150752689,-1.4035976830116181,-1.637936857942183,0.4124067013969409,-1.2867690441973532,-1.0395749515900101,-1.3916776521272602,-1.703412393767202,-1.4119132425250638,-0.8905244181219437
2026-05-13,74608.9765625,75191.5703125,74134.4765625,74439.34375,18200,38.27664206498577,11.164110736743813,5.085676724988839,88887200,1157.2505911553712,76842.53515625,81478.099140625,-367.41077324782964,1.5510876096604025,1.0,0.010585082705677276,0.0,0.00066704507101778,0.19736842105263164,-1.0147842819362485,-1.3443068796954014,-1.305958784482682,0.19067370611118373,-1.2443998646951335,-1.0217429920237666,-0.6807109879244111,-1.7480184371441667,0.06506690209077795,0.13574201603062172
2026-05-14,75398.71875,75681.8828125,74526.7734375,74947.1171875,35800,42.99799017082683,29.74528931362115,14.434905615125835,88923000,1157.0976471442732,76704.988125,81446.3041015625,-424.30067980632884,1.534638341774572,1.0,-0.002131688245697146,0.0,0.010585082705677262,0.9670329670329669,-0.6525684687959878,-0.7783470325764291,-0.7700034512569409,0.06791592193535546,-1.163489556327276,-1.0205872794868127,0.6156717745928202,-1.761667126760301,0.750618872086605,1.414342810085184
2026-05-15,75237.9921875,75870.359375,75139.40625,75497.1015625,15200,42.289014963982126,25.963689435673466,22.291029828679466,88907800,1126.6587527053966,76564.77578125,81411.49234375,-476.85870070195233,1.4974598868848856,0.0,0.0010240421462602578,0.0,-0.0021316882456970943,-0.5754189944134078,-0.9011207830096519,-1.030197241484662,-0.9379933213278825,-0.06914991415130356,-1.2446380447092347,-1.1008573479860457,-0.05786645259936783,-1.7775051058937157,-0.3035409429133948,-1.2193981740500957
2026-05-18,75315.0390625,75466.6015625,74180.2578125,74807.96875,16100,42.776108466272476,27.7764604460424,27.828479731778987,88923900,1138.0648239407253,76445.3328125,81377.1334765625,-506.45616065489594,1.5110724738472285,1.0,-0.0015161314582236595,0.0,0.0010240421462601734,0.05921052631578938,-0.9711982397112953,-1.0369845375954623,-0.8952115268020403,-0.19930033606486047,-1.1033392006276004,-0.9793058841916576,0.5904667617396107,-1.783358548309855,-0.0019491700953871212,-0.1552531436510848
2026-05-19,75200.8515625,75746.2734375,75115.9921875,75441.2734375,13100,42.20752793465353,25.089838960790694,26.27666294750217,88910800,1101.794568659245,76344.5728125,81339.50453125,-532.9824479610106,1.4651357607879416,0.0,0.0015630017487542995,0.0,-0.0015161314582237129,-0.1863354037267081,-1.179837045359298,-1.2082181258370335,-0.9656566319786969,-0.35548519942078194,-1.2204114441680252,-1.1102373908493963,-0.033741099696118146,-1.792629129764437,-0.20499395005100415,-0.5343681379461979
2026-05-20,75318.390625,75406.1796875,74529.40625,74806.4921875,11500,43.04671319369519,27.85531653643464,26.907205314422566,88922300,1085.721630719299,76268.616875,81305.175625,-538.3149421699345,1.441509333523812,0.0,-0.0017928058324068843,0.0,0.0015630017487542336,-0.12213740458015265,-1.1806156882421581,-1.0919622526128263,-0.8488635904047905,-0.5140003782846924,-1.2259802471856045,-1.1471196829252948,0.48228395842925276,-1.7835864197447253,0.08176152963568542,-0.460108933810423
2026-05-21,75183.359375,75945.7890625,74996.78125,75732.421875,20600,42.28703345589042,24.678280018160798,25.874478505128696,88901700,1075.956357989349,76171.96609375,81273.776953125,-547.1299026792549,1.4311097122206093,0.0,0.0030856853089374207,0.0,-0.0017928058324069296,0.791304347826087,-1.3277704564129764,-1.2119488826943854,-0.9014414208907771,-0.7265004402625077,-1.1997215835844224,-1.1289054958883875,-0.43531311812242296,-1.7617368455610687,-0.18116311143749372,1.0815796931132138
2026-05-22,75415.3515625,75810.96875,75230.75,75260.390625,9400,44.11191032652974,30.13662874589406,27.556741766829816,88911100,1043.9315734901097,76101.89515625,81246.39859375,-529.2946128768381,1.3842427991931563,0.0,0.014235952664229815,0.0,0.0030856853089373804,-0.5436893203883495,-1.0740805553620303,-0.8363860614766451,-0.6819823397915391,-0.8662870913485938,-1.3220038724523515,-1.2933106116479967,0.07068419568584997,-1.7283761054507125,0.4410509266143585,-1.1594058253017134
2026-05-25,76488.9609375,76559.0703125,76097.0234375,76135.8203125,11600,51.72014264382117,55.39667922114446,36.73719599506642,88922700,1051.0592289551018,76080.35125,81222.1536328125,-423.6451950786286,1.3741319218781574,0.0,-0.006265712158014631,0.0,0.014235952664229723,0.23404255319148937,-0.24800575913506145,0.4820342846084893,0.14321836237054028,-0.7464933335024139,-1.23001176481301,-1.3028462091391633,0.6378799541025021,-1.6879382798977671,1.552366264130236,0.21708806685514273
2026-05-26,76009.703125,76627.0390625,75909.6796875,76224.140625,11500,48.54326098713204,44.12062592251516,43.217977963184545,88911200,1027.223525101166,76036.42578125,81194.7928515625,-374.27496167458594,1.3514373597958529,0.0,-0.0018669491415672465,0.08038,-0.006265712158014636,-0.008620689655172376,-0.5753551846513817,-0.04052058153550752,-0.1660894070501724,-0.7098982707226092,-1.3172143817111064,-1.364227333576981,0.10664861881593145,-1.6630647596533328,-0.6287902223603831,-0.24900744222096904
2026-05-27,75867.796875,76224.6796875,75748.2109375,75939.859375,26000,47.61073021615166,49.34072263648676,49.61934259338212,88885200,987.8838983082254,76016.5075,81168.2039453125,-342.64949434464506,1.3021122781987011,0.0,-0.014394179513335183,-0.1520603570493062,-0.0018669491415672645,1.2608695652173911,-0.6539490128814,-0.18421265070336315,0.051471698066259314,-0.6885574016972845,-1.517609552140054,-1.5978508306830914,-1.1423444388816661,-1.6386323568500025,-0.1673657461035887,1.8573561322853818
2026-05-29,74775.7421875,76220.0234375,74589.109375,75988.5078125,19500,41.0718155238891,25.206517666857064,39.555955408619646,88865700,1033.8146243219237,75991.33390625,81139.083125,-401.08234265485953,1.3825534780111388,0.0,-0.006798975478239883,-0.0448566668574015,-0.014394179513335215,-0.25,-1.3779067044873083,-1.2495922450131094,-0.7270714169022554,-0.9020358391564471,-1.1871894931258533,-1.1196204032563026,-1.9127340384042026,-1.6256479590979365,-1.5107230243741017,-0.6969579942390067
2026-06-01,74267.34375,75367.9296875,74203.6796875,75203.0234375,13500,38.42593758451881,5.330545873975076,26.62592872577295,88852200,1043.1314368703577,75985.40234375,81105.32625,-482.8483260300418,1.404562738074711,0.0,0.005150312111438616,0.0690639653269449,-0.0067989754782399325,-0.3076923076923077,-1.6164981008913737,-1.5833883680927048,-1.3585254902879536,-1.136032739334137,-1.1017890539068886,-0.9668107290909805,-2.2557512624200173,-1.629921491413115,-0.6022497083577886,-0.7430781352375989
2026-06-02,74649.84375,74862.1875,73815.1171875,73945.203125,19300,41.48042930166321,29.68526863855348,20.074110726461857,88871500,1043.4127851296178,75968.3421875,81075.02421875,-510.8946283777768,1.397742758342502,0.0,0.0,0.171735260793079,0.005150312111438682,0.4296296296296296,-1.258305787312001,-0.9969158471318956,-0.4186187339550335,-1.155983586115939,-1.0795507676972596,-0.9947478803925597,-1.3255091532837797,-1.6242524650424828,0.7885699198457786,0.5084511842477257
